2025-08-27 10:39:11.015,-9.692128,-1.2658032,0.2865405
2025-08-27 10:39:11.047,-9.701699,-1.2233306,0.23389842
2025-08-27 10:39:11.081,-9.649655,-1.1946167,0.32482567
2025-08-27 10:39:11.113,-9.697512,-1.2143575,0.21415763
2025-08-27 10:39:11.147,-9.707084,-1.2191432,0.23808585
2025-08-27 10:39:11.179,-9.702297,-1.1952149,0.276371
2025-08-27 10:39:11.212,-9.687941,-1.1760724,0.26739794
2025-08-27 10:39:11.244,-9.673584,-1.1904292,0.25782663
2025-08-27 10:39:11.276,-9.697512,-1.1712867,0.24825534
2025-08-27 10:39:11.307,-9.673584,-1.1856437,0.30987054
2025-08-27 10:39:11.34,-9.6783695,-1.2047862,0.2434697
2025-08-27 10:39:11.372,-9.71127,-1.2335001,0.28115666
2025-08-27 10:39:11.405,-9.692726,-1.2143575,0.2620141
2025-08-27 10:39:11.438,-9.692726,-1.1904292,0.2428715
2025-08-27 10:39:11.471,-9.692726,-1.1623136,0.23389842
2025-08-27 10:39:11.505,-9.702297,-1.1240284,0.22432712
2025-08-27 10:39:11.537,-9.688539,-1.1144571,0.26261228
2025-08-27 10:39:11.57,-9.692726,-1.1288141,0.2434697
2025-08-27 10:39:11.601,-9.697512,-1.1575279,0.21954148
2025-08-27 10:39:11.634,-9.706485,-1.2143575,0.27158538
2025-08-27 10:39:11.668,-9.697512,-1.1288141,0.17766708
2025-08-27 10:39:11.7,-9.669396,-1.166501,0.31046873
2025-08-27 10:39:11.734,-9.683155,-1.166501,0.22911277
2025-08-27 10:39:11.766,-9.702297,-1.1335998,0.22971097
2025-08-27 10:39:11.799,-9.707084,-1.1096715,0.23030917
2025-08-27 10:39:11.832,-9.697512,-1.1330016,0.22971097
2025-08-27 10:39:11.864,-9.687941,-1.1617154,0.25842485
2025-08-27 10:39:11.897,-9.682557,-1.1521441,0.21535404
2025-08-27 10:39:11.93,-9.692726,-1.2000005,0.28594232
2025-08-27 10:39:11.963,-9.682557,-1.2335001,0.22372891
2025-08-27 10:39:11.995,-9.6783695,-1.2520444,0.28594232
2025-08-27 10:39:12.029,-9.687941,-1.2472588,0.28594232
2025-08-27 10:39:12.063,-9.687941,-1.2000005,0.23868406
2025-08-27 10:39:12.095,-9.6682,-1.204188,0.253041
2025-08-27 10:39:12.128,-9.701699,-1.1760724,0.23449662
2025-08-27 10:39:12.159,-9.683155,-1.1335998,0.2536392
2025-08-27 10:39:12.193,-9.687941,-1.1240284,0.23449662
2025-08-27 10:39:12.225,-9.702297,-1.1288141,0.22492532
2025-08-27 10:39:12.257,-9.697512,-1.2191432,0.276371
2025-08-27 10:39:12.289,-9.696914,-1.262214,0.20937198
2025-08-27 10:39:12.321,-9.702297,-1.2574283,0.33260235
2025-08-27 10:39:12.353,-9.715458,-1.4614165,0.34037903
2025-08-27 10:39:12.385,-9.686146,-1.4997016,0.12622139
2025-08-27 10:39:12.417,-9.726226,-1.3190435,0.293719
2025-08-27 10:39:12.45,-9.735199,-1.2047862,0.1477568
2025-08-27 10:39:12.483,-9.559326,-1.1994023,0.31046873
2025-08-27 10:39:12.516,-9.639486,-1.3040884,0.25244278
2025-08-27 10:39:12.548,-9.766904,-1.4039887,0.13220344
2025-08-27 10:39:12.581,-9.635299,-1.2568301,0.2853441
2025-08-27 10:39:12.615,-9.592228,-1.2095718,0.14356937
2025-08-27 10:39:12.648,-9.506086,-1.4231312,0.3272185
2025-08-27 10:39:12.681,-9.576674,-1.5798612,0.28773692
2025-08-27 10:39:12.714,-9.824331,-1.6713866,0.35234314
2025-08-27 10:39:12.747,-9.771091,-1.6091732,0.14416756
2025-08-27 10:39:12.779,-9.73819,-1.4997016,0.13100705
2025-08-27 10:39:12.812,-9.881161,-1.4003994,-0.10707881
2025-08-27 10:39:12.845,-9.945767,-1.6049858,-0.30388847
2025-08-27 10:39:12.877,-9.885348,-1.2011969,-0.4001996
2025-08-27 10:39:12.909,-9.842278,-0.5593223,-0.1471586
2025-08-27 10:39:12.941,-9.346365,-0.11545369,-0.60717875
2025-08-27 10:39:12.975,-9.557532,0.8392825,-0.22971097
2025-08-27 10:39:13.008,-10.285548,1.183849,-1.015155
2025-08-27 10:39:13.04,-10.027123,1.0372887,-0.99601245
2025-08-27 10:39:13.074,-10.117453,1.0175478,-1.0157533
2025-08-27 10:39:13.107,-11.406586,1.5744773,-2.344368
2025-08-27 10:39:13.14,-11.104491,2.4496522,-2.6590242
2025-08-27 10:39:13.172,-10.347163,3.1603205,-3.181856
2025-08-27 10:39:13.204,-10.28495,2.7900312,-4.031308
2025-08-27 10:39:13.237,-9.927821,1.9686948,-6.218946
2025-08-27 10:39:13.27,-9.927821,1.9686948,-6.218946
2025-08-27 10:39:13.303,-7.585248,-6.0801625,-9.916455
2025-08-27 10:39:13.335,-11.130215,-6.5904317,-2.07697
2025-08-27 10:39:13.368,-12.640085,-8.624929,-1.3495519
2025-08-27 10:39:13.401,-11.372488,1.3549358,-6.7686973
2025-08-27 10:39:13.434,-9.891929,-0.7076773,-10.64507
2025-08-27 10:39:13.467,-8.898309,-5.6333027,-11.084152
2025-08-27 10:39:13.5,-9.52822,-10.231112,-9.056235
2025-08-27 10:39:13.532,-7.2939215,-6.558129,1.7138592
2025-08-27 10:39:13.565,-5.9730835,-5.1702914,0.11006984
2025-08-27 10:39:13.597,-7.697112,-5.651847,-4.2921257
2025-08-27 10:39:13.629,-6.580262,-5.814559,-4.3878384
2025-08-27 10:39:13.662,-6.401997,-3.0616167,2.184647
2025-08-27 10:39:13.695,-7.0672016,-2.6979074,3.3583267
2025-08-27 10:39:13.728,-7.3860455,-2.3144577,-3.8925242
2025-08-27 10:39:13.761,-7.5140615,-4.13061,-4.1838503
2025-08-27 10:39:13.794,-7.8167534,-6.963712,0.7046863
2025-08-27 10:39:13.825,-7.6384883,-7.5954175,1.9980069
2025-08-27 10:39:13.859,-6.7525454,-6.5611196,1.079163
2025-08-27 10:39:13.891,-6.871588,-4.237689,0.6693921
2025-08-27 10:39:13.922,-8.120044,-3.2763724,-0.5413761
2025-08-27 10:39:13.955,-6.869794,-3.4528432,0.44805604
2025-08-27 10:39:13.986,-5.960521,-2.5704896,0.9493524
2025-08-27 10:39:14.019,-5.4789658,-1.052842,-0.76689965
2025-08-27 10:39:14.05,-6.599405,-2.440081,-1.4596218
2025-08-27 10:39:14.083,-3.9852462,-4.369892,3.7974095
2025-08-27 10:39:14.117,-2.2725832,-3.7746778,2.7834508
2025-08-27 10:39:14.149,-1.7024933,-2.7750762,0.99661064
2025-08-27 10:39:14.182,-4.7365923,-5.0333023,0.58265233
2025-08-27 10:39:14.215,-2.2037897,-6.1322064,0.59581286
2025-08-27 10:39:14.248,-1.5762719,-11.201401,4.4434714
2025-08-27 10:39:14.282,-1.7180467,-13.85863,2.7182465
2025-08-27 10:39:14.315,-2.1212373,-14.273187,7.1503525
2025-08-27 10:39:14.348,10.577473,-26.112276,9.921839
2025-08-27 10:39:14.38,3.7633119,0.9314062,-2.2797618
2025-08-27 10:39:14.414,26.525635,-24.351755,19.298714
2025-08-27 10:39:14.446,24.171099,-16.414165,7.9800634
2025-08-27 10:39:14.479,13.756337,-9.211171,-0.8111669
2025-08-27 10:39:14.513,-2.056033,-15.556936,3.301497
2025-08-27 10:39:14.545,-0.6837491,-3.888935,-1.7467605
2025-08-27 10:39:14.578,2.9587252,1.608575,1.0887343
2025-08-27 10:39:14.611,5.4023952,0.4432704,2.8983064
2025-08-27 10:39:14.644,14.085949,-4.2388854,-4.406981
2025-08-27 10:39:14.676,2.678765,0.5952146,3.0717862
2025-08-27 10:39:14.708,1.4476577,1.2227324,-4.1150565
2025-08-27 10:39:14.741,-0.77587277,0.782453,-4.4195433
2025-08-27 10:39:14.773,0.72442704,-1.6965113,8.846265
2025-08-27 10:39:14.805,15.016158,-26.826532,-3.6550367
2025-08-27 10:39:14.838,14.275579,-11.741581,7.6983085
2025-08-27 10:39:14.869,13.536198,-24.391836,6.250053
2025-08-27 10:39:14.903,12.034103,-11.089537,1.4715859
2025-08-27 10:39:14.935,6.2027946,-9.5455675,-3.5706897
2025-08-27 10:39:14.967,4.128217,-2.0464616,5.9491553
2025-08-27 10:39:15.0,-1.1072787,0.02213361,2.6015964
2025-08-27 10:39:15.034,-0.7830512,-0.2961118,-1.4422739
2025-08-27 10:39:15.067,-0.39661035,-5.7463636,0.12263216
2025-08-27 10:39:15.098,-1.160519,-8.462217,2.2989044
2025-08-27 10:39:15.13,2.160719,-9.420543,2.7499514
2025-08-27 10:39:15.163,3.7950168,-13.33221,0.70947194
2025-08-27 10:39:15.197,6.170491,-10.657034,3.0065815
2025-08-27 10:39:15.23,4.0707893,-11.338988,3.190829
2025-08-27 10:39:15.263,2.3623142,-9.73819,2.876771
2025-08-27 10:39:15.296,2.5399811,-8.649456,2.3060827
2025-08-27 10:39:15.328,2.477768,-8.26481,1.9621146
2025-08-27 10:39:15.36,2.781058,-7.251449,1.3387842
2025-08-27 10:39:15.392,3.2189445,-7.155138,1.3040884
2025-08-27 10:39:15.425,3.7154553,-8.313264,1.3633107
2025-08-27 10:39:15.458,4.313661,-9.432507,1.0863415
2025-08-27 10:39:15.492,4.692325,-9.934999,1.1557333
2025-08-27 10:39:15.525,5.180461,-9.61496,1.4931214
2025-08-27 10:39:15.558,5.339584,-8.920443,1.4141582
2025-08-27 10:39:15.591,5.0452666,-8.612965,1.7431713
2025-08-27 10:39:15.623,4.523631,-8.210373,1.8293129
2025-08-27 10:39:15.656,4.246662,-8.116454,1.7958134
2025-08-27 10:39:15.689,3.8488553,-7.789236,1.9728823
2025-08-27 10:39:15.721,3.5760734,-8.341978,1.6480566
2025-08-27 10:39:15.753,3.8177485,-8.787642,1.4506488
2025-08-27 10:39:15.787,4.004389,-9.067601,1.5158532
2025-08-27 10:39:15.819,4.121637,-9.571291,1.5218352
2025-08-27 10:39:15.853,4.0881376,-9.580862,1.5266209
2025-08-27 10:39:15.886,4.1808596,-9.138189,1.5876378
2025-08-27 10:39:15.919,4.1084766,-8.82473,1.5421742
2025-08-27 10:39:15.952,4.098307,-8.796615,1.5942181
2025-08-27 10:39:15.983,4.1258245,-8.553742,1.4967105
2025-08-27 10:39:16.016,4.3274198,-8.624929,1.3782659
2025-08-27 10:39:16.049,4.135994,-8.535198,1.3399807
2025-08-27 10:39:16.081,4.1318064,-8.516056,1.244866
2025-08-27 10:39:16.115,4.256233,-8.581859,1.2496517
2025-08-27 10:39:16.149,4.4093738,-8.662616,1.1216356
2025-08-27 10:39:16.181,4.3154554,-8.79123,1.015155
2025-08-27 10:39:16.213,4.301099,-8.8289175,1.0671989
2025-08-27 10:39:16.247,4.2484565,-8.810373,1.0576276
2025-08-27 10:39:16.28,4.104887,-8.734999,1.038485
2025-08-27 10:39:16.313,4.0570307,-8.730213,1.1240284
2025-08-27 10:39:16.346,4.0235314,-8.768498,1.1282159
2025-08-27 10:39:16.378,3.947559,-8.7780695,1.0851451
2025-08-27 10:39:16.41,3.938586,-8.854042,1.1419746
2025-08-27 10:39:16.443,3.9714873,-8.772686,1.2095718
2025-08-27 10:39:16.476,3.946961,-8.806784,1.250848
2025-08-27 10:39:16.509,3.9565322,-8.830113,1.2556337
2025-08-27 10:39:16.541,4.066602,-8.815159,1.2568301
2025-08-27 10:39:16.573,4.0570307,-8.810971,1.2376875
2025-08-27 10:39:16.605,4.061816,-8.796615,1.2424731
2025-08-27 10:39:16.637,4.066004,-8.749356,1.2281163
2025-08-27 10:39:16.669,4.0755754,-8.720642,1.247857
2025-08-27 10:39:16.701,4.11386,-8.734999,1.2143575
2025-08-27 10:39:16.734,4.042674,-8.725428,1.1569297
2025-08-27 10:39:16.768,4.095316,-8.787043,1.166501
2025-08-27 10:39:16.801,4.085745,-8.796615,1.1563315
2025-08-27 10:39:16.834,4.1479583,-8.867801,1.1521441
2025-08-27 10:39:16.867,4.1294136,-8.900702,1.1563315
2025-08-27 10:39:16.9,4.1054854,-8.872586,1.1706885
2025-08-27 10:39:16.934,4.057629,-8.806186,1.1952149
2025-08-27 10:39:16.967,4.0672,-8.819944,1.2095718
2025-08-27 10:39:16.999,4.01396,-8.796615,1.2281163
2025-08-27 10:39:17.031,4.01396,-8.787043,1.2233306
2025-08-27 10:39:17.063,4.0091743,-8.782257,1.2329018
2025-08-27 10:39:17.096,4.0235314,-8.772686,1.2424731
2025-08-27 10:39:17.129,4.071388,-8.820542,1.2329018
2025-08-27 10:39:17.16,4.052245,-8.815757,1.2323036
2025-08-27 10:39:17.194,4.066602,-8.8014,1.2233306
2025-08-27 10:39:17.226,4.071388,-8.815757,1.2131611
2025-08-27 10:39:17.26,4.0570307,-8.8014,1.1850454
