1683924175648.0,2023-05-12T15:42:55.648,19.04,-0.239,-0.961,0.049
1683924175668.0,2023-05-12T15:42:55.668,19.06,-0.236,-0.961,0.052
1683924175688.0,2023-05-12T15:42:55.688,19.08,-0.234,-0.956,0.053
1683924175708.0,2023-05-12T15:42:55.708,19.1,-0.248,-0.959,0.048
1683924175728.0,2023-05-12T15:42:55.728,19.12,-0.249,-0.964,0.052
1683924175748.0,2023-05-12T15:42:55.748,19.14,-0.238,-0.958,0.053
1683924175768.0,2023-05-12T15:42:55.768,19.16,-0.244,-0.958,0.052
1683924175788.0,2023-05-12T15:42:55.788,19.18,-0.239,-0.959,0.048
1683924175808.0,2023-05-12T15:42:55.808,19.2,-0.226,-0.958,0.05
1683924175828.0,2023-05-12T15:42:55.828,19.22,-0.216,-0.956,0.054
1683924175848.0,2023-05-12T15:42:55.848,19.24,-0.24,-0.956,0.044
1683924175868.0,2023-05-12T15:42:55.868,19.26,-0.233,-0.955,0.049
1683924175888.0,2023-05-12T15:42:55.888,19.28,-0.238,-0.962,0.05
1683924175908.0,2023-05-12T15:42:55.908,19.3,-0.241,-0.964,0.048
1683924175928.0,2023-05-12T15:42:55.928,19.32,-0.235,-0.962,0.054
1683924175948.0,2023-05-12T15:42:55.948,19.34,-0.24,-0.959,0.053
1683924175968.0,2023-05-12T15:42:55.968,19.36,-0.232,-0.958,0.053
1683924175988.0,2023-05-12T15:42:55.988,19.38,-0.231,-0.956,0.053
1683924176008.0,2023-05-12T15:42:56.008,19.4,-0.233,-0.962,0.053
1683924176028.0,2023-05-12T15:42:56.028,19.42,-0.234,-0.957,0.051
1683924176048.0,2023-05-12T15:42:56.048,19.44,-0.237,-0.959,0.051
1683924176068.0,2023-05-12T15:42:56.068,19.46,-0.244,-0.96,0.048
1683924176088.0,2023-05-12T15:42:56.088,19.48,-0.276,-0.977,0.054
1683924176108.0,2023-05-12T15:42:56.108,19.5,-0.321,-1.002,0.071
1683924176128.0,2023-05-12T15:42:56.128,19.52,-0.312,-0.999,0.09
1683924176148.0,2023-05-12T15:42:56.148,19.54,-0.276,-0.982,0.142
1683924176168.0,2023-05-12T15:42:56.168,19.56,-0.237,-0.993,0.193
1683924176188.0,2023-05-12T15:42:56.188,19.58,-0.363,-1.03,0.128
1683924176208.0,2023-05-12T15:42:56.208,19.6,-0.708,-1.101,0.16
1683924176228.0,2023-05-12T15:42:56.228,19.62,-0.801,-1.147,0.355
1683924176248.0,2023-05-12T15:42:56.248,19.64,-0.636,-1.154,0.542
1683924176268.0,2023-05-12T15:42:56.268,19.66,-0.633,-1.182,0.632
1683924176288.0,2023-05-12T15:42:56.288,19.68,-0.854,-1.189,0.592
1683924176308.0,2023-05-12T15:42:56.308,19.7,-1.083,-1.163,0.572
1683924176328.0,2023-05-12T15:42:56.328,19.72,-1.149,-1.148,0.642
1683924176348.0,2023-05-12T15:42:56.348,19.74,-1.193,-1.115,0.645
1683924176368.0,2023-05-12T15:42:56.368,19.76,-1.198,-1.116,0.624
1683924176388.0,2023-05-12T15:42:56.388,19.78,-1.257,-1.14,0.581
1683924176408.0,2023-05-12T15:42:56.408,19.8,-1.306,-1.114,0.529
1683924176428.0,2023-05-12T15:42:56.428,19.82,-1.32,-1.091,0.488
1683924176448.0,2023-05-12T15:42:56.448,19.84,-1.317,-1.09,0.456
1683924176468.0,2023-05-12T15:42:56.468,19.86,-1.343,-1.069,0.401
1683924176488.0,2023-05-12T15:42:56.488,19.88,-1.289,-1.013,0.354
1683924176508.0,2023-05-12T15:42:56.508,19.9,-1.147,-0.883,0.346
1683924176528.0,2023-05-12T15:42:56.528,19.92,-0.881,-0.735,0.453
1683924176548.0,2023-05-12T15:42:56.548,19.94,-0.684,-0.627,0.488
1683924176568.0,2023-05-12T15:42:56.568,19.96,-0.533,-0.517,0.402
1683924176588.0,2023-05-12T15:42:56.588,19.98,-0.438,-0.373,0.291
1683924176608.0,2023-05-12T15:42:56.608,20.0,-0.351,-0.189,0.297
1683924176628.0,2023-05-12T15:42:56.628,20.02,-0.141,-0.031,0.423
1683924176648.0,2023-05-12T15:42:56.648,20.04,0.011,0.069,0.475
1683924176668.0,2023-05-12T15:42:56.668,20.06,-0.093,0.125,0.472
1683924176688.0,2023-05-12T15:42:56.688,20.08,-0.195,0.206,0.404
1683924176708.0,2023-05-12T15:42:56.708,20.1,0.023,0.301,0.36
1683924176728.0,2023-05-12T15:42:56.728,20.12,0.281,0.359,0.383
1683924176748.0,2023-05-12T15:42:56.748,20.14,0.309,0.39,0.442
1683924176768.0,2023-05-12T15:42:56.768,20.16,0.196,0.353,0.472
1683924176788.0,2023-05-12T15:42:56.788,20.18,0.182,0.307,0.473
1683924176808.0,2023-05-12T15:42:56.808,20.2,0.364,0.285,0.463
1683924176828.0,2023-05-12T15:42:56.828,20.22,0.616,0.281,0.458
1683924176848.0,2023-05-12T15:42:56.848,20.24,0.723,0.259,0.458
1683924176868.0,2023-05-12T15:42:56.868,20.26,0.796,0.216,0.544
1683924176888.0,2023-05-12T15:42:56.888,20.28,0.829,0.192,0.602
1683924176908.0,2023-05-12T15:42:56.908,20.3,0.876,0.212,0.556
1683924176928.0,2023-05-12T15:42:56.928,20.32,0.959,0.236,0.524
1683924176948.0,2023-05-12T15:42:56.948,20.34,0.92,0.247,0.517
1683924176968.0,2023-05-12T15:42:56.968,20.36,0.855,0.263,0.496
1683924176988.0,2023-05-12T15:42:56.988,20.38,0.841,0.291,0.459
1683924177008.0,2023-05-12T15:42:57.008,20.4,0.786,0.333,0.398
1683924177028.0,2023-05-12T15:42:57.028,20.42,0.702,0.393,0.392
1683924177048.0,2023-05-12T15:42:57.048,20.44,0.59,0.476,0.412
1683924177068.0,2023-05-12T15:42:57.068,20.46,0.412,0.563,0.339
1683924177088.0,2023-05-12T15:42:57.088,20.48,0.111,0.625,0.194
1683924177108.0,2023-05-12T15:42:57.108,20.5,-0.045,0.741,0.175
1683924177128.0,2023-05-12T15:42:57.128,20.52,-0.215,0.808,0.111
1683924177148.0,2023-05-12T15:42:57.148,20.54,-0.515,0.83,-0.097
1683924177168.0,2023-05-12T15:42:57.168,20.56,-0.727,0.867,-0.373
1683924177188.0,2023-05-12T15:42:57.188,20.58,-0.785,0.878,-0.69
1683924177208.0,2023-05-12T15:42:57.208,20.6,-1.056,0.919,-1.148
1683924177228.0,2023-05-12T15:42:57.228,20.62,-1.207,1.061,-1.48
1683924177248.0,2023-05-12T15:42:57.248,20.64,-0.903,1.037,-1.394
1683924177268.0,2023-05-12T15:42:57.268,20.66,-0.928,1.016,-0.745
1683924177288.0,2023-05-12T15:42:57.288,20.68,-1.05,0.991,-0.168
1683924177308.0,2023-05-12T15:42:57.308,20.7,-1.026,0.994,0.015
1683924177328.0,2023-05-12T15:42:57.328,20.72,-0.89,0.952,0.139
1683924177348.0,2023-05-12T15:42:57.348,20.74,-0.525,0.86,0.298
1683924177368.0,2023-05-12T15:42:57.368,20.76,-0.305,0.79,0.453
1683924177388.0,2023-05-12T15:42:57.388,20.78,-0.261,0.649,0.675
1683924177408.0,2023-05-12T15:42:57.408,20.8,-0.188,0.539,0.821
1683924177428.0,2023-05-12T15:42:57.428,20.82,0.049,0.472,0.831
1683924177448.0,2023-05-12T15:42:57.448,20.84,0.41,0.41,0.719
1683924177468.0,2023-05-12T15:42:57.468,20.86,0.897,0.315,0.709
1683924177488.0,2023-05-12T15:42:57.488,20.88,1.089,0.34,0.744
1683924177508.0,2023-05-12T15:42:57.508,20.9,1.05,0.258,0.654
1683924177528.0,2023-05-12T15:42:57.528,20.92,1.039,0.113,0.491
1683924177548.0,2023-05-12T15:42:57.548,20.94,1.411,-0.005,0.497
1683924177568.0,2023-05-12T15:42:57.568,20.96,1.71,0.026,0.535
1683924177588.0,2023-05-12T15:42:57.588,20.98,1.601,0.071,0.516
1683924177608.0,2023-05-12T15:42:57.608,21.0,1.427,0.056,0.49
1683924177628.0,2023-05-12T15:42:57.628,21.02,1.314,0.054,0.461
1683924177648.0,2023-05-12T15:42:57.648,21.04,1.272,0.102,0.5
1683924177668.0,2023-05-12T15:42:57.668,21.06,1.228,0.111,0.62
1683924177688.0,2023-05-12T15:42:57.688,21.08,1.058,0.107,0.618
1683924177708.0,2023-05-12T15:42:57.708,21.1,0.911,0.144,0.489
1683924177728.0,2023-05-12T15:42:57.728,21.12,0.966,0.213,0.48
1683924177748.0,2023-05-12T15:42:57.748,21.14,0.965,0.227,0.6
1683924177768.0,2023-05-12T15:42:57.768,21.16,0.672,0.205,0.659
1683924177788.0,2023-05-12T15:42:57.788,21.18,0.452,0.236,0.629
1683924177808.0,2023-05-12T15:42:57.808,21.2,0.34,0.278,0.492
1683924177828.0,2023-05-12T15:42:57.828,21.22,0.227,0.339,0.386
1683924177848.0,2023-05-12T15:42:57.848,21.24,-0.053,0.363,0.381
1683924177868.0,2023-05-12T15:42:57.868,21.26,-0.254,0.385,0.416
1683924177888.0,2023-05-12T15:42:57.888,21.28,-0.499,0.345,0.287
1683924177908.0,2023-05-12T15:42:57.908,21.3,-0.827,0.283,-0.123
1683924177928.0,2023-05-12T15:42:57.928,21.32,-0.78,0.314,-0.499
1683924177948.0,2023-05-12T15:42:57.948,21.34,-0.792,0.352,-0.772
1683924177968.0,2023-05-12T15:42:57.968,21.36,-1.156,0.561,-1.204
1683924177988.0,2023-05-12T15:42:57.988,21.38,-1.135,0.716,-1.609
1683924178008.0,2023-05-12T15:42:58.008,21.4,-0.984,0.695,-1.742
1683924178028.0,2023-05-12T15:42:58.028,21.42,-1.158,0.691,-1.504
1683924178048.0,2023-05-12T15:42:58.048,21.44,-1.283,0.743,-1.098
1683924178068.0,2023-05-12T15:42:58.068,21.46,-1.164,0.911,-0.925
1683924178088.0,2023-05-12T15:42:58.088,21.48,-1.009,0.941,-0.885
1683924178108.0,2023-05-12T15:42:58.108,21.5,-1.057,0.822,-0.772
1683924178128.0,2023-05-12T15:42:58.128,21.52,-1.156,0.707,-0.53
1683924178148.0,2023-05-12T15:42:58.148,21.54,-1.231,0.644,-0.307
1683924178168.0,2023-05-12T15:42:58.168,21.56,-1.149,0.581,-0.199
1683924178188.0,2023-05-12T15:42:58.188,21.58,-1.033,0.509,-0.061
1683924178208.0,2023-05-12T15:42:58.208,21.6,-0.932,0.438,0.201
1683924178228.0,2023-05-12T15:42:58.228,21.62,-0.747,0.353,0.489
1683924178248.0,2023-05-12T15:42:58.248,21.64,-0.473,0.311,0.65
1683924178268.0,2023-05-12T15:42:58.268,21.66,-0.142,0.331,0.66
1683924178288.0,2023-05-12T15:42:58.288,21.68,0.187,0.289,0.606
1683924178308.0,2023-05-12T15:42:58.308,21.7,0.462,0.172,0.594
1683924178328.0,2023-05-12T15:42:58.328,21.72,0.654,0.115,0.719
1683924178348.0,2023-05-12T15:42:58.348,21.74,0.762,0.105,0.612
1683924178368.0,2023-05-12T15:42:58.368,21.76,1.127,0.109,0.471
1683924178388.0,2023-05-12T15:42:58.388,21.78,1.421,0.102,0.459
1683924178408.0,2023-05-12T15:42:58.408,21.8,1.459,0.04,0.503
1683924178428.0,2023-05-12T15:42:58.428,21.82,1.289,-0.062,0.579
1683924178448.0,2023-05-12T15:42:58.448,21.84,1.224,-0.065,0.479
1683924178468.0,2023-05-12T15:42:58.468,21.86,1.611,-0.063,0.448
1683924178488.0,2023-05-12T15:42:58.488,21.88,1.603,-0.003,0.39
1683924178508.0,2023-05-12T15:42:58.508,21.9,1.521,0.009,0.346
1683924178528.0,2023-05-12T15:42:58.528,21.92,1.513,-0.039,0.328
1683924178548.0,2023-05-12T15:42:58.548,21.94,1.43,-0.045,0.429
1683924178568.0,2023-05-12T15:42:58.568,21.96,1.355,-0.009,0.628
1683924178588.0,2023-05-12T15:42:58.588,21.98,1.303,-0.001,0.736
1683924178608.0,2023-05-12T15:42:58.608,22.0,1.068,0.045,0.57
1683924178628.0,2023-05-12T15:42:58.628,22.02,0.999,0.125,0.516
1683924178648.0,2023-05-12T15:42:58.648,22.04,0.95,0.137,0.568
1683924178668.0,2023-05-12T15:42:58.668,22.06,0.68,0.13,0.629
1683924178688.0,2023-05-12T15:42:58.688,22.08,0.404,0.171,0.596
1683924178708.0,2023-05-12T15:42:58.708,22.1,0.314,0.234,0.488
1683924178728.0,2023-05-12T15:42:58.728,22.12,0.264,0.297,0.493
1683924178748.0,2023-05-12T15:42:58.748,22.14,0.108,0.308,0.505
1683924178768.0,2023-05-12T15:42:58.768,22.16,-0.117,0.259,0.453
1683924178788.0,2023-05-12T15:42:58.788,22.18,-0.385,0.202,0.309
1683924178808.0,2023-05-12T15:42:58.808,22.2,-0.625,0.208,0.107
1683924178828.0,2023-05-12T15:42:58.828,22.22,-0.684,0.154,-0.132
1683924178848.0,2023-05-12T15:42:58.848,22.24,-0.721,0.143,-0.363
1683924178868.0,2023-05-12T15:42:58.868,22.26,-0.826,0.241,-0.766
1683924178888.0,2023-05-12T15:42:58.888,22.28,-0.966,0.405,-1.263
1683924178908.0,2023-05-12T15:42:58.908,22.3,-1.043,0.488,-1.578
1683924178928.0,2023-05-12T15:42:58.928,22.32,-1.27,0.557,-1.752
1683924178948.0,2023-05-12T15:42:58.948,22.34,-1.304,0.661,-1.536
1683924178968.0,2023-05-12T15:42:58.968,22.36,-1.179,0.777,-1.296
1683924178988.0,2023-05-12T15:42:58.988,22.38,-1.103,0.911,-1.206
1683924179008.0,2023-05-12T15:42:59.008,22.4,-1.059,0.902,-1.099
1683924179028.0,2023-05-12T15:42:59.028,22.42,-1.091,0.796,-0.969
1683924179048.0,2023-05-12T15:42:59.048,22.44,-1.183,0.7,-0.799
1683924179068.0,2023-05-12T15:42:59.068,22.46,-1.289,0.585,-0.614
1683924179088.0,2023-05-12T15:42:59.088,22.48,-1.31,0.515,-0.445
1683924179108.0,2023-05-12T15:42:59.108,22.5,-1.248,0.498,-0.274
1683924179128.0,2023-05-12T15:42:59.128,22.52,-1.112,0.435,-0.108
1683924179148.0,2023-05-12T15:42:59.148,22.54,-0.956,0.335,0.044
1683924179168.0,2023-05-12T15:42:59.168,22.56,-0.776,0.223,0.272
1683924179188.0,2023-05-12T15:42:59.188,22.58,-0.571,0.182,0.445
1683924179208.0,2023-05-12T15:42:59.208,22.6,-0.303,0.172,0.538
1683924179228.0,2023-05-12T15:42:59.228,22.62,0.036,0.161,0.592
1683924179248.0,2023-05-12T15:42:59.248,22.64,0.409,0.153,0.514
1683924179268.0,2023-05-12T15:42:59.268,22.66,0.582,0.181,0.538
1683924179288.0,2023-05-12T15:42:59.288,22.68,0.663,0.124,0.546
1683924179308.0,2023-05-12T15:42:59.308,22.7,0.998,0.02,0.612
1683924179328.0,2023-05-12T15:42:59.328,22.72,1.304,-0.004,0.608
1683924179348.0,2023-05-12T15:42:59.348,22.74,1.471,0.051,0.421
1683924179368.0,2023-05-12T15:42:59.368,22.76,1.385,0.051,0.305
1683924179388.0,2023-05-12T15:42:59.388,22.78,1.161,0.009,0.426
1683924179408.0,2023-05-12T15:42:59.408,22.8,1.332,-0.039,0.561
1683924179428.0,2023-05-12T15:42:59.428,22.82,1.499,-0.079,0.468
1683924179448.0,2023-05-12T15:42:59.448,22.84,1.495,-0.049,0.277
1683924179468.0,2023-05-12T15:42:59.468,22.86,1.524,-0.016,0.234
1683924179488.0,2023-05-12T15:42:59.488,22.88,1.534,-0.019,0.252
1683924179508.0,2023-05-12T15:42:59.508,22.9,1.446,-0.046,0.352
1683924179528.0,2023-05-12T15:42:59.528,22.92,1.365,-0.051,0.51
1683924179548.0,2023-05-12T15:42:59.548,22.94,1.315,0.01,0.549
1683924179568.0,2023-05-12T15:42:59.568,22.96,1.249,0.09,0.532
1683924179588.0,2023-05-12T15:42:59.588,22.98,1.107,0.144,0.53
1683924179608.0,2023-05-12T15:42:59.608,23.0,0.943,0.194,0.527
1683924179628.0,2023-05-12T15:42:59.628,23.02,0.71,0.231,0.476
1683924179648.0,2023-05-12T15:42:59.648,23.04,0.476,0.304,0.491
1683924179668.0,2023-05-12T15:42:59.668,23.06,0.341,0.369,0.573
1683924179688.0,2023-05-12T15:42:59.688,23.08,0.238,0.418,0.589
1683924179708.0,2023-05-12T15:42:59.708,23.1,0.066,0.405,0.48
1683924179728.0,2023-05-12T15:42:59.728,23.12,-0.336,0.37,0.314
1683924179748.0,2023-05-12T15:42:59.748,23.14,-0.698,0.371,0.168
1683924179768.0,2023-05-12T15:42:59.768,23.16,-0.725,0.297,0.034
1683924179788.0,2023-05-12T15:42:59.788,23.18,-0.666,0.284,-0.225
1683924179808.0,2023-05-12T15:42:59.808,23.2,-0.745,0.363,-0.751
1683924179828.0,2023-05-12T15:42:59.828,23.22,-0.886,0.537,-1.322
1683924179848.0,2023-05-12T15:42:59.848,23.24,-0.898,0.658,-1.613
1683924179868.0,2023-05-12T15:42:59.868,23.26,-1.083,0.747,-1.588
1683924179888.0,2023-05-12T15:42:59.888,23.28,-1.146,0.83,-1.312
1683924179908.0,2023-05-12T15:42:59.908,23.3,-1.086,0.913,-1.131
1683924179928.0,2023-05-12T15:42:59.928,23.32,-1.071,1.003,-1.134
1683924179948.0,2023-05-12T15:42:59.948,23.34,-1.061,1.016,-1.117
1683924179968.0,2023-05-12T15:42:59.968,23.36,-1.091,0.922,-0.873
1683924179988.0,2023-05-12T15:42:59.988,23.38,-1.157,0.826,-0.604
1683924180008.0,2023-05-12T15:43:00.008,23.4,-1.173,0.746,-0.457
1683924180028.0,2023-05-12T15:43:00.028,23.42,-1.115,0.64,-0.364
1683924180048.0,2023-05-12T15:43:00.048,23.44,-1.044,0.517,-0.203
1683924180068.0,2023-05-12T15:43:00.068,23.46,-0.937,0.346,0.146
1683924180088.0,2023-05-12T15:43:00.088,23.48,-0.714,0.235,0.447
1683924180108.0,2023-05-12T15:43:00.108,23.5,-0.381,0.205,0.573
1683924180128.0,2023-05-12T15:43:00.128,23.52,-0.046,0.183,0.559
1683924180148.0,2023-05-12T15:43:00.148,23.54,0.286,0.126,0.451
1683924180168.0,2023-05-12T15:43:00.168,23.56,0.621,0.065,0.451
1683924180188.0,2023-05-12T15:43:00.188,23.58,0.966,0.031,0.541
1683924180208.0,2023-05-12T15:43:00.208,23.6,1.371,0.01,0.581
1683924180228.0,2023-05-12T15:43:00.228,23.62,1.415,0.045,0.412
1683924180248.0,2023-05-12T15:43:00.248,23.64,0.991,-0.019,0.194
1683924180268.0,2023-05-12T15:43:00.268,23.66,1.15,-0.184,0.338
1683924180288.0,2023-05-12T15:43:00.288,23.68,1.824,-0.25,0.542
1683924180308.0,2023-05-12T15:43:00.308,23.7,1.778,-0.198,0.356
1683924180328.0,2023-05-12T15:43:00.328,23.72,1.657,-0.142,0.179
1683924180348.0,2023-05-12T15:43:00.348,23.74,1.66,-0.126,0.152
1683924180368.0,2023-05-12T15:43:00.368,23.76,1.572,-0.136,0.177
1683924180388.0,2023-05-12T15:43:00.388,23.78,1.497,-0.128,0.263
1683924180408.0,2023-05-12T15:43:00.408,23.8,1.435,-0.12,0.351
1683924180428.0,2023-05-12T15:43:00.428,23.82,1.387,-0.073,0.325
1683924180448.0,2023-05-12T15:43:00.448,23.84,1.45,0.0,0.296
1683924180468.0,2023-05-12T15:43:00.468,23.86,1.406,0.038,0.395
1683924180488.0,2023-05-12T15:43:00.488,23.88,1.105,0.001,0.554
1683924180508.0,2023-05-12T15:43:00.508,23.9,0.742,0.017,0.601
1683924180528.0,2023-05-12T15:43:00.528,23.92,0.56,0.125,0.53
1683924180548.0,2023-05-12T15:43:00.548,23.94,0.474,0.239,0.475
1683924180568.0,2023-05-12T15:43:00.568,23.96,0.415,0.266,0.532
1683924180588.0,2023-05-12T15:43:00.588,23.98,0.11,0.237,0.55
1683924180608.0,2023-05-12T15:43:00.608,24.0,-0.281,0.233,0.506
1683924180628.0,2023-05-12T15:43:00.628,24.02,-0.646,0.185,0.409
1683924180648.0,2023-05-12T15:43:00.648,24.04,-0.843,0.125,0.215
1683924180668.0,2023-05-12T15:43:00.668,24.06,-0.526,0.108,0.01
1683924180688.0,2023-05-12T15:43:00.688,24.08,-0.871,0.056,-0.283
1683924180708.0,2023-05-12T15:43:00.708,24.1,-1.258,0.266,-0.593
1683924180728.0,2023-05-12T15:43:00.728,24.12,-0.976,0.457,-0.885
1683924180748.0,2023-05-12T15:43:00.748,24.14,-0.786,0.541,-1.139
1683924180768.0,2023-05-12T15:43:00.768,24.16,-0.915,0.597,-1.316
1683924180788.0,2023-05-12T15:43:00.788,24.18,-1.063,0.51,-1.272
1683924180808.0,2023-05-12T15:43:00.808,24.2,-1.077,0.564,-1.216
1683924180828.0,2023-05-12T15:43:00.828,24.22,-1.017,0.749,-1.253
1683924180848.0,2023-05-12T15:43:00.848,24.24,-0.981,0.859,-1.243
1683924180868.0,2023-05-12T15:43:00.868,24.26,-1.007,0.819,-1.19
1683924180888.0,2023-05-12T15:43:00.888,24.28,-1.038,0.736,-1.04
1683924180908.0,2023-05-12T15:43:00.908,24.3,-1.103,0.675,-0.845
1683924180928.0,2023-05-12T15:43:00.928,24.32,-1.182,0.663,-0.781
1683924180948.0,2023-05-12T15:43:00.948,24.34,-1.195,0.605,-0.729
1683924180968.0,2023-05-12T15:43:00.968,24.36,-1.205,0.492,-0.578
1683924180988.0,2023-05-12T15:43:00.988,24.38,-1.256,0.371,-0.354
1683924181008.0,2023-05-12T15:43:01.008,24.4,-1.173,0.32,-0.224
1683924181028.0,2023-05-12T15:43:01.028,24.42,-0.999,0.29,-0.082
1683924181048.0,2023-05-12T15:43:01.048,24.44,-0.923,0.229,0.171
1683924181068.0,2023-05-12T15:43:01.068,24.46,-0.743,0.153,0.386
1683924181088.0,2023-05-12T15:43:01.088,24.48,-0.461,0.101,0.549
1683924181108.0,2023-05-12T15:43:01.108,24.5,-0.145,0.045,0.688
1683924181128.0,2023-05-12T15:43:01.128,24.52,0.252,0.034,0.625
1683924181148.0,2023-05-12T15:43:01.148,24.54,0.654,0.081,0.51
1683924181168.0,2023-05-12T15:43:01.168,24.56,0.798,0.072,0.475
1683924181188.0,2023-05-12T15:43:01.188,24.58,1.003,-0.052,0.467
1683924181208.0,2023-05-12T15:43:01.208,24.6,1.143,-0.158,0.483
1683924181228.0,2023-05-12T15:43:01.228,24.62,1.348,-0.217,0.452
1683924181248.0,2023-05-12T15:43:01.248,24.64,1.519,-0.25,0.362
1683924181268.0,2023-05-12T15:43:01.268,24.66,1.645,-0.277,0.329
1683924181288.0,2023-05-12T15:43:01.288,24.68,1.642,-0.253,0.392
1683924181308.0,2023-05-12T15:43:01.308,24.7,1.68,-0.244,0.335
1683924181328.0,2023-05-12T15:43:01.328,24.72,1.763,-0.236,0.211
1683924181348.0,2023-05-12T15:43:01.348,24.74,1.655,-0.153,0.122
1683924181368.0,2023-05-12T15:43:01.368,24.76,1.575,-0.118,0.114
1683924181388.0,2023-05-12T15:43:01.388,24.78,1.552,-0.102,0.138
1683924181408.0,2023-05-12T15:43:01.408,24.8,1.43,-0.063,0.231
1683924181428.0,2023-05-12T15:43:01.428,24.82,1.365,-0.025,0.327
1683924181448.0,2023-05-12T15:43:01.448,24.84,1.277,0.01,0.38
1683924181468.0,2023-05-12T15:43:01.468,24.86,1.144,0.037,0.432
1683924181488.0,2023-05-12T15:43:01.488,24.88,0.961,0.064,0.452
1683924181508.0,2023-05-12T15:43:01.508,24.9,0.746,0.132,0.415
1683924181528.0,2023-05-12T15:43:01.528,24.92,0.555,0.234,0.469
1683924181548.0,2023-05-12T15:43:01.548,24.94,0.404,0.252,0.516
1683924181568.0,2023-05-12T15:43:01.568,24.96,0.127,0.25,0.601
1683924181588.0,2023-05-12T15:43:01.588,24.98,-0.211,0.281,0.527
1683924181608.0,2023-05-12T15:43:01.608,25.0,-0.526,0.312,0.428
1683924181628.0,2023-05-12T15:43:01.628,25.02,-0.83,0.229,0.356
1683924181648.0,2023-05-12T15:43:01.648,25.04,-0.758,0.171,0.186
1683924181668.0,2023-05-12T15:43:01.668,25.06,-0.732,0.155,-0.171
1683924181688.0,2023-05-12T15:43:01.688,25.08,-0.835,0.281,-0.596
1683924181708.0,2023-05-12T15:43:01.708,25.1,-0.918,0.384,-0.948
1683924181728.0,2023-05-12T15:43:01.728,25.12,-0.964,0.476,-1.204
1683924181748.0,2023-05-12T15:43:01.748,25.14,-1.098,0.543,-1.24
1683924181768.0,2023-05-12T15:43:01.768,25.16,-1.189,0.53,-1.016
1683924181788.0,2023-05-12T15:43:01.788,25.18,-1.066,0.665,-0.92
1683924181808.0,2023-05-12T15:43:01.808,25.2,-1.0,0.857,-0.967
1683924181828.0,2023-05-12T15:43:01.828,25.22,-1.027,0.902,-0.967
1683924181848.0,2023-05-12T15:43:01.848,25.24,-1.03,0.836,-0.888
1683924181868.0,2023-05-12T15:43:01.868,25.26,-1.097,0.789,-0.728
1683924181888.0,2023-05-12T15:43:01.888,25.28,-1.181,0.769,-0.658
1683924181908.0,2023-05-12T15:43:01.908,25.3,-1.22,0.721,-0.621
1683924181928.0,2023-05-12T15:43:01.928,25.32,-1.226,0.687,-0.566
1683924181948.0,2023-05-12T15:43:01.948,25.34,-1.244,0.623,-0.531
1683924181968.0,2023-05-12T15:43:01.968,25.36,-1.252,0.512,-0.404
1683924181988.0,2023-05-12T15:43:01.988,25.38,-1.205,0.409,-0.19
1683924182008.0,2023-05-12T15:43:02.008,25.4,-1.095,0.355,-0.034
1683924182028.0,2023-05-12T15:43:02.028,25.42,-0.97,0.305,0.056
1683924182048.0,2023-05-12T15:43:02.048,25.44,-0.834,0.262,0.185
1683924182068.0,2023-05-12T15:43:02.068,25.46,-0.574,0.208,0.376
1683924182088.0,2023-05-12T15:43:02.088,25.48,-0.331,0.121,0.559
1683924182108.0,2023-05-12T15:43:02.108,25.5,-0.041,0.075,0.611
1683924182128.0,2023-05-12T15:43:02.128,25.52,0.396,0.12,0.502
1683924182148.0,2023-05-12T15:43:02.148,25.54,0.727,0.184,0.399
1683924182168.0,2023-05-12T15:43:02.168,25.56,0.672,0.188,0.507
1683924182188.0,2023-05-12T15:43:02.188,25.58,0.819,-0.028,0.641
1683924182208.0,2023-05-12T15:43:02.208,25.6,1.126,-0.133,0.545
1683924182228.0,2023-05-12T15:43:02.228,25.62,1.285,-0.129,0.297
1683924182248.0,2023-05-12T15:43:02.248,25.64,1.505,-0.181,0.277
1683924182268.0,2023-05-12T15:43:02.268,25.66,1.623,-0.14,0.326
1683924182288.0,2023-05-12T15:43:02.288,25.68,1.656,-0.16,0.322
1683924182308.0,2023-05-12T15:43:02.308,25.7,1.693,-0.193,0.242
1683924182328.0,2023-05-12T15:43:02.328,25.72,1.672,-0.219,0.093
1683924182348.0,2023-05-12T15:43:02.348,25.74,1.712,-0.176,-0.012
1683924182368.0,2023-05-12T15:43:02.368,25.76,1.727,-0.154,0.06
1683924182388.0,2023-05-12T15:43:02.388,25.78,1.633,-0.184,0.271
1683924182408.0,2023-05-12T15:43:02.408,25.8,1.578,-0.201,0.317
1683924182428.0,2023-05-12T15:43:02.428,25.82,1.508,-0.138,0.229
1683924182448.0,2023-05-12T15:43:02.448,25.84,1.345,-0.107,0.308
1683924182468.0,2023-05-12T15:43:02.468,25.86,1.101,-0.107,0.465
1683924182488.0,2023-05-12T15:43:02.488,25.88,0.902,-0.029,0.473
1683924182508.0,2023-05-12T15:43:02.508,25.9,0.762,0.046,0.374
1683924182528.0,2023-05-12T15:43:02.528,25.92,0.552,0.075,0.357
1683924182548.0,2023-05-12T15:43:02.548,25.94,0.35,0.073,0.424
1683924182568.0,2023-05-12T15:43:02.568,25.96,0.136,0.087,0.549
1683924182588.0,2023-05-12T15:43:02.588,25.98,0.004,0.101,0.535
1683924182608.0,2023-05-12T15:43:02.608,26.0,-0.265,0.042,0.404
1683924182628.0,2023-05-12T15:43:02.628,26.02,-0.555,0.028,0.261
1683924182648.0,2023-05-12T15:43:02.648,26.04,-0.617,-0.025,0.068
1683924182668.0,2023-05-12T15:43:02.668,26.06,-0.586,-0.079,-0.155
1683924182688.0,2023-05-12T15:43:02.688,26.08,-0.678,-0.064,-0.42
1683924182708.0,2023-05-12T15:43:02.708,26.1,-0.835,-0.011,-0.698
1683924182728.0,2023-05-12T15:43:02.728,26.12,-0.931,0.013,-0.897
1683924182748.0,2023-05-12T15:43:02.748,26.14,-1.061,0.052,-1.005
1683924182768.0,2023-05-12T15:43:02.768,26.16,-1.145,0.078,-0.96
1683924182788.0,2023-05-12T15:43:02.788,26.18,-1.118,0.156,-0.966
1683924182808.0,2023-05-12T15:43:02.808,26.2,-1.076,0.264,-0.972
1683924182828.0,2023-05-12T15:43:02.828,26.22,-1.164,0.249,-0.866
1683924182848.0,2023-05-12T15:43:02.848,26.24,-1.168,0.225,-0.792
1683924182868.0,2023-05-12T15:43:02.868,26.26,-0.978,0.159,-0.713
1683924182888.0,2023-05-12T15:43:02.888,26.28,-0.834,0.096,-0.495
1683924182908.0,2023-05-12T15:43:02.908,26.3,-0.841,0.203,-0.348
1683924182928.0,2023-05-12T15:43:02.928,26.32,-0.799,0.299,-0.401
1683924182948.0,2023-05-12T15:43:02.948,26.34,-0.786,0.186,-0.361
1683924182968.0,2023-05-12T15:43:02.968,26.36,-0.642,-0.023,-0.247
1683924182988.0,2023-05-12T15:43:02.988,26.38,-0.479,-0.164,-0.071
1683924183008.0,2023-05-12T15:43:03.008,26.4,-0.524,-0.095,0.102
1683924183028.0,2023-05-12T15:43:03.028,26.42,-0.627,0.062,0.098
1683924183048.0,2023-05-12T15:43:03.048,26.44,-0.621,-0.031,0.042
1683924183068.0,2023-05-12T15:43:03.068,26.46,-0.583,-0.316,0.114
1683924183088.0,2023-05-12T15:43:03.088,26.48,-0.597,-0.479,0.165
1683924183108.0,2023-05-12T15:43:03.108,26.5,-0.677,-0.488,0.221
1683924183128.0,2023-05-12T15:43:03.128,26.52,-0.793,-0.428,0.262
1683924183148.0,2023-05-12T15:43:03.148,26.54,-0.805,-0.458,0.201
1683924183168.0,2023-05-12T15:43:03.168,26.56,-0.696,-0.678,0.236
1683924183188.0,2023-05-12T15:43:03.188,26.58,-0.554,-0.922,0.285
1683924183208.0,2023-05-12T15:43:03.208,26.6,-0.62,-1.115,0.362
1683924183228.0,2023-05-12T15:43:03.228,26.62,-0.703,-1.226,0.532
1683924183248.0,2023-05-12T15:43:03.248,26.64,-0.604,-1.149,0.576
1683924183268.0,2023-05-12T15:43:03.268,26.66,-0.424,-1.138,0.51
1683924183288.0,2023-05-12T15:43:03.288,26.68,-0.277,-1.316,0.641
1683924183308.0,2023-05-12T15:43:03.308,26.7,-0.273,-1.332,0.803
1683924183328.0,2023-05-12T15:43:03.328,26.72,-0.277,-1.305,0.738
1683924183348.0,2023-05-12T15:43:03.348,26.74,-0.355,-1.367,0.578
1683924183368.0,2023-05-12T15:43:03.368,26.76,-0.413,-1.381,0.63
1683924183388.0,2023-05-12T15:43:03.388,26.78,-0.284,-1.304,0.848
1683924183408.0,2023-05-12T15:43:03.408,26.8,-0.206,-1.271,0.802
1683924183428.0,2023-05-12T15:43:03.428,26.82,-0.159,-1.269,0.646
1683924183448.0,2023-05-12T15:43:03.448,26.84,-0.073,-1.28,0.575
1683924183468.0,2023-05-12T15:43:03.468,26.86,-0.07,-1.281,0.542
1683924183488.0,2023-05-12T15:43:03.488,26.88,-0.117,-1.282,0.522
1683924183508.0,2023-05-12T15:43:03.508,26.9,-0.18,-1.249,0.512
1683924183528.0,2023-05-12T15:43:03.528,26.92,-0.149,-1.176,0.553
1683924183548.0,2023-05-12T15:43:03.548,26.94,-0.002,-1.057,0.527
1683924183568.0,2023-05-12T15:43:03.568,26.96,0.037,-0.939,0.378
1683924183588.0,2023-05-12T15:43:03.588,26.98,0.069,-0.951,0.284
1683924183608.0,2023-05-12T15:43:03.608,27.0,-0.204,-0.96,0.141
1683924183628.0,2023-05-12T15:43:03.628,27.02,-0.474,-0.956,0.09
1683924183648.0,2023-05-12T15:43:03.648,27.04,-0.404,-0.903,0.249
1683924183668.0,2023-05-12T15:43:03.668,27.06,-0.449,-0.926,0.286
1683924183688.0,2023-05-12T15:43:03.688,27.08,-0.395,-0.942,0.095
1683924183708.0,2023-05-12T15:43:03.708,27.1,-0.344,-0.922,-0.068
1683924183728.0,2023-05-12T15:43:03.728,27.12,-0.413,-0.936,-0.092
1683924183748.0,2023-05-12T15:43:03.748,27.14,-0.426,-0.961,-0.051
1683924183768.0,2023-05-12T15:43:03.768,27.16,-0.394,-0.951,-0.02
1683924183788.0,2023-05-12T15:43:03.788,27.18,-0.385,-0.935,-0.012
