2023-03-27 14:40:22.132,1.292,0.831,-0.652
2023-03-27 14:40:22.152,0.495,0.069,-0.122
2023-03-27 14:40:22.172,-0.393,-0.396,0.255
2023-03-27 14:40:22.192,-0.457,0.217,0.023
2023-03-27 14:40:22.212,0.305,1.303,-0.526
2023-03-27 14:40:22.232,1.307,1.113,-1.09
2023-03-27 14:40:22.252,1.543,0.0,-1.208
2023-03-27 14:40:22.272,1.707,0.034,-1.063
2023-03-27 14:40:22.292,1.681,0.831,-1.067
2023-03-27 14:40:22.312,1.429,1.12,-0.949
2023-03-27 14:40:22.332,0.865,0.354,-0.816
2023-03-27 14:40:22.352,0.29,-0.381,-0.48
2023-03-27 14:40:22.372,0.149,-1.73,-0.629
2023-03-27 14:40:22.392,0.671,-1.955,-1.566
2023-03-27 14:40:22.412,2.188,0.05,-2.104
2023-03-27 14:40:22.432,2.9,0.621,-0.716
2023-03-27 14:40:22.452,1.635,-1.052,1.677
2023-03-27 14:40:22.472,0.393,-3.895,2.321
2023-03-27 14:40:22.492,-0.183,-6.341,2.538
2023-03-27 14:40:22.512,-1.387,-8.479,2.45
2023-03-27 14:40:22.532,-1.197,-6.486,1.139
2023-03-27 14:40:22.552,0.396,-0.701,-0.179
2023-03-27 14:40:22.572,1.745,4.204,-0.103
2023-03-27 14:40:22.592,1.89,4.253,3.384
2023-03-27 14:40:22.612,-1.178,-2.973,7.866
2023-03-27 14:40:22.632,-3.43,-8.331,9.345
2023-03-27 14:40:22.652,-3.78,-12.066,8.872
2023-03-27 14:40:22.672,-3.38,-13.765,7.268
2023-03-27 14:40:22.692,-1.208,-10.56,4.844
2023-03-27 14:40:22.712,0.85,-5.107,2.287
2023-03-27 14:40:22.732,2.123,0.53,0.534
2023-03-27 14:40:22.752,1.734,2.489,-0.217
2023-03-27 14:40:22.772,0.72,0.838,-0.389
2023-03-27 14:40:22.792,0.332,-1.101,0.606
2023-03-27 14:40:22.812,-0.297,-2.5,1.768
2023-03-27 14:40:22.832,-0.099,-3.533,2.854
2023-03-27 14:40:22.852,-0.057,-5.625,4.851
2023-03-27 14:40:22.872,-1.86,-8.769,7.481
2023-03-27 14:40:22.892,-2.191,-9.665,9.036
2023-03-27 14:40:22.912,-2.668,-10.655,9.318
2023-03-27 14:40:22.932,-3.285,-11.2,8.335
2023-03-27 14:40:22.952,-2.191,-9.958,7.256
2023-03-27 14:40:22.972,-1.242,-9.181,7.092
2023-03-27 14:40:22.992,-0.957,-9.074,8.514
2023-03-27 14:40:23.012,-1.563,-8.902,9.497
2023-03-27 14:40:23.032,-1.528,-8.274,9.627
2023-03-27 14:40:23.052,-2.138,-10.556,9.234
2023-03-27 14:40:23.072,-3.72,-12.374,8.636
2023-03-27 14:40:23.092,-3.628,-10.328,7.45
2023-03-27 14:40:23.112,-2.774,-7.008,6.601
2023-03-27 14:40:23.132,-2.66,-6.048,6.646
2023-03-27 14:40:23.152,-2.813,-6.361,7.359
2023-03-27 14:40:23.172,-2.759,-7.832,8.056
2023-03-27 14:40:23.192,-2.29,-9.798,8.194
2023-03-27 14:40:23.212,-1.726,-9.688,8.194
2023-03-27 14:40:23.232,-1.174,-7.847,8.514
2023-03-27 14:40:23.252,-1.326,-7.268,8.723
2023-03-27 14:40:23.272,-2.241,-8.67,9.318
2023-03-27 14:40:23.292,-4.417,-13.163,9.893
2023-03-27 14:40:23.312,-6.822,-16.963,9.745
2023-03-27 14:40:23.332,-6.966,-16.159,9.943
2023-03-27 14:40:23.352,-5.377,-12.069,9.024
2023-03-27 14:40:23.372,-2.771,-7.767,7.675
2023-03-27 14:40:23.392,-2.043,-6.723,7.744
2023-03-27 14:40:23.412,-2.767,-8.464,7.976
2023-03-27 14:40:23.432,-3.506,-10.812,8.563
2023-03-27 14:40:23.452,-4.173,-13.369,8.811
2023-03-27 14:40:23.472,-4.516,-14.844,8.963
2023-03-27 14:40:23.492,-4.497,-15.259,9.962
2023-03-27 14:40:23.512,-4.116,-14.428,9.928
2023-03-27 14:40:23.532,-2.938,-11.681,9.768
2023-03-27 14:40:23.552,-0.892,-10.572,9.284
2023-03-27 14:40:23.572,-0.861,-12.908,10.526
2023-03-27 14:40:23.592,-2.439,-14.238,13.201
2023-03-27 14:40:23.612,-2.633,-15.442,14.893
2023-03-27 14:40:23.632,-2.805,-16.665,15.598
2023-03-27 14:40:23.652,-2.847,-17.001,14.459
2023-03-27 14:40:23.672,-2.039,-14.684,13.037
2023-03-27 14:40:23.692,-0.221,-11.025,11.463
2023-03-27 14:40:23.712,1.517,-6.635,9.188
2023-03-27 14:40:23.732,2.466,-2.74,6.738
2023-03-27 14:40:23.752,3.045,1.421,5.03
2023-03-27 14:40:23.772,3.369,4.398,3.674
2023-03-27 14:40:23.792,2.896,3.929,2.809
2023-03-27 14:40:23.812,1.711,1.231,2.309
2023-03-27 14:40:23.832,0.408,-0.865,2.641
2023-03-27 14:40:23.852,0.507,-0.351,3.129
2023-03-27 14:40:23.872,2.184,0.553,3.19
2023-03-27 14:40:23.892,3.857,1.494,5.084
2023-03-27 14:40:23.912,5.808,3.415,7.168
2023-03-27 14:40:23.932,7.614,4.672,7.47
2023-03-27 14:40:23.952,7.934,2.298,8.068
2023-03-27 14:40:23.972,6.345,-2.904,5.816
2023-03-27 14:40:23.992,4.6,-3.51,5.084
2023-03-27 14:40:24.012,3.239,-2.085,4.756
2023-03-27 14:40:24.032,2.066,0.534,1.62
2023-03-27 14:40:24.052,1.014,2.649,-2.447
2023-03-27 14:40:24.072,2.241,5.503,-4.546
2023-03-27 14:40:24.092,4.249,10.08,-5.598
2023-03-27 14:40:24.112,4.318,11.902,-6.574
2023-03-27 14:40:24.132,3.594,10.987,-6.052
2023-03-27 14:40:24.152,3.03,8.041,-4.154
2023-03-27 14:40:24.172,2.05,4.078,-3.03
2023-03-27 14:40:24.192,0.431,1.082,-2.828
2023-03-27 14:40:24.212,-0.762,-0.553,-3.483
2023-03-27 14:40:24.232,-1.627,-1.966,-4.977
2023-03-27 14:40:24.252,-2.675,-3.011,-6.242
2023-03-27 14:40:24.272,-2.664,-1.845,-6.894
2023-03-27 14:40:24.292,-2.058,1.273,-7.226
2023-03-27 14:40:24.312,-0.606,6.597,-8.563
2023-03-27 14:40:24.332,2.275,13.998,-9.95
2023-03-27 14:40:24.352,4.809,19.87,-9.809
2023-03-27 14:40:24.372,6.185,23.281,-9.821
2023-03-27 14:40:24.392,7.085,23.175,-9.97
2023-03-27 14:40:24.412,5.537,16.574,-8.498
2023-03-27 14:40:24.432,2.569,7.805,-6.521
2023-03-27 14:40:24.452,1.056,3.152,-5.267
2023-03-27 14:40:24.472,2.348,4.196,-4.478
2023-03-27 14:40:24.492,4.745,6.269,-2.931
2023-03-27 14:40:24.512,4.931,5.911,-1.006
2023-03-27 14:40:24.532,3.8,3.979,-0.602
2023-03-27 14:40:24.552,3.14,0.945,-0.724
2023-03-27 14:40:24.572,1.353,-3.262,0.335
2023-03-27 14:40:24.592,-0.111,-5.816,1.296
2023-03-27 14:40:24.612,1.044,-4.764,1.871
2023-03-27 14:40:24.632,3.994,0.812,0.149
2023-03-27 14:40:24.652,8.468,8.51,-3.304
2023-03-27 14:40:24.672,11.094,11.925,-5.415
2023-03-27 14:40:24.692,10.541,9.002,-4.345
2023-03-27 14:40:24.712,6.109,1.482,0.697
2023-03-27 14:40:24.732,3.384,-7.431,6.738
2023-03-27 14:40:24.752,4.085,-18.072,10.553
2023-03-27 14:40:24.772,6.044,-19.226,7.511
2023-03-27 14:40:24.792,15.781,-4.322,-0.526
2023-03-27 14:40:24.812,29.108,11.871,-6.143
2023-03-27 14:40:24.832,38.514,19.207,-9.024
2023-03-27 14:40:24.852,43.224,19.741,-3.369
2023-03-27 14:40:24.872,43.91,14.154,14.501
2023-03-27 14:40:24.892,38.308,5.232,34.021
2023-03-27 14:40:24.912,31.7,-4.333,45.766
2023-03-27 14:40:24.932,32.591,-5.72,47.374
2023-03-27 14:40:24.952,37.588,1.303,43.521
2023-03-27 14:40:24.972,37.53,5.751,44.097
2023-03-27 14:40:24.992,33.373,3.323,52.039
2023-03-27 14:40:25.012,30.274,-10.976,65.701
2023-03-27 14:40:25.032,28.46,-35.343,81.837
2023-03-27 14:40:25.052,31.124,-49.146,97.729
2023-03-27 14:40:25.072,34.554,-39.638,107.683
2023-03-27 14:40:25.092,42.912,-8.525,109.009
2023-03-27 14:40:25.112,64.204,29.398,105.187
2023-03-27 14:40:25.132,84.531,48.182,106.932
2023-03-27 14:40:25.152,85.678,30.343,120.655
2023-03-27 14:40:25.172,67.344,-8.415,124.874
2023-03-27 14:40:25.192,52.237,-30.248,124.444
2023-03-27 14:40:25.212,52.21,-25.495,120.48
2023-03-27 14:40:25.232,54.162,-14.413,113.975
2023-03-27 14:40:25.252,49.226,-5.354,107.622
2023-03-27 14:40:25.272,42.046,0.949,102.188
2023-03-27 14:40:25.292,33.845,7.649,92.508
2023-03-27 14:40:25.312,27.317,9.409,79.844
2023-03-27 14:40:25.332,22.439,6.479,70.37
2023-03-27 14:40:25.352,20.297,10.232,60.389
2023-03-27 14:40:25.372,24.059,18.674,49.912
2023-03-27 14:40:25.392,27.927,27.443,42.668
2023-03-27 14:40:25.412,28.034,34.543,32.29
2023-03-27 14:40:25.432,23.464,36.265,22.843
2023-03-27 14:40:25.452,16.368,31.749,20.373
2023-03-27 14:40:25.472,9.962,25.419,17.546
2023-03-27 14:40:25.492,8.495,21.742,15.682
2023-03-27 14:40:25.512,7.946,18.681,18.258
2023-03-27 14:40:25.532,6.296,12.771,19.371
2023-03-27 14:40:25.552,3.098,3.533,17.866
2023-03-27 14:40:25.572,0.869,-6.242,18.891
2023-03-27 14:40:25.592,1.28,-12.679,22.999
2023-03-27 14:40:25.612,1.391,-14.924,25.362
2023-03-27 14:40:25.632,1.78,-14.745,24.31
2023-03-27 14:40:25.652,3.899,-11.597,22.378
2023-03-27 14:40:25.672,4.478,-4.924,20.244
2023-03-27 14:40:25.692,2.351,0.8,19.768
2023-03-27 14:40:25.712,-2.275,2.401,19.272
2023-03-27 14:40:25.732,-10.313,-7.919,18.994
2023-03-27 14:40:25.752,-19.882,-31.261,21.601
2023-03-27 14:40:25.772,-30.05,-57.241,26.101
2023-03-27 14:40:25.792,-34.55,-68.449,27.759
2023-03-27 14:40:25.812,-28.979,-55.671,26.17
2023-03-27 14:40:25.832,-17.915,-31.208,23.083
2023-03-27 14:40:25.852,-12.111,-18.411,20.252
2023-03-27 14:40:25.872,-13.647,-19.832,17.511
2023-03-27 14:40:25.892,-15.526,-21.582,14.211
2023-03-27 14:40:25.912,-13.201,-12.668,9.779
2023-03-27 14:40:25.932,-7.805,2.248,4.223
2023-03-27 14:40:25.952,-6.307,8.628,0.446
2023-03-27 14:40:25.972,-9.264,2.02,-0.568
2023-03-27 14:40:25.992,-12.999,-6.002,1.441
2023-03-27 14:40:26.012,-11.368,-7.557,3.35
2023-03-27 14:40:26.032,-11.33,-9.051,4.996
2023-03-27 14:40:26.052,-14.44,-14.699,5.145
2023-03-27 14:40:26.072,-20.457,-24.707,4.737
2023-03-27 14:40:26.092,-26.109,-31.383,0.419
2023-03-27 14:40:26.112,-18.213,-10.781,0.732
2023-03-27 14:40:26.132,3.685,13.159,4.851
2023-03-27 14:40:26.152,2.329,-13.998,2.927
2023-03-27 14:40:26.172,-17.252,-51.254,1.494
2023-03-27 14:40:26.192,-22.729,-41.033,-4.063
2023-03-27 14:40:26.212,-8.544,-1.585,-10.648
2023-03-27 14:40:26.232,0.046,8.91,-11.41
2023-03-27 14:40:26.252,-4.817,-9.322,-10.248
2023-03-27 14:40:26.272,-4.253,-10.152,-12.824
2023-03-27 14:40:26.292,4.447,5.541,-13.479
2023-03-27 14:40:26.312,10.072,12.462,-6.132
2023-03-27 14:40:26.332,7.767,7.912,-1.052
2023-03-27 14:40:26.352,3.22,-0.915,-1.075
2023-03-27 14:40:26.372,1.071,-5.118,-2.976
2023-03-27 14:40:26.392,2.866,-3.861,-4.535
2023-03-27 14:40:26.412,3.99,-5.949,-5.206
2023-03-27 14:40:26.432,4.733,-9.409,-3.35
2023-03-27 14:40:26.452,4.501,-10.934,-1.871
2023-03-27 14:40:26.472,3.171,-7.332,-2.47
2023-03-27 14:40:26.492,2.351,1.399,-6.848
2023-03-27 14:40:26.512,3.704,11.654,-9.623
2023-03-27 14:40:26.532,4.291,15.69,-8.034
2023-03-27 14:40:26.552,1.265,12.165,-7.309
2023-03-27 14:40:26.572,-1.658,6.319,-5.964
2023-03-27 14:40:26.592,-2.832,3.327,-5.663
2023-03-27 14:40:26.612,-2.043,5.088,-7.344
2023-03-27 14:40:26.632,5.549,14.451,-6.928
2023-03-27 14:40:26.652,21.136,30.804,-4.204
2023-03-27 14:40:26.672,42.058,44.425,-2.317
2023-03-27 14:40:26.692,54.554,32.755,-1.418
2023-03-27 14:40:26.712,40.335,2.542,-1.174
2023-03-27 14:40:26.732,46.159,9.44,-4.474
2023-03-27 14:40:26.752,73.152,46.261,-12.74
2023-03-27 14:40:26.772,71.166,46.578,-12.21
2023-03-27 14:40:26.792,49.333,16.044,-12.104
2023-03-27 14:40:26.812,29.985,-3.861,-17.919
2023-03-27 14:40:26.832,21.261,3.864,-20.122
2023-03-27 14:40:26.852,24.729,27.298,-18.899
2023-03-27 14:40:26.872,30.011,44.284,-17.713
2023-03-27 14:40:26.892,27.508,40.305,-16.959
2023-03-27 14:40:26.912,17.801,24.173,-13.59
2023-03-27 14:40:26.932,9.036,10.373,-9.703
2023-03-27 14:40:26.952,2.954,2.443,-7.447
2023-03-27 14:40:26.972,-4.585,-3.338,-5.015
2023-03-27 14:40:26.992,-10.008,-7.302,-2.732
2023-03-27 14:40:27.012,-12.279,-8.876,-2.222
2023-03-27 14:40:27.032,-11.029,-6.296,-3.384
2023-03-27 14:40:27.052,-7.439,1.044,-5.16
2023-03-27 14:40:27.072,-2.786,10.758,-6.879
2023-03-27 14:40:27.092,0.911,14.954,-8.197
2023-03-27 14:40:27.112,0.991,13.826,-7.66
2023-03-27 14:40:27.132,-0.091,10.892,-5.347
2023-03-27 14:40:27.152,-0.21,9.219,-2.713
2023-03-27 14:40:27.172,-0.713,6.273,-1.2
2023-03-27 14:40:27.192,-1.646,2.462,0.255
2023-03-27 14:40:27.212,-1.791,-0.495,1.38
2023-03-27 14:40:27.232,-2.405,-1.688,1.704
2023-03-27 14:40:27.252,-2.53,-0.434,1.132
2023-03-27 14:40:27.272,-1.547,2.786,-0.114
2023-03-27 14:40:27.292,-1.742,4.943,-1.3
2023-03-27 14:40:27.312,-2.858,5.511,-3.171
2023-03-27 14:40:27.332,-4.562,5.473,-4.882
2023-03-27 14:40:27.352,-6.315,4.707,-5.728
2023-03-27 14:40:27.372,-6.795,3.739,-6.692
2023-03-27 14:40:27.392,-6.467,3.784,-7.024
2023-03-27 14:40:27.412,-6.014,5.122,-7.088
2023-03-27 14:40:27.432,-4.623,7.45,-7.237
2023-03-27 14:40:27.452,-3.944,7.893,-7.069
2023-03-27 14:40:27.472,-4.63,5.667,-5.819
2023-03-27 14:40:27.492,-5.663,3.377,-4.889
2023-03-27 14:40:27.512,-5.156,6.056,-4.367
2023-03-27 14:40:27.532,-3.445,15.084,-2.809
2023-03-27 14:40:27.552,-4.44,24.032,-0.042
2023-03-27 14:40:27.572,-9.604,24.379,2.42
2023-03-27 14:40:27.592,-17.576,15.335,4.962
2023-03-27 14:40:27.612,-23.396,6.864,5.537
2023-03-27 14:40:27.632,-23.083,4.787,3.921
2023-03-27 14:40:27.652,-20.667,12.755,3.716
2023-03-27 14:40:27.672,-16.22,23.59,4.653
2023-03-27 14:40:27.692,-12.919,27.893,5.133
2023-03-27 14:40:27.712,-13.316,25.774,5.835
2023-03-27 14:40:27.732,-15.267,19.444,6.65
2023-03-27 14:40:27.752,-17.485,11.448,6.749
2023-03-27 14:40:27.772,-18.262,5.217,6.029
2023-03-27 14:40:27.792,-18.377,3.357,5.964
2023-03-27 14:40:27.812,-17.18,4.973,5.335
2023-03-27 14:40:27.832,-15.419,8.792,4.162
2023-03-27 14:40:27.852,-12.885,12.367,3.975
2023-03-27 14:40:27.872,-11.338,12.824,3.636
2023-03-27 14:40:27.892,-10.636,11.28,3.274
2023-03-27 14:40:27.912,-11.623,7.98,4.653
2023-03-27 14:40:27.932,-13.529,2.309,7.248
2023-03-27 14:40:27.952,-14.573,-3.041,9.402
2023-03-27 14:40:27.972,-14.733,-6.383,11.502
2023-03-27 14:40:27.992,-15.53,-7.104,12.344
2023-03-27 14:40:28.012,-15.328,-5.995,13.129
2023-03-27 14:40:28.032,-15.835,-5.575,13.213
2023-03-27 14:40:28.052,-16.574,-6.155,10.922
2023-03-27 14:40:28.072,-15.252,-3.704,6.383
2023-03-27 14:40:28.092,-12.835,2.698,3.335
2023-03-27 14:40:28.112,-10.983,9.162,1.989
2023-03-27 14:40:28.132,-9.306,13.098,1.029
2023-03-27 14:40:28.152,-8.43,13.155,1.136
2023-03-27 14:40:28.172,-8.765,10.274,1.555
2023-03-27 14:40:28.192,-8.224,5.579,1.608
2023-03-27 14:40:28.212,-7.687,1.692,1.993
2023-03-27 14:40:28.232,-7.702,-1.181,1.604
2023-03-27 14:40:28.252,-7.473,-2.115,2.713
2023-03-27 14:40:28.272,-7.576,-4.901,3.38
2023-03-27 14:40:28.292,-8.331,-9.611,3.396
2023-03-27 14:40:28.312,-7.104,-11.349,3.548
2023-03-27 14:40:28.332,-5.053,-9.527,4.192
2023-03-27 14:40:28.352,-3.06,-6.94,3.731
2023-03-27 14:40:28.372,-2.473,-3.872,2.843
2023-03-27 14:40:28.392,-4.104,1.978,-0.739
2023-03-27 14:40:28.412,-8.986,12.378,-8.956
2023-03-27 14:40:28.432,-11.959,25.255,-14.177
2023-03-27 14:40:28.452,-7.367,30.217,-21.048
2023-03-27 14:40:28.472,3.403,35.667,-6.383
2023-03-27 14:40:28.492,10.675,13.563,4.954
2023-03-27 14:40:28.512,-4.878,-22.241,-9.821
2023-03-27 14:40:28.532,-5.351,-19.123,-13.136
2023-03-27 14:40:28.552,3.697,6.387,-12.912
2023-03-27 14:40:28.572,9.535,17.29,-7.614
2023-03-27 14:40:28.592,9.68,5.061,-1.978
2023-03-27 14:40:28.612,8.22,-10.423,3.117
2023-03-27 14:40:28.632,10.522,-15.259,3.102
2023-03-27 14:40:28.652,16.925,-12.248,-4.367
2023-03-27 14:40:28.672,23.636,-1.067,-4.989
2023-03-27 14:40:28.692,31.841,12.229,2.306
2023-03-27 14:40:28.712,33.765,11.079,3.613
2023-03-27 14:40:28.732,28.67,-3.247,1.162
2023-03-27 14:40:28.752,24.707,-15.187,-2.793
2023-03-27 14:40:28.772,25.896,-14.539,-7.47
2023-03-27 14:40:28.792,28.975,-2.778,-10.335
2023-03-27 14:40:28.812,31.742,8.434,-12.462
2023-03-27 14:40:28.832,30.816,12.176,-13.609
2023-03-27 14:40:28.852,27.168,9.032,-14.878
2023-03-27 14:40:28.872,22.839,4.668,-16.673
2023-03-27 14:40:28.892,19.863,4.672,-17.492
2023-03-27 14:40:28.912,18.99,9.741,-15.903
2023-03-27 14:40:28.932,18.06,14.771,-13.087
2023-03-27 14:40:28.952,15.194,14.87,-9.108
2023-03-27 14:40:28.972,10.305,8.274,-6.231
2023-03-27 14:40:28.992,5.351,0.739,-3.857
2023-03-27 14:40:29.012,2.866,-2.001,-2.149
2023-03-27 14:40:29.032,2.386,0.111,-0.976
2023-03-27 14:40:29.052,2.515,1.982,0.004
2023-03-27 14:40:29.072,1.818,0.301,0.595
2023-03-27 14:40:29.092,-0.072,-1.399,0.027
2023-03-27 14:40:29.112,0.842,0.225,-0.671
2023-03-27 14:40:29.132,2.203,1.079,-0.579
2023-03-27 14:40:29.152,2.405,-0.781,-0.77
2023-03-27 14:40:29.172,3.045,-1.452,-1.822
2023-03-27 14:40:29.192,4.082,1.437,-2.107
2023-03-27 14:40:29.212,4.916,4.047,-2.306
2023-03-27 14:40:29.232,4.245,3.011,-2.26
2023-03-27 14:40:29.252,2.325,-0.313,-2.066
2023-03-27 14:40:29.272,1.456,-2.226,-2.077
2023-03-27 14:40:29.292,2.123,-1.543,-1.947
2023-03-27 14:40:29.312,2.462,-0.995,-1.444
2023-03-27 14:40:29.332,1.665,-1.124,-1.319
2023-03-27 14:40:29.352,1.498,-0.095,-1.486
2023-03-27 14:40:29.372,2.024,2.161,-1.936
2023-03-27 14:40:29.392,2.988,3.472,-2.458
2023-03-27 14:40:29.412,2.729,2.26,-2.412
2023-03-27 14:40:29.432,2.351,0.644,-2.157
2023-03-27 14:40:29.452,2.599,-0.728,-1.932
2023-03-27 14:40:29.472,2.439,-2.035,-1.364
2023-03-27 14:40:29.492,2.443,-3.426,-0.465
2023-03-27 14:40:29.512,2.13,-3.354,0.114
2023-03-27 14:40:29.532,1.749,-1.989,0.179
2023-03-27 14:40:29.552,0.93,-1.033,-0.709
2023-03-27 14:40:29.572,1.048,0.286,-1.345
2023-03-27 14:40:29.592,1.54,1.139,-1.833
2023-03-27 14:40:29.612,2.085,1.463,-1.704
2023-03-27 14:40:29.632,1.871,1.101,-1.071
2023-03-27 14:40:29.652,1.334,0.111,-1.04
2023-03-27 14:40:29.672,0.793,-0.351,-1.132
2023-03-27 14:40:29.692,0.495,0.633,-0.983
2023-03-27 14:40:29.712,0.412,1.764,-1.486
2023-03-27 14:40:29.732,0.301,1.608,-1.543
2023-03-27 14:40:29.752,0.034,0.431,-0.93
2023-03-27 14:40:29.772,-0.088,-0.53,0.023
2023-03-27 14:40:29.792,-0.29,-1.563,0.587
2023-03-27 14:40:29.812,-0.351,-2.691,0.511
2023-03-27 14:40:29.832,-0.271,-2.71,0.168
2023-03-27 14:40:29.852,0.56,-1.162,-0.495
2023-03-27 14:40:29.872,1.155,0.762,-1.265
2023-03-27 14:40:29.892,1.905,2.317,-1.684
2023-03-27 14:40:29.912,2.53,2.302,-1.761
2023-03-27 14:40:29.932,2.214,0.998,-1.784
2023-03-27 14:40:29.952,1.372,-0.229,-1.338
2023-03-27 14:40:29.972,0.564,-1.067,-0.709
2023-03-27 14:40:29.992,0.103,-1.414,-0.724
2023-03-27 14:40:30.012,0.716,-0.046,-0.804
2023-03-27 14:40:30.032,1.204,1.421,-0.998
2023-03-27 14:40:30.052,0.217,1.448,-0.252
2023-03-27 14:40:30.072,-1.601,-0.911,0.076
2023-03-27 14:40:30.092,-2.694,-3.373,0.236
2023-03-27 14:40:30.112,-1.955,-3.159,0.164
2023-03-27 14:40:30.132,-0.709,-1.113,0.183
2023-03-27 14:40:30.152,0.198,0.713,-0.389
2023-03-27 14:40:30.172,0.255,2.153,-0.934
2023-03-27 14:40:30.192,-0.366,3.056,-1.037
2023-03-27 14:40:30.212,-1.349,3.171,-1.444
2023-03-27 14:40:30.232,-1.974,3.331,-2.016
2023-03-27 14:40:30.252,-1.54,4.15,-2.458
2023-03-27 14:40:30.272,-0.514,5.206,-2.481
2023-03-27 14:40:30.292,-0.13,6.021,-1.627
2023-03-27 14:40:30.312,-0.514,6.128,-1.094
2023-03-27 14:40:30.332,-2.138,5.023,-0.877
2023-03-27 14:40:30.352,-4.101,4.329,-0.252
2023-03-27 14:40:30.372,-5.309,4.748,-0.61
2023-03-27 14:40:30.392,-5.335,6.429,-1.585
2023-03-27 14:40:30.412,-5.857,10.56,-0.507
2023-03-27 14:40:30.432,-7.847,12.47,1.654
2023-03-27 14:40:30.452,-11.974,9.642,3.338
2023-03-27 14:40:30.472,-16.17,4.829,3.788
2023-03-27 14:40:30.492,-17.504,2.565,3.38
2023-03-27 14:40:30.512,-16.654,2.409,3.289
2023-03-27 14:40:30.532,-17.679,1.989,3.67
2023-03-27 14:40:30.552,-18.746,4.398,5.179
2023-03-27 14:40:30.572,-17.969,9.649,5.682
2023-03-27 14:40:30.592,-16.947,11.833,5.77
2023-03-27 14:40:30.612,-16.517,7.904,5.171
2023-03-27 14:40:30.632,-13.982,1.223,3.792
2023-03-27 14:40:30.652,-10.507,-4.032,4.768
2023-03-27 14:40:30.672,-7.123,-6.467,3.739
2023-03-27 14:40:30.692,-2.896,-2.473,1.89
2023-03-27 14:40:30.712,1.479,3.327,0.854
2023-03-27 14:40:30.732,2.801,4.329,-0.572
2023-03-27 14:40:30.752,2.576,2.702,-1.437
2023-03-27 14:40:30.772,2.832,2.824,-1.056
2023-03-27 14:40:30.792,2.584,2.504,-0.274
2023-03-27 14:40:30.812,0.957,-0.069,-0.747
2023-03-27 14:40:30.832,-1.09,-1.117,-0.492
2023-03-27 14:40:30.852,-2.104,0.011,0.114
2023-03-27 14:40:30.872,-2.553,0.499,0.271
2023-03-27 14:40:30.892,-2.98,1.098,0.328
2023-03-27 14:40:30.912,-2.55,2.611,0.667
2023-03-27 14:40:30.932,-2.329,2.9,1.543
2023-03-27 14:40:30.952,-4.364,0.983,3.083
2023-03-27 14:40:30.972,-7.237,-1.799,4.867
2023-03-27 14:40:30.992,-9.345,-3.929,4.935
2023-03-27 14:40:31.012,-9.562,-3.438,3.723
2023-03-27 14:40:31.032,-7.988,-1.075,2.988
2023-03-27 14:40:31.052,-7.477,-0.492,3.43
2023-03-27 14:40:31.072,-8.06,-1.974,5.255
2023-03-27 14:40:31.092,-9.558,-4.604,7.02
2023-03-27 14:40:31.112,-12.207,-6.532,8.864
2023-03-27 14:40:31.132,-13.982,-7.923,9.87
2023-03-27 14:40:31.152,-14.245,-9.55,8.956
2023-03-27 14:40:31.172,-12.389,-9.745,6.136
2023-03-27 14:40:31.192,-8.872,-5.625,5.617
2023-03-27 14:40:31.212,-5.835,-1.707,7.016
2023-03-27 14:40:31.232,-5.358,-1.254,6.235
2023-03-27 14:40:31.252,-6.818,-4.043,4.184
2023-03-27 14:40:31.272,-7.283,-6.582,2.687
2023-03-27 14:40:31.292,-6.174,-6.944,1.254
2023-03-27 14:40:31.312,-4.379,-6.684,-0.659
2023-03-27 14:40:31.332,-4.154,-3.681,-1.883
2023-03-27 14:40:31.352,-7.805,6.334,-6.242
2023-03-27 14:40:31.372,-6.543,27.245,-15.354
2023-03-27 14:40:31.392,3.285,47.652,-23.7
2023-03-27 14:40:31.412,13.415,54.867,-6.418
2023-03-27 14:40:31.432,10.267,17.66,-3.247
2023-03-27 14:40:31.452,-5.598,-23.049,-3.647
2023-03-27 14:40:31.472,-13.201,-32.332,-3.148
2023-03-27 14:40:31.492,-7.976,-13.982,-5.194
2023-03-27 14:40:31.512,3.266,15.949,-6.239
2023-03-27 14:40:31.532,9.539,34.764,-8.411
2023-03-27 14:40:31.552,11.757,36.048,-9.364
2023-03-27 14:40:31.572,11.616,24.47,-8.354
2023-03-27 14:40:31.592,7.45,7.527,-6.791
2023-03-27 14:40:31.612,3.586,-2.706,-4.848
2023-03-27 14:40:31.632,4.425,-2.367,-1.684
2023-03-27 14:40:31.652,6.021,2.02,0.636
2023-03-27 14:40:31.672,10.244,7.374,1.582
2023-03-27 14:40:31.692,19.204,11.502,1.38
2023-03-27 14:40:31.712,32.55,10.004,-1.437
2023-03-27 14:40:31.732,43.586,3.617,-6.772
2023-03-27 14:40:31.752,46.334,6.181,-0.705
2023-03-27 14:40:31.772,45.941,8.636,12.119
2023-03-27 14:40:31.792,35.32,-12.325,12.519
2023-03-27 14:40:31.812,21.261,-34.798,7.87
2023-03-27 14:40:31.832,17.854,-36.2,0.926
2023-03-27 14:40:31.852,19.333,-25.739,-4.425
2023-03-27 14:40:31.872,21.387,-18.746,-8.136
2023-03-27 14:40:31.892,22.149,-16.955,-8.948
2023-03-27 14:40:31.912,25.45,-12.431,-8.239
2023-03-27 14:40:31.932,30.442,-6.002,-6.757
2023-03-27 14:40:31.952,33.441,1.623,-4.859
2023-03-27 14:40:31.972,31.159,4.985,-3.914
2023-03-27 14:40:31.992,24.455,4.177,-3.628
2023-03-27 14:40:32.012,16.01,1.418,-3.121
2023-03-27 14:40:32.032,6.719,-3.769,-3.098
2023-03-27 14:40:32.052,-0.884,-9.642,-3.647
2023-03-27 14:40:32.072,-3.087,-12.092,-4.261
2023-03-27 14:40:32.092,-1.707,-8.636,-4.546
2023-03-27 14:40:32.112,1.41,-1.684,-4.131
2023-03-27 14:40:32.132,2.992,1.49,-4.245
2023-03-27 14:40:32.152,0.793,-0.4,-4.021
2023-03-27 14:40:32.172,-1.433,-3.617,-4.226
2023-03-27 14:40:32.192,-2.378,-6.052,-4.733
2023-03-27 14:40:32.212,-2.172,-6.616,-3.982
2023-03-27 14:40:32.232,-0.713,-5.446,-2.961
2023-03-27 14:40:32.252,0.675,-3.388,-1.349
2023-03-27 14:40:32.272,0.168,-5.663,-0.423
2023-03-27 14:40:32.292,-4.032,-11.479,-1.886
2023-03-27 14:40:32.312,-9.989,-19.154,-4.184
2023-03-27 14:40:32.332,-15.842,-26.658,-5.111
2023-03-27 14:40:32.352,-21.723,-32.447,-6.947
2023-03-27 14:40:32.372,-23.213,-35.816,-13.228
2023-03-27 14:40:32.392,-21.917,-34.276,-18.777
2023-03-27 14:40:32.412,-20.236,-25.514,-25.362
2023-03-27 14:40:32.432,-17.946,-13.357,-32.405
2023-03-27 14:40:32.452,-17.9,-9.466,-37.1
2023-03-27 14:40:32.472,-21.421,-15.267,-41.425
2023-03-27 14:40:32.492,-23.986,-22.115,-45.892
2023-03-27 14:40:32.512,-22.569,-21.117,-49.002
2023-03-27 14:40:32.532,-16.368,-9.817,-50.865
2023-03-27 14:40:32.552,-8.114,4.505,-51.334
2023-03-27 14:40:32.572,-1.265,13.194,-48.476
2023-03-27 14:40:32.592,2.534,17.18,-45.8
2023-03-27 14:40:32.612,7.294,24.79,-48.056
2023-03-27 14:40:32.632,17.832,40.324,-49.535
2023-03-27 14:40:32.652,32.774,53.861,-45.091
2023-03-27 14:40:32.672,37.553,46.951,-44.451
2023-03-27 14:40:32.692,31.677,45.248,-49.524
2023-03-27 14:40:32.712,38.598,83.956,-49.783
2023-03-27 14:40:32.732,65.682,124.874,-44.703
2023-03-27 14:40:32.752,98.712,124.874,-36.517
2023-03-27 14:40:32.772,113.62,124.089,-21.498
2023-03-27 14:40:32.792,89.078,114.31,-0.915
2023-03-27 14:40:32.812,40.644,10.907,17.18
2023-03-27 14:40:32.832,-4.2,-114.196,28.289
2023-03-27 14:40:32.852,-42.755,-124.874,41.734
2023-03-27 14:40:32.872,-76.551,-123.498,48.064
2023-03-27 14:40:32.892,-60.48,-102.58,39.047
2023-03-27 14:40:32.912,4.268,22.748,21.143
2023-03-27 14:40:32.932,44.546,93.041,15.93
2023-03-27 14:40:32.952,29.539,59.207,36.818
2023-03-27 14:40:32.972,-2.069,-8.529,42.717
2023-03-27 14:40:32.992,-3.476,-38.838,24.539
2023-03-27 14:40:33.012,1.002,-5.678,1.947
2023-03-27 14:40:33.032,-10.77,58.647,-34.318
2023-03-27 14:40:33.052,-29.855,92.161,-42.934
2023-03-27 14:40:33.072,-29.447,57.519,-17.218
2023-03-27 14:40:33.092,-25.168,-0.171,-24.977
2023-03-27 14:40:33.112,-32.603,-35.259,-32.245
2023-03-27 14:40:33.132,-32.237,-45.842,-5.892
2023-03-27 14:40:33.152,-21.132,-39.276,17.534
2023-03-27 14:40:33.172,-12.774,-3.365,16.261
2023-03-27 14:40:33.192,17.336,66.018,-7.534
2023-03-27 14:40:33.212,64.775,118.647,-10.412
2023-03-27 14:40:33.232,87.321,109.386,15.206
2023-03-27 14:40:33.252,44.108,50.663,23.773
2023-03-27 14:40:33.272,5.804,-2.763,11.879
2023-03-27 14:40:33.292,6.037,-21.883,-1.239
2023-03-27 14:40:33.312,11.856,-9.272,11.463
2023-03-27 14:40:33.332,38.392,25.736,30.614
2023-03-27 14:40:33.352,69.15,69.223,16.841
2023-03-27 14:40:33.372,86.242,99.226,11.037
2023-03-27 14:40:33.392,98.746,95.938,28.148
2023-03-27 14:40:33.412,66.65,65.457,40.682
2023-03-27 14:40:33.432,46.105,46.124,39.489
2023-03-27 14:40:33.452,55.373,71.574,33.392
2023-03-27 14:40:33.472,70.206,118.125,29.657
2023-03-27 14:40:33.492,81.723,124.874,31.014
2023-03-27 14:40:33.512,76.776,124.432,48.148
2023-03-27 14:40:33.532,68.19,123.861,65.358
2023-03-27 14:40:33.552,46.806,85.21,77.82
2023-03-27 14:40:33.572,7.302,6.646,83.232
2023-03-27 14:40:33.592,-1.593,-30.004,72.321
2023-03-27 14:40:33.612,20.812,-6.768,55.659
2023-03-27 14:40:33.632,44.867,44.531,55.545
2023-03-27 14:40:33.652,48.087,70.21,67.527
2023-03-27 14:40:33.672,37.336,58.327,69.546
2023-03-27 14:40:33.692,31.78,39.051,67.176
2023-03-27 14:40:33.712,31.482,35.152,62.245
2023-03-27 14:40:33.732,37.687,42.858,57.363
2023-03-27 14:40:33.752,35.941,44.226,59.752
2023-03-27 14:40:33.772,27.614,34.329,59.238
2023-03-27 14:40:33.792,27.26,33.746,49.303
2023-03-27 14:40:33.812,31.391,49.226,48.243
2023-03-27 14:40:33.832,26.768,65.434,49.318
2023-03-27 14:40:33.852,22.561,81.814,47.954
2023-03-27 14:40:33.872,23.159,65.518,45.701
2023-03-27 14:40:33.892,8.872,30.404,41.075
2023-03-27 14:40:33.912,-2.565,2.157,34.867
2023-03-27 14:40:33.932,-1.12,-31.917,26.54
2023-03-27 14:40:33.952,-2.843,-59.516,21.25
2023-03-27 14:40:33.972,-14.101,-54.295,24.486
2023-03-27 14:40:33.992,-29.291,-51.677,32.588
2023-03-27 14:40:34.012,-49.459,-91.925,24.093
2023-03-27 14:40:34.032,-49.657,-124.874,10.781
2023-03-27 14:40:34.052,-49.615,-124.874,-2.271
2023-03-27 14:40:34.072,-25.755,-92.462,-16.57
2023-03-27 14:40:34.092,1.635,-43.22,-22.626
2023-03-27 14:40:34.112,-6.677,-58.403,-20.979
2023-03-27 14:40:34.132,-33.22,-118.735,-8.3
2023-03-27 14:40:34.152,-65.568,-124.874,2.931
2023-03-27 14:40:34.172,-98.354,-124.127,2.256
2023-03-27 14:40:34.192,-113.075,-124.619,-5.716
2023-03-27 14:40:34.212,-110.617,-124.874,-18.822
2023-03-27 14:40:34.232,-101.482,-124.87,-28.773
2023-03-27 14:40:34.252,-86.951,-124.87,-32.233
2023-03-27 14:40:34.272,-67.816,-104.268,-33.742
2023-03-27 14:40:34.292,-44.508,-49.958,-36.81
2023-03-27 14:40:34.312,-23.209,-4.375,-39.924
2023-03-27 14:40:34.332,-13.422,10.415,-39.299
2023-03-27 14:40:34.352,-17.732,9.39,-34.84
2023-03-27 14:40:34.372,-21.852,7.504,-31.543
2023-03-27 14:40:34.392,-27.351,-7.881,-29.261
2023-03-27 14:40:34.412,-45.061,-45.652,-29.245
2023-03-27 14:40:34.432,-66.925,-78.213,-32.123
2023-03-27 14:40:34.452,-80.069,-89.093,-35.21
2023-03-27 14:40:34.472,-83.3,-88.224,-27.588
2023-03-27 14:40:34.492,-75.442,-77.184,-15.823
2023-03-27 14:40:34.512,-63.457,-72.851,-8.758
2023-03-27 14:40:34.532,-56.517,-81.052,-12.767
2023-03-27 14:40:34.552,-56.883,-97.885,-26.997
2023-03-27 14:40:34.572,-46.665,-96.319,-32.873
2023-03-27 14:40:34.592,-45.179,-83.418,-38.037
2023-03-27 14:40:34.612,-56.075,-79.92,-52.294
2023-03-27 14:40:34.632,-48.944,-55.415,-27.1
2023-03-27 14:40:34.652,-56.101,-53.106,14.337
2023-03-27 14:40:34.672,-85.659,-106.227,46.54
2023-03-27 14:40:34.692,-91.181,-124.874,52.001
2023-03-27 14:40:34.712,-70.152,-103.392,28.716
2023-03-27 14:40:34.732,-35.827,-32.088,24.444
2023-03-27 14:40:34.752,-13.422,32.207,23.426
2023-03-27 14:40:34.772,7.317,113.373,15.183
2023-03-27 14:40:34.792,32.637,124.874,21.349
2023-03-27 14:40:34.812,28.537,111.09,30.777
2023-03-27 14:40:34.832,-3.373,50.179,47.752
2023-03-27 14:40:34.852,-6.463,78.152,44.207
2023-03-27 14:40:34.872,31.075,124.874,21.159
2023-03-27 14:40:34.892,93.178,124.874,-1.654
2023-03-27 14:40:34.912,124.874,123.819,8.575
2023-03-27 14:40:34.932,119.463,124.874,23.674
2023-03-27 14:40:34.952,87.82,107.001,22.05
2023-03-27 14:40:34.972,36.806,-5.442,36.132
2023-03-27 14:40:34.992,-1.048,-100.103,31.692
2023-03-27 14:40:35.012,-4.867,-48.887,-5.793
2023-03-27 14:40:35.032,27.374,81.944,-11.772
2023-03-27 14:40:35.052,74.055,124.874,7.489
2023-03-27 14:40:35.072,88.666,124.874,30.804
2023-03-27 14:40:35.092,73.129,123.742,57.95
2023-03-27 14:40:35.112,34.444,119.569,62.79
2023-03-27 14:40:35.132,13.761,100.252,66.025
2023-03-27 14:40:35.152,15.633,105.492,64.268
2023-03-27 14:40:35.172,24.524,112.138,45.522
2023-03-27 14:40:35.192,33.769,120.248,40.522
2023-03-27 14:40:35.212,26.197,111.227,59.714
2023-03-27 14:40:35.232,21.063,53.453,73.803
2023-03-27 14:40:35.252,19.973,-15.823,95.857
2023-03-27 14:40:35.272,-0.568,-18.582,114.668
2023-03-27 14:40:35.292,-1.936,16.688,86.604
2023-03-27 14:40:35.312,32.207,73.78,61.402
2023-03-27 14:40:35.332,60.088,112.317,52.813
2023-03-27 14:40:35.352,57.923,124.478,46.273
2023-03-27 14:40:35.372,41.147,124.874,33.605
2023-03-27 14:40:35.392,41.391,124.798,11.662
2023-03-27 14:40:35.412,61.162,124.855,-3.598
2023-03-27 14:40:35.432,73.064,124.874,10.995
2023-03-27 14:40:35.452,41.73,124.874,32.683
2023-03-27 14:40:35.472,17.279,115.865,30.171
2023-03-27 14:40:35.492,18.403,92.073,14.31
2023-03-27 14:40:35.512,21.681,91.193,5.152
2023-03-27 14:40:35.532,19.699,84.726,-1.338
2023-03-27 14:40:35.552,7.938,58.377,-9.421
2023-03-27 14:40:35.572,-8.441,13.586,-9.992
2023-03-27 14:40:35.592,-15.16,-32.801,-3.243
2023-03-27 14:40:35.612,-9.425,-43.396,2.111
2023-03-27 14:40:35.632,-1.189,-39.592,-0.362
2023-03-27 14:40:35.652,8.35,-23.479,-6.593
2023-03-27 14:40:35.672,27.771,3.639,-14.95
2023-03-27 14:40:35.692,43.613,15.385,-23.582
2023-03-27 14:40:35.712,45.255,-14.127,-28.415
2023-03-27 14:40:35.732,20.408,-62.771,-25.888
2023-03-27 14:40:35.752,-15.442,-90.13,-23.697
2023-03-27 14:40:35.772,-15.72,-82.287,-25.873
2023-03-27 14:40:35.792,6.17,-68.99,-34.303
2023-03-27 14:40:35.812,21.17,-63.068,-39.707
2023-03-27 14:40:35.832,-1.383,-70.88,-45.389
2023-03-27 14:40:35.852,-31.65,-119.402,-57.161
2023-03-27 14:40:35.872,-42.519,-124.874,-47.184
2023-03-27 14:40:35.892,-43.152,-124.23,-27.835
2023-03-27 14:40:35.912,-62.572,-124.649,0.671
2023-03-27 14:40:35.932,-76.315,-124.874,-7.732
2023-03-27 14:40:35.952,-76.261,-124.874,-51.662
2023-03-27 14:40:35.972,-55.038,-120.13,-84.466
2023-03-27 14:40:35.992,-44.139,-98.613,-105.762
2023-03-27 14:40:36.012,-80.705,-105.492,-122.988
2023-03-27 14:40:36.032,-124.874,-108.331,-75.069
2023-03-27 14:40:36.052,-124.874,-116.627,-32.698
2023-03-27 14:40:36.072,-111.745,-124.874,-52.881
2023-03-27 14:40:36.092,-119.649,-124.874,-43.342
2023-03-27 14:40:36.112,-124.874,-124.676,16.704
2023-03-27 14:40:36.132,-124.855,-105.739,30.838
2023-03-27 14:40:36.152,-106.185,-33.323,-20.579
2023-03-27 14:40:36.172,-82.862,34.783,-35.328
2023-03-27 14:40:36.192,-89.539,5.271,0.777
2023-03-27 14:40:36.212,-99.897,-78.399,21.223
2023-03-27 14:40:36.232,-102.908,-124.874,26.913
2023-03-27 14:40:36.252,-109.463,-123.182,46.284
2023-03-27 14:40:36.272,-102.489,-78.735,50.236
2023-03-27 14:40:36.292,-88.552,-27.222,33.617
2023-03-27 14:40:36.312,-82.492,-52.073,49.787
2023-03-27 14:40:36.332,-92.172,-121.216,54.478
2023-03-27 14:40:36.352,-97.351,-124.874,12.896
2023-03-27 14:40:36.372,-66.505,-79.192,13.876
2023-03-27 14:40:36.392,-40.324,-8.415,34.981
2023-03-27 14:40:36.412,-24.748,38.11,52.317
2023-03-27 14:40:36.432,-3.384,47.466,72.725
2023-03-27 14:40:36.452,-2.401,-7.698,79.935
2023-03-27 14:40:36.472,-11.62,-110.899,108.014
2023-03-27 14:40:36.492,-19.634,-124.874,112.98
2023-03-27 14:40:36.512,-9.276,-123.761,63.681
2023-03-27 14:40:36.532,18.982,-23.681,11.86
2023-03-27 14:40:36.552,96.89,124.874,25.347
2023-03-27 14:40:36.572,100.739,112.107,77.165
2023-03-27 14:40:36.592,29.264,-11.837,78.285
2023-03-27 14:40:36.612,5.32,-91.513,52.088
2023-03-27 14:40:36.632,36.993,-117.729,59.985
2023-03-27 14:40:36.652,61.49,-89.954,63.571
2023-03-27 14:40:36.672,71.429,-8.716,38.498
2023-03-27 14:40:36.692,105.884,79.364,25.732
2023-03-27 14:40:36.712,124.874,78.552,45.24
2023-03-27 14:40:36.732,98.933,13.384,62.046
2023-03-27 14:40:36.752,86.151,-37.42,68.14
2023-03-27 14:40:36.772,102.954,-42.588,64.642
2023-03-27 14:40:36.792,124.874,-23.952,62.881
2023-03-27 14:40:36.812,124.874,3.941,50.812
2023-03-27 14:40:36.832,124.47,15.781,39.829
2023-03-27 14:40:36.852,124.863,17.588,40.32
2023-03-27 14:40:36.872,124.874,19.714,31.235
2023-03-27 14:40:36.892,124.87,25.122,17.359
2023-03-27 14:40:36.912,124.874,38.426,-0.564
2023-03-27 14:40:36.932,124.874,80.743,-20.675
2023-03-27 14:40:36.952,124.874,124.874,-29.078
2023-03-27 14:40:36.972,124.874,124.874,-33.792
2023-03-27 14:40:36.992,124.874,124.078,-22.024
2023-03-27 14:40:37.012,124.874,124.84,4.486
2023-03-27 14:40:37.032,124.874,109.954,-2.188
2023-03-27 14:40:37.052,124.284,87.931,-21.204
2023-03-27 14:40:37.072,120.038,118.567,-32.614
2023-03-27 14:40:37.092,117.329,124.874,-31.875
2023-03-27 14:40:37.112,93.418,93.59,-5.854
2023-03-27 14:40:37.132,48.689,18.895,20.762
2023-03-27 14:40:37.152,0.248,-30.526,21.524
2023-03-27 14:40:37.172,-20.271,-36.25,5.019
2023-03-27 14:40:37.192,-7.664,-6.227,-5.309
2023-03-27 14:40:37.212,23.243,35.716,-13.03
2023-03-27 14:40:37.232,47.203,74.089,-17.595
2023-03-27 14:40:37.252,62.351,106.223,-21.989
2023-03-27 14:40:37.272,63.735,111.292,-13.712
2023-03-27 14:40:37.292,48.22,76.479,-2.008
2023-03-27 14:40:37.312,22.066,38.872,-1.338
2023-03-27 14:40:37.332,0.095,19.421,-14.729
2023-03-27 14:40:37.352,-8.651,23.563,-35.598
2023-03-27 14:40:37.372,-4.508,35.968,-47.13
2023-03-27 14:40:37.392,2.603,38.037,-44.752
2023-03-27 14:40:37.412,-0.305,38.941,-38.544
2023-03-27 14:40:37.432,7.866,31.441,-31.532
2023-03-27 14:40:37.452,23.228,12.915,-18.639
2023-03-27 14:40:37.472,26.212,-22.675,-7.287
2023-03-27 14:40:37.492,8.708,-52.698,-11.582
2023-03-27 14:40:37.512,-0.198,-33.011,-23.495
2023-03-27 14:40:37.532,14.84,15.522,-35.03
2023-03-27 14:40:37.552,31.585,49.897,-44.783
2023-03-27 14:40:37.572,22.721,50.046,-48.544
2023-03-27 14:40:37.592,10.126,21.326,-49.158
2023-03-27 14:40:37.612,10.103,-3.784,-52.729
2023-03-27 14:40:37.632,13.78,2.016,-57.919
2023-03-27 14:40:37.652,32.275,17.424,-67.355
2023-03-27 14:40:37.672,50.564,39.52,-77.675
2023-03-27 14:40:37.692,50.591,52.02,-99.348
2023-03-27 14:40:37.712,38.563,49.516,-112.367
2023-03-27 14:40:37.732,38.361,34.737,-105.808
2023-03-27 14:40:37.752,52.809,6.349,-93.236
2023-03-27 14:40:37.772,42.698,-26.883,-79.851
2023-03-27 14:40:37.792,20.595,-46.391,-77.835
2023-03-27 14:40:37.812,2.999,-37.428,-80.949
2023-03-27 14:40:37.832,-10.461,-0.697,-74.874
2023-03-27 14:40:37.852,-17.043,41.886,-71.136
2023-03-27 14:40:37.872,-9.535,72.565,-83.544
2023-03-27 14:40:37.892,2.077,89.688,-100.888
2023-03-27 14:40:37.912,6.3,60.884,-107.367
2023-03-27 14:40:37.932,-7.744,-30.762,-109.07
2023-03-27 14:40:37.952,-29.71,-123.209,-86.559
2023-03-27 14:40:37.972,-38.266,-124.874,-59.558
2023-03-27 14:40:37.992,-43.155,-123.525,-36.38
2023-03-27 14:40:38.012,-29.954,-113.963,-56.143
2023-03-27 14:40:38.032,-13.186,-73.38,-82.454
2023-03-27 14:40:38.052,-11.856,-45.091,-73.449
2023-03-27 14:40:38.072,-21.944,-33.438,-41.582
2023-03-27 14:40:38.092,-63.807,-78.605,-8.186
2023-03-27 14:40:38.112,-122.961,-124.874,39.577
2023-03-27 14:40:38.132,-124.874,-124.874,81.296
2023-03-27 14:40:38.152,-124.021,-123.853,101.151
2023-03-27 14:40:38.172,-124.722,-124.874,65.004
2023-03-27 14:40:38.192,-124.874,-124.874,56.147
2023-03-27 14:40:38.212,-124.867,-124.859,77.035
2023-03-27 14:40:38.232,-124.874,-124.874,82.79
2023-03-27 14:40:38.252,-124.874,-124.874,90.747
2023-03-27 14:40:38.272,-124.874,-124.874,85.069
2023-03-27 14:40:38.292,-113.251,-124.874,74.928
2023-03-27 14:40:38.312,-63.571,-124.874,47.866
2023-03-27 14:40:38.332,-21.966,-94.87,9.143
2023-03-27 14:40:38.352,5.271,20.099,1.578
2023-03-27 14:40:38.372,29.303,75.023,8.868
2023-03-27 14:40:38.392,25.164,51.578,15.069
2023-03-27 14:40:38.412,-13.803,5.812,17.538
2023-03-27 14:40:38.432,-41.38,-24.409,13.502
2023-03-27 14:40:38.452,-42.454,-37.149,16.684
2023-03-27 14:40:38.472,-27.915,-20.358,13.518
2023-03-27 14:40:38.492,10.507,42.34,1.654
2023-03-27 14:40:38.512,51.273,85.842,4.211
2023-03-27 14:40:38.532,53.426,58.559,12.195
2023-03-27 14:40:38.552,36.643,10.644,15.084
2023-03-27 14:40:38.572,34.569,3.312,13.171
2023-03-27 14:40:38.592,43.415,53.979,2.256
2023-03-27 14:40:38.612,69.996,123.35,-2.45
2023-03-27 14:40:38.632,108.841,124.874,15.328
2023-03-27 14:40:38.652,118.925,123.838,26.353
2023-03-27 14:40:38.672,113.472,124.71,32.268
2023-03-27 14:40:38.692,114.68,124.874,38.864
2023-03-27 14:40:38.712,112.79,124.863,32.984
2023-03-27 14:40:38.732,108.506,124.87,16.33
2023-03-27 14:40:38.752,110.96,124.874,10.282
2023-03-27 14:40:38.772,122.671,124.874,30.819
2023-03-27 14:40:38.792,124.874,122.035,64.928
2023-03-27 14:40:38.812,108.445,58.312,61.73
2023-03-27 14:40:38.832,82.462,7.95,50.587
2023-03-27 14:40:38.852,86.063,58.495,37.774
2023-03-27 14:40:38.872,116.456,123.7,29.508
2023-03-27 14:40:38.892,124.874,124.874,30.187
2023-03-27 14:40:38.912,124.383,123.921,15.354
2023-03-27 14:40:38.932,108.064,124.733,-10.32
2023-03-27 14:40:38.952,84.143,124.874,-56.49
2023-03-27 14:40:38.972,100.518,124.863,-62.79
2023-03-27 14:40:38.992,124.874,124.87,-4.021
2023-03-27 14:40:39.012,113.457,124.874,31.098
2023-03-27 14:40:39.032,66.7,98.167,43.464
2023-03-27 14:40:39.052,35.13,35.225,45.145
2023-03-27 14:40:39.072,34.242,-5.248,41.189
2023-03-27 14:40:39.092,20.865,-40.964,46.368
2023-03-27 14:40:39.112,-9.577,-42.904,41.704
2023-03-27 14:40:39.132,-2.896,-28.99,27.302
2023-03-27 14:40:39.152,18.03,-7.348,16.368
2023-03-27 14:40:39.172,19.665,27.37,5.899
2023-03-27 14:40:39.192,13.887,56.09,-10.701
2023-03-27 14:40:39.212,21.585,60.636,-15.339
2023-03-27 14:40:39.232,27.782,49.318,-8.857
2023-03-27 14:40:39.252,27.813,35.568,-2.188
2023-03-27 14:40:39.272,30.13,35.549,-1.597
2023-03-27 14:40:39.292,39.604,39.741,-6.623
2023-03-27 14:40:39.312,43.941,36.303,-10.777
2023-03-27 14:40:39.332,36.715,20.796,-9.516
2023-03-27 14:40:39.352,17.466,-17.47,-5.96
2023-03-27 14:40:39.372,-0.861,-48.559,-2.542
2023-03-27 14:40:39.392,-6.193,-53.243,-7.79
2023-03-27 14:40:39.412,-0.629,-38.529,-17.591
2023-03-27 14:40:39.432,5.705,-25.922,-24.943
2023-03-27 14:40:39.452,8.902,-25.8,-30.358
2023-03-27 14:40:39.472,2.584,-17.74,-31.357
2023-03-27 14:40:39.492,-0.915,-3.323,-16.928
2023-03-27 14:40:39.512,0.568,4.291,-15.785
2023-03-27 14:40:39.532,-7.188,0.164,-28.975
2023-03-27 14:40:39.552,-4.059,-16.898,-30.857
2023-03-27 14:40:39.572,-1.978,-9.257,-15.457
2023-03-27 14:40:39.592,1.208,11.94,-13.236
2023-03-27 14:40:39.612,7.542,20.282,-18.201
2023-03-27 14:40:39.632,3.857,-10.667,-21.2
2023-03-27 14:40:39.652,-15.16,-75.785,-24.924
2023-03-27 14:40:39.672,-46.757,-124.874,-24.051
2023-03-27 14:40:39.692,-59.886,-124.874,-18.091
2023-03-27 14:40:39.712,-33.388,-123.933,-5.701
2023-03-27 14:40:39.732,-18.971,-124.874,2.572
2023-03-27 14:40:39.752,-26.871,-124.874,-0.084
2023-03-27 14:40:39.772,-5.945,-111.665,-13.251
2023-03-27 14:40:39.792,39.745,-23.521,-17.988
2023-03-27 14:40:39.812,44.867,13.102,-15.606
2023-03-27 14:40:39.832,10.05,-61.288,-5.766
2023-03-27 14:40:39.852,-23.163,-124.874,-4.112
2023-03-27 14:40:39.872,-23.746,-124.874,-15.816
2023-03-27 14:40:39.892,-32.149,-123.601,-4.524
2023-03-27 14:40:39.912,-79.668,-124.874,18.975
2023-03-27 14:40:39.932,-123.449,-124.874,33.887
2023-03-27 14:40:39.952,-124.874,-124.855,38.27
2023-03-27 14:40:39.972,-124.276,-124.874,44.97
2023-03-27 14:40:39.992,-118.948,-124.874,39.028
2023-03-27 14:40:40.012,-87.839,-124.874,23.346
2023-03-27 14:40:40.032,-58.373,-81.143,10.758
2023-03-27 14:40:40.052,-52.969,-31.608,10.549
2023-03-27 14:40:40.072,-62.824,-48.895,10.53
2023-03-27 14:40:40.092,-80.08,-26.067,-3.982
2023-03-27 14:40:40.112,-49.036,48.975,-35.633
2023-03-27 14:40:40.132,-13.346,101.54,-51.002
2023-03-27 14:40:40.152,-23.579,49.253,-47.805
2023-03-27 14:40:40.172,-67.309,-31.65,-36.612
2023-03-27 14:40:40.192,-78.853,-23.765,-21.764
2023-03-27 14:40:40.212,-31.052,67.111,-20.697
2023-03-27 14:40:40.232,8.666,124.874,-16.231
2023-03-27 14:40:40.252,2.778,107.679,-7.717
2023-03-27 14:40:40.272,-26.521,32.626,-5.781
2023-03-27 14:40:40.292,-45.667,-28.765,-10.061
2023-03-27 14:40:40.312,-28.59,-28.765,-8.197
2023-03-27 14:40:40.332,-3.327,7.759,-1.749
2023-03-27 14:40:40.352,8.83,35.038,0.553
2023-03-27 14:40:40.372,9.748,43.327,-1.837
2023-03-27 14:40:40.392,4.577,37.744,-7.466
2023-03-27 14:40:40.412,-7.527,12.332,-10.152
2023-03-27 14:40:40.432,-19.287,-33.232,-5.549
2023-03-27 14:40:40.452,-25.069,-61.273,0.488
2023-03-27 14:40:40.472,-8.857,-17.237,-1.547
2023-03-27 14:40:40.492,29.764,75.678,-14.31
2023-03-27 14:40:40.512,54.051,124.874,-20.434
2023-03-27 14:40:40.532,46.772,123.247,-20.77
2023-03-27 14:40:40.552,20.972,68.826,-27.165
2023-03-27 14:40:40.572,7.824,12.82,-26.2
2023-03-27 14:40:40.592,13.258,21.181,-13.041
2023-03-27 14:40:40.612,16.818,75.968,-15.229
2023-03-27 14:40:40.632,21.109,124.874,-20.602
2023-03-27 14:40:40.652,25.347,124.874,-27.214
2023-03-27 14:40:40.672,18.243,123.96,-26.944
2023-03-27 14:40:40.692,17.652,109.966,-14.695
2023-03-27 14:40:40.712,18.075,42.893,9.425
2023-03-27 14:40:40.732,2.073,4.272,11.307
2023-03-27 14:40:40.752,-6.452,24.672,-4.768
2023-03-27 14:40:40.772,2.146,70.316,-22.671
2023-03-27 14:40:40.792,7.767,108.792,-39.162
2023-03-27 14:40:40.812,16.322,124.874,-51.341
2023-03-27 14:40:40.832,18.098,124.874,-55.412
2023-03-27 14:40:40.852,13.605,124.493,-58.453
2023-03-27 14:40:40.872,18.178,120.838,-35.629
2023-03-27 14:40:40.892,20.964,76.406,-12.961
2023-03-27 14:40:40.912,16.307,37.229,-13.529
2023-03-27 14:40:40.932,13.853,30.465,-3.819
2023-03-27 14:40:40.952,15.297,28.247,1.502
2023-03-27 14:40:40.972,18.761,29.611,-1.833
2023-03-27 14:40:40.992,17.031,32.313,2.671
2023-03-27 14:40:41.012,13.876,19.546,3.849
2023-03-27 14:40:41.032,21.582,20.469,-10.625
2023-03-27 14:40:41.052,27.679,48.426,-28.186
2023-03-27 14:40:41.072,28.201,81.86,-53.346
2023-03-27 14:40:41.092,40.179,124.874,-49.855
2023-03-27 14:40:41.112,32.477,124.874,0.709
2023-03-27 14:40:41.132,-5.877,90.099,40.575
2023-03-27 14:40:41.152,-9.729,-1.818,43.872
2023-03-27 14:40:41.172,-2.538,-63.887,23.498
2023-03-27 14:40:41.192,5.751,-40.373,11.288
2023-03-27 14:40:41.212,14.581,20.4,-1.723
2023-03-27 14:40:41.232,33.643,67.805,-16.25
2023-03-27 14:40:41.252,37.077,104.775,-13.053
2023-03-27 14:40:41.272,24.821,104.512,7.142
2023-03-27 14:40:41.292,15.884,70.846,30.213
2023-03-27 14:40:41.312,-6.361,18.681,39.977
2023-03-27 14:40:41.332,-13.247,-15.08,36.162
2023-03-27 14:40:41.352,-8.487,6.029,32.79
2023-03-27 14:40:41.372,-11.585,27.088,31.402
2023-03-27 14:40:41.392,-3.761,31.825,23.773
2023-03-27 14:40:41.412,5.415,41.883,13.754
2023-03-27 14:40:41.432,5.671,50.293,9.245
2023-03-27 14:40:41.452,1.543,55.0,14.085
2023-03-27 14:40:41.472,-13.277,40.069,22.138
2023-03-27 14:40:41.492,-23.06,18.068,14.836
2023-03-27 14:40:41.512,-16.368,19.672,9.973
2023-03-27 14:40:41.532,-10.03,38.514,9.989
2023-03-27 14:40:41.552,1.303,62.386,9.063
2023-03-27 14:40:41.572,9.043,72.481,4.299
2023-03-27 14:40:41.592,4.996,51.848,11.578
2023-03-27 14:40:41.612,-9.352,9.386,21.204
2023-03-27 14:40:41.632,-27.359,-33.396,12.588
2023-03-27 14:40:41.652,-20.171,-34.021,11.925
2023-03-27 14:40:41.672,-10.076,-8.956,13.327
2023-03-27 14:40:41.692,-9.466,-8.666,8.727
2023-03-27 14:40:41.712,-5.008,-16.269,6.715
2023-03-27 14:40:41.732,-3.274,-10.358,4.405
2023-03-27 14:40:41.752,-4.806,-3.053,1.665
2023-03-27 14:40:41.772,-10.633,1.486,1.795
2023-03-27 14:40:41.792,-16.502,-0.488,3.453
2023-03-27 14:40:41.812,-19.821,-6.879,3.19
2023-03-27 14:40:41.832,-19.455,-16.49,0.663
2023-03-27 14:40:41.852,-23.815,-28.175,-3.247
2023-03-27 14:40:41.872,-29.428,-43.51,-1.658
2023-03-27 14:40:41.892,-33.205,-53.243,3.449
2023-03-27 14:40:41.912,-32.389,-55.396,6.502
2023-03-27 14:40:41.932,-21.662,-57.984,0.175
2023-03-27 14:40:41.952,-2.637,-55.08,-23.67
2023-03-27 14:40:41.972,12.561,-42.111,-53.049
2023-03-27 14:40:41.992,22.321,-42.043,-58.788
2023-03-27 14:40:42.012,31.612,-55.4,-53.872
2023-03-27 14:40:42.032,46.319,-43.571,-62.923
2023-03-27 14:40:42.052,66.387,2.363,-72.188
2023-03-27 14:40:42.072,73.205,31.021,-56.09
2023-03-27 14:40:42.092,67.523,6.246,-34.489
2023-03-27 14:40:42.112,56.09,-32.237,-35.835
2023-03-27 14:40:42.132,59.097,-67.934,-46.57
2023-03-27 14:40:42.152,72.188,-73.266,-53.723
2023-03-27 14:40:42.172,80.206,-68.91,-64.6
2023-03-27 14:40:42.192,95.301,-69.482,-78.552
2023-03-27 14:40:42.212,110.03,-62.622,-91.391
2023-03-27 14:40:42.232,122.656,-52.107,-104.295
2023-03-27 14:40:42.252,124.874,-38.765,-120.278
2023-03-27 14:40:42.272,124.783,-18.281,-124.874
2023-03-27 14:40:42.292,124.806,-5.229,-124.855
2023-03-27 14:40:42.312,124.874,-24.093,-124.748
2023-03-27 14:40:42.332,105.614,-88.624,-124.874
2023-03-27 14:40:42.352,59.398,-124.874,-124.874
2023-03-27 14:40:42.372,3.78,-124.874,-124.874
2023-03-27 14:40:42.392,-47.793,-124.017,-124.874
2023-03-27 14:40:42.412,-72.9,-124.874,-124.874
2023-03-27 14:40:42.432,-95.694,-124.874,-124.874
2023-03-27 14:40:42.452,-124.874,-124.859,-124.874
2023-03-27 14:40:42.472,-124.874,-124.874,-124.874
2023-03-27 14:40:42.492,-109.63,-31.803,-124.874
2023-03-27 14:40:42.512,94.425,124.874,-121.361
2023-03-27 14:40:42.532,124.874,124.874,-79.737
2023-03-27 14:40:42.552,103.952,121.357,9.066
2023-03-27 14:40:42.572,24.356,53.464,34.764
2023-03-27 14:40:42.592,-35.309,-102.881,34.143
2023-03-27 14:40:42.612,-61.345,-124.874,30.758
2023-03-27 14:40:42.632,-69.459,-122.599,19.516
2023-03-27 14:40:42.652,-55.667,-85.796,7.801
2023-03-27 14:40:42.672,-20.476,11.28,-3.735
2023-03-27 14:40:42.692,37.515,106.582,-2.069
2023-03-27 14:40:42.712,76.002,124.874,2.046
2023-03-27 14:40:42.732,64.127,115.514,6.963
2023-03-27 14:40:42.752,54.649,66.951,9.924
2023-03-27 14:40:42.772,35.686,29.28,9.28
2023-03-27 14:40:42.792,4.981,21.258,-4.52
2023-03-27 14:40:42.812,-12.332,10.777,-21.364
2023-03-27 14:40:42.832,-15.953,-8.887,-18.148
2023-03-27 14:40:42.852,-15.716,-30.598,-1.551
2023-03-27 14:40:42.872,-11.018,-46.49,14.554
2023-03-27 14:40:42.892,-5.37,-49.085,25.918
2023-03-27 14:40:42.912,0.938,-36.631,28.758
2023-03-27 14:40:42.932,6.22,-20.507,21.898
2023-03-27 14:40:42.952,-0.053,-12.778,12.241
2023-03-27 14:40:42.972,-19.455,-21.886,8.582
2023-03-27 14:40:42.992,-35.553,-40.857,11.204
2023-03-27 14:40:43.012,-34.707,-58.342,15.465
2023-03-27 14:40:43.032,-27.614,-69.219,21.448
2023-03-27 14:40:43.052,-24.07,-70.835,22.713
2023-03-27 14:40:43.072,-22.595,-68.011,17.896
2023-03-27 14:40:43.092,-19.63,-61.513,12.835
2023-03-27 14:40:43.112,-10.69,-43.594,10.423
2023-03-27 14:40:43.132,-0.88,-20.061,10.358
2023-03-27 14:40:43.152,8.521,-0.171,6.917
2023-03-27 14:40:43.172,13.944,15.229,2.085
2023-03-27 14:40:43.192,11.311,21.159,-0.095
2023-03-27 14:40:43.212,6.696,16.787,-1.052
2023-03-27 14:40:43.232,4.539,9.489,-2.287
2023-03-27 14:40:43.252,4.059,5.091,-2.813
2023-03-27 14:40:43.272,5.271,5.335,-3.396
2023-03-27 14:40:43.292,6.898,11.28,-3.956
2023-03-27 14:40:43.312,6.654,16.73,-4.447
2023-03-27 14:40:43.332,5.918,18.361,-4.985
2023-03-27 14:40:43.352,6.517,17.553,-5.762
2023-03-27 14:40:43.372,6.673,17.1,-5.179
2023-03-27 14:40:43.392,4.851,15.945,-4.39
2023-03-27 14:40:43.412,3.205,12.595,-4.642
2023-03-27 14:40:43.432,1.673,8.83,-4.493
2023-03-27 14:40:43.452,-0.511,6.368,-3.559
2023-03-27 14:40:43.472,-0.915,4.554,-2.919
2023-03-27 14:40:43.492,0.427,4.154,-2.53
2023-03-27 14:40:43.512,1.528,5.252,-2.218
2023-03-27 14:40:43.532,2.771,6.479,-2.671
2023-03-27 14:40:43.552,3.59,8.159,-3.064
2023-03-27 14:40:43.572,3.11,9.196,-2.904
2023-03-27 14:40:43.592,1.73,7.912,-2.866
2023-03-27 14:40:43.612,-0.221,4.104,-2.732
2023-03-27 14:40:43.632,-1.216,-0.983,-2.222
2023-03-27 14:40:43.652,-1.894,-4.604,-1.12
2023-03-27 14:40:43.672,-2.382,-5.762,-0.408
2023-03-27 14:40:43.692,-1.528,-5.164,-0.522
2023-03-27 14:40:43.712,-1.014,-3.091,-1.044
2023-03-27 14:40:43.732,-1.475,-1.471,-1.623
2023-03-27 14:40:43.752,-1.17,-1.223,-2.214
2023-03-27 14:40:43.772,0.454,-0.77,-2.614
2023-03-27 14:40:43.792,0.393,-0.095,-2.614
2023-03-27 14:40:43.812,0.21,0.633,-2.771
2023-03-27 14:40:43.832,1.063,0.705,-3.674
2023-03-27 14:40:43.852,1.764,1.402,-3.746
2023-03-27 14:40:43.872,1.425,2.851,-3.106
2023-03-27 14:40:43.892,1.623,3.251,-2.5
2023-03-27 14:40:43.912,1.932,2.226,-1.509
2023-03-27 14:40:43.932,1.216,0.716,-0.636
2023-03-27 14:40:43.952,0.842,-0.373,-0.606
2023-03-27 14:40:43.972,0.838,-0.164,-1.155
2023-03-27 14:40:43.992,1.101,1.162,-1.509
2023-03-27 14:40:44.012,1.677,2.127,-1.345
2023-03-27 14:40:44.032,2.294,2.95,-1.372
2023-03-27 14:40:44.052,2.572,3.43,-1.787
2023-03-27 14:40:44.072,1.997,2.729,-2.176
