2023-05-17 11:16:18.376000,1.0,-2.383609,0.89263225,-1.12098
2023-05-17 11:16:18.414000,2.0,-2.7865756,0.49577114,-1.0049745
2023-05-17 11:16:18.417000,3.0,-3.69264,-0.09646778,-0.27719223
2023-05-17 11:16:18.417000,4.0,-4.250688,-0.8364611,0.42250445
2023-05-17 11:16:18.459000,5.0,-3.647459,-1.3896245,0.9536878
2023-05-17 11:16:18.524000,6.0,-1.8634156,-1.1918045,2.0954268
2023-05-17 11:16:18.524000,7.0,-0.37732336,-0.7937223,2.9025812
2023-05-17 11:16:18.529000,8.0,0.46280113,-0.70580226,3.2579246
2023-05-17 11:16:18.563000,9.0,0.6618422,-0.63131446,3.207859
2023-05-17 11:16:18.565000,10.0,0.43349445,-0.43471557,2.9673002
2023-05-17 11:16:18.600000,11.0,-0.070824444,-0.55316335,2.6376002
2023-05-17 11:16:18.609000,12.0,-0.68138003,-0.3931978,2.3775034
2023-05-17 11:16:18.609000,13.0,-1.2638501,-0.30405667,2.8512945
2023-05-17 11:16:18.637000,14.0,-3.0442302,-0.6105556,3.0625467
2023-05-17 11:16:18.640000,15.0,-5.348467,-0.6191034,2.7426157
2023-05-17 11:16:18.645000,16.0,-6.3742003,-0.63986224,2.51671
2023-05-17 11:16:18.676000,17.0,-6.9469013,-0.6764956,2.48374
2023-05-17 11:16:18.712000,18.0,-7.3498683,-0.44204223,2.262719
2023-05-17 11:16:18.713000,19.0,-8.323093,-0.05250778,1.5776756
2023-05-17 11:16:18.792000,20.0,-8.829855,-0.24544334,0.52141446
2023-05-17 11:16:18.796000,21.0,-7.6856737,-0.6349778,0.18927222
2023-05-17 11:16:18.796000,22.0,-5.985887,-0.8767578,0.36999667
2023-05-17 11:16:18.829000,23.0,-5.359457,-1.1392968,0.48600224
2023-05-17 11:16:18.863000,24.0,-6.7271013,-1.416489,0.3260367
2023-05-17 11:16:18.864000,25.0,-9.5063505,-1.7449678,-0.39564002
2023-05-17 11:16:18.899000,26.0,-11.91194,-2.012391,-1.4079412
2023-05-17 11:16:18.903000,27.0,-12.605531,-1.95622,-2.1992211
2023-05-17 11:16:18.904000,28.0,-10.136444,-1.8646368,-2.57166
2023-05-17 11:16:19.012000,29.0,-6.8907304,-2.284699,-2.922119
2023-05-17 11:16:19.016000,30.0,-3.284789,-2.218759,-3.1651201
2023-05-17 11:16:19.017000,31.0,-0.03052778,-1.7767167,-3.393468
2023-05-17 11:16:19.089000,32.0,1.4323634,-1.0843467,-3.493599
2023-05-17 11:16:19.091000,33.0,1.6753645,-0.5262989,-3.4618502
2023-05-17 11:16:19.091000,34.0,1.1515079,-0.34191114,-3.9246514
2023-05-17 11:16:19.132000,35.0,0.78761667,-0.4908867,-4.3190703
2023-05-17 11:16:19.171000,36.0,-0.84623003,-1.0379444,-4.1945167
2023-05-17 11:16:19.173000,37.0,-2.5667756,-1.0855678,-4.109039
2023-05-17 11:16:19.199000,38.0,-3.6755445,-1.7119979,-3.7463691
2023-05-17 11:16:19.206000,39.0,-4.808736,-1.3065889,-2.7438369
2023-05-17 11:16:19.207000,40.0,-7.280265,-0.9463611,-2.4251268
2023-05-17 11:16:19.276000,41.0,-9.71394,-0.40540892,-2.3433123
2023-05-17 11:16:19.280000,42.0,-11.742205,0.5971234,-2.9099078
2023-05-17 11:16:19.312000,43.0,-13.262488,1.1844778,-3.328749
2023-05-17 11:16:19.312000,44.0,-11.61521,1.7388623,-2.7194145
2023-05-17 11:16:19.313000,45.0,-7.3303304,3.834289,-1.3725289
2023-05-17 11:16:19.349000,46.0,-2.8574002,5.304507,-0.05372889
2023-05-17 11:16:19.353000,47.0,0.5775856,5.9297156,0.98910004
2023-05-17 11:16:19.354000,48.0,3.1028435,5.874766,1.6375101
2023-05-17 11:16:19.390000,49.0,3.9490736,5.8247004,1.8976067
2023-05-17 11:16:19.424000,50.0,3.6181524,5.7807403,2.009949
2023-05-17 11:16:19.426000,51.0,2.9795113,5.580478,2.0734468
2023-05-17 11:16:19.461000,52.0,2.177241,5.349688,2.0465822
2023-05-17 11:16:19.505000,53.0,1.2760612,5.14332,1.9806423
2023-05-17 11:16:19.506000,54.0,0.82425004,5.186059,1.9525567
2023-05-17 11:16:19.506000,55.0,1.4116045,5.171406,1.9965167
2023-05-17 11:16:19.537000,56.0,2.3103423,5.061506,1.9525567
2023-05-17 11:16:19.538000,57.0,2.789018,4.833158,1.6900178
2023-05-17 11:16:19.539000,58.0,2.6986556,4.4997945,1.4482379
2023-05-17 11:16:19.574000,59.0,2.04414,4.284879,1.2113422
2023-05-17 11:16:19.575000,60.0,1.0269545,4.095607,1.1624979
2023-05-17 11:16:19.577000,61.0,0.17706113,3.7952135,1.2052367
2023-05-17 11:16:19.577000,62.0,-0.29795113,3.437428,1.1820356
2023-05-17 11:16:19.613000,63.0,0.014653334,2.9929435,1.0049745
2023-05-17 11:16:19.614000,64.0,0.69237006,2.6156201,0.7900589
2023-05-17 11:16:19.614000,65.0,1.3420012,2.3372068,0.5775856
2023-05-17 11:16:19.614000,66.0,1.9501145,1.9317979,0.37610224
2023-05-17 11:16:19.650000,67.0,2.4410012,1.4519012,0.17339778
2023-05-17 11:16:19.652000,68.0,2.7328467,0.9072856,-0.035412222
2023-05-17 11:16:19.652000,69.0,2.8512945,0.7522045,-0.26009667
2023-05-17 11:16:19.687000,70.0,2.5753233,0.46035892,-0.36999667
2023-05-17 11:16:19.688000,71.0,1.8475412,0.085477784,-0.39564002
2023-05-17 11:16:19.689000,72.0,1.0196278,-0.36999667,-0.3834289
2023-05-17 11:16:19.691000,73.0,0.36511225,-0.63986224,-0.4041878
2023-05-17 11:16:19.725000,74.0,0.35778558,-0.65085226,-0.4273889
2023-05-17 11:16:19.726000,75.0,0.22346334,-0.72534,-0.4933289
2023-05-17 11:16:19.727000,76.0,0.1526389,-0.85722005,-0.51164556
2023-05-17 11:16:19.761000,77.0,-0.43105224,-1.3798556,-0.7973856
2023-05-17 11:16:19.762000,78.0,-1.5776756,-0.9170545,-1.1002212
2023-05-17 11:16:19.764000,79.0,-2.43978,-0.7082445,-1.2174479
2023-05-17 11:16:19.768000,80.0,-2.3775034,-0.94391894,-1.2565234
2023-05-17 11:16:19.799000,81.0,-1.2711767,-1.3334534,-1.1258645
2023-05-17 11:16:19.803000,82.0,0.012211111,-1.5398211,-0.8755367
2023-05-17 11:16:19.804000,83.0,0.6239878,-1.6765857,-0.5971234
2023-05-17 11:16:19.804000,84.0,0.84745115,-1.7522945,-0.33214223
2023-05-17 11:16:19.837000,85.0,1.2113422,-1.6753645,-0.1856089
2023-05-17 11:16:19.839000,86.0,1.1673822,-1.6753645,-0.16485001
2023-05-17 11:16:19.839000,87.0,1.3383378,-1.6423945,-0.34679556
2023-05-17 11:16:19.874000,88.0,1.6204145,-1.5850023,-0.5580478
2023-05-17 11:16:19.876000,89.0,1.7571789,-1.6240778,-0.76075226
2023-05-17 11:16:19.876000,90.0,1.5923289,-1.80236,-0.86821
2023-05-17 11:16:19.878000,91.0,1.2650712,-2.0209389,-0.9842156
2023-05-17 11:16:19.918000,92.0,1.3261267,-2.0905423,-1.1136534
2023-05-17 11:16:19.918000,93.0,1.4519012,-1.9965167,-1.1820356
2023-05-17 11:16:19.919000,94.0,1.3420012,-1.91226,-1.1380756
2023-05-17 11:16:19.950000,95.0,1.4287001,-1.9452301,-1.0171856
2023-05-17 11:16:19.987000,96.0,1.9366823,-1.8072445,-0.9292656
2023-05-17 11:16:19.989000,97.0,2.1735778,-1.3884034,-0.81081784
2023-05-17 11:16:19.991000,98.0,1.449459,-0.96223557,-0.5128667
2023-05-17 11:16:19.991000,99.0,0.36267,-0.7070234,-0.16240779
2023-05-17 11:16:20.027000,100.0,0.12821667,-0.5421733,0.14042778
2023-05-17 11:16:20.030000,101.0,0.5030978,-0.22224224,0.56293225
2023-05-17 11:16:20.030000,102.0,0.53973114,0.07937223,0.9866578
2023-05-17 11:16:20.031000,103.0,0.23811668,0.46280113,1.3346745
2023-05-17 11:16:20.062000,104.0,-0.023201112,0.97811,1.68147
2023-05-17 11:16:20.064000,105.0,-0.03297,1.4091623,1.8389934
2023-05-17 11:16:20.067000,106.0,-0.0048844446,1.8475412,1.7400835
2023-05-17 11:16:20.099000,107.0,-0.06349778,2.2712667,1.6497211
2023-05-17 11:16:20.100000,108.0,-0.64841,2.7072034,1.5324945
2023-05-17 11:16:20.101000,109.0,-1.5386001,3.0198078,1.4213734
2023-05-17 11:16:20.102000,110.0,-1.9403456,3.2261758,1.3102523
2023-05-17 11:16:20.136000,111.0,-1.8548678,3.4203324,1.1942468
2023-05-17 11:16:20.174000,112.0,-1.680249,3.6364691,1.1270856
2023-05-17 11:16:20.179000,113.0,-1.8707423,3.8489423,1.0587034
2023-05-17 11:16:20.179000,114.0,-2.2212012,4.067521,0.78395337
2023-05-17 11:16:20.182000,115.0,-2.3958201,4.2458034,0.32115224
2023-05-17 11:16:20.213000,116.0,-2.5057201,4.2763314,-0.22224224
2023-05-17 11:16:20.215000,117.0,-2.7853546,3.9087768,-0.6618422
2023-05-17 11:16:20.217000,118.0,-2.8586211,3.2554824,-0.93415004
2023-05-17 11:16:20.249000,119.0,-2.6778967,2.6205046,-1.1502867
2023-05-17 11:16:20.250000,120.0,-2.7047613,2.019718,-1.3102523
2023-05-17 11:16:20.251000,121.0,-2.865948,1.3273479,-1.405499
2023-05-17 11:16:20.254000,122.0,-2.8085556,0.57148004,-1.4958612
2023-05-17 11:16:20.286000,123.0,-2.6498113,-0.05006556,-1.4677756
2023-05-17 11:16:20.288000,124.0,-2.790239,-0.6874856,-1.2687345
2023-05-17 11:16:20.289000,125.0,-3.08819,-1.3920667,-1.0806834
2023-05-17 11:16:20.290000,126.0,-3.052778,-2.019718,-0.9549089
2023-05-17 11:16:20.325000,127.0,-2.6998768,-2.49473,-0.80471224
2023-05-17 11:16:20.328000,128.0,-2.2358546,-2.790239,-0.59468114
2023-05-17 11:16:20.329000,129.0,-1.7864857,-2.8268723,-0.3052778
2023-05-17 11:16:20.361000,130.0,-1.3212423,-2.578987,-0.023201112
2023-05-17 11:16:20.363000,131.0,-0.9610145,-2.3591866,0.23323223
2023-05-17 11:16:20.364000,132.0,-0.7900589,-2.27493,0.43960002
2023-05-17 11:16:20.366000,133.0,-0.8071545,-2.2370756,0.54461557
2023-05-17 11:16:20.400000,134.0,-0.95613,-2.041698,0.5372889
2023-05-17 11:16:20.401000,135.0,-1.0123012,-1.691239,0.48356003
2023-05-17 11:16:20.403000,136.0,-0.78395337,-1.1905833,0.5006556
2023-05-17 11:16:20.436000,137.0,0.054950003,-0.63009334,0.65329444
2023-05-17 11:16:20.512000,138.0,1.1490656,0.07693,0.97566783
2023-05-17 11:16:20.514000,139.0,2.18701,0.5507211,0.69481224
2023-05-17 11:16:20.516000,140.0,2.6009667,0.94514006,0.3712178
2023-05-17 11:16:20.517000,141.0,2.0404768,1.27484,0.36755446
2023-05-17 11:16:20.549000,142.0,0.9927634,1.4934189,0.3602278
2023-05-17 11:16:20.551000,143.0,0.20881,1.5031879,0.39686114
2023-05-17 11:16:20.552000,144.0,0.057392225,1.2894934,0.47379112
2023-05-17 11:16:20.552000,145.0,0.09036223,0.93537116,0.44692668
2023-05-17 11:16:20.587000,146.0,0.23445335,0.73999333,0.29062447
2023-05-17 11:16:20.589000,147.0,0.82791334,0.57514334,0.25887558
2023-05-17 11:16:20.590000,148.0,1.4555645,0.55316335,0.26742333
2023-05-17 11:16:20.625000,149.0,1.0684723,0.16240779,0.045181114
2023-05-17 11:16:20.625000,150.0,0.63131446,-0.49455002,-0.17706113
2023-05-17 11:16:20.627000,151.0,0.9720045,-1.0721356,-0.4713489
2023-05-17 11:16:20.628000,152.0,1.8060234,-1.7852645,-0.3260367
2023-05-17 11:16:20.662000,153.0,2.6522534,-2.4153578,-0.2295689
2023-05-17 11:16:20.666000,154.0,3.3165379,-2.8549578,-0.23689556
2023-05-17 11:16:20.667000,155.0,4.306859,-3.2383869,-0.09402556
2023-05-17 11:16:20.667000,156.0,5.2605467,-3.8269625,0.21247335
2023-05-17 11:16:20.738000,157.0,4.856359,-4.6109157,0.61788225
2023-05-17 11:16:20.739000,158.0,2.911129,-5.2471147,1.0684723
2023-05-17 11:16:20.739000,159.0,1.3969512,-5.768529,1.4018356
2023-05-17 11:16:20.774000,160.0,1.8414357,-6.2801747,1.4799867
2023-05-17 11:16:20.775000,161.0,2.6766756,-6.4841003,1.6033189
2023-05-17 11:16:20.811000,162.0,2.603409,-6.4328136,2.0685623
2023-05-17 11:16:20.814000,163.0,1.8976067,-6.2997127,2.405589
2023-05-17 11:16:20.850000,164.0,0.8950745,-6.097008,2.6681278
2023-05-17 11:16:20.852000,165.0,0.8303556,-5.62688,2.8757167
2023-05-17 11:16:20.887000,166.0,1.3236845,-4.875897,3.0564413
2023-05-17 11:16:20.889000,167.0,1.2345434,-4.217718,3.0894113
2023-05-17 11:16:20.925000,168.0,1.5801178,-3.43987,3.0942957
2023-05-17 11:16:20.964000,169.0,1.7339778,-2.5850923,3.1455824
2023-05-17 11:16:20.966000,170.0,1.2614079,-2.0038433,3.229839
2023-05-17 11:16:20.967000,171.0,1.4555645,-1.1661612,3.558318
2023-05-17 11:16:21,172.0,1.7144401,-0.24788557,3.8281834
2023-05-17 11:16:21.002000,173.0,2.316448,0.30283555,4.073627
2023-05-17 11:16:21.037000,174.0,2.5191524,0.43227336,4.1896324
2023-05-17 11:16:21.039000,175.0,2.0881002,0.54095227,4.518111
2023-05-17 11:16:21.076000,176.0,1.34078,0.6203245,4.933289
2023-05-17 11:16:21.078000,177.0,1.2980411,0.44082114,5.0138826
2023-05-17 11:16:21.112000,178.0,1.7645056,0.65085226,5.415628
2023-05-17 11:16:21.155000,179.0,1.28583,1.0782411,5.9113994
2023-05-17 11:16:21.156000,180.0,0.3309211,1.2821667,5.8247004
2023-05-17 11:16:21.158000,181.0,-0.4481478,1.0086378,5.1982703
2023-05-17 11:16:21.189000,182.0,-1.2321012,0.9817734,4.5388703
2023-05-17 11:16:21.224000,183.0,-0.82913446,1.21989,3.8745856
2023-05-17 11:16:21.227000,184.0,-0.12089001,1.4934189,3.9014502
2023-05-17 11:16:21.264000,185.0,1.8963857,1.6423945,3.5680869
2023-05-17 11:16:21.266000,186.0,4.0479836,2.1711357,2.5325844
2023-05-17 11:16:21.299000,187.0,5.1323304,2.1430502,1.7437468
2023-05-17 11:16:21.301000,188.0,5.459588,2.1357234,1.3188001
2023-05-17 11:16:21.337000,189.0,5.008998,2.1674724,0.98910004
2023-05-17 11:16:21.339000,190.0,4.216497,2.4532123,0.85599893
2023-05-17 11:16:21.376000,191.0,3.3495078,2.7816913,0.7631945
2023-05-17 11:16:21.381000,192.0,2.9147923,2.9355512,0.5922389
2023-05-17 11:16:21.453000,193.0,3.7585802,2.9453201,0.4359367
2023-05-17 11:16:21.455000,194.0,5.690378,3.0369034,0.2283478
2023-05-17 11:16:21.456000,195.0,7.426798,2.9025812,0.17584
2023-05-17 11:16:21.457000,196.0,7.0470324,2.6107357,-0.33458444
2023-05-17 11:16:21.487000,197.0,6.7466393,2.6742334,-0.97078335
2023-05-17 11:16:21.524000,198.0,7.241189,2.2224224,-1.1502867
2023-05-17 11:16:21.526000,199.0,6.7417545,1.8621945,-1.24187
2023-05-17 11:16:21.563000,200.0,5.851565,2.05513,-1.5178412
2023-05-17 11:16:21.564000,201.0,5.14332,1.6033189,-1.5227256
2023-05-17 11:16:21.599000,202.0,4.6817403,0.99886894,-1.9073756
2023-05-17 11:16:21.601000,203.0,3.953958,0.49577114,-2.1247334
2023-05-17 11:16:21.637000,204.0,3.2799046,0.19415668,-2.0172756
2023-05-17 11:16:21.638000,205.0,3.043009,0.14897557,-1.240649
2023-05-17 11:16:21.675000,206.0,2.900139,-0.27475002,-0.84623003
2023-05-17 11:16:21.676000,207.0,3.1700046,-1.0525978,-0.5873545
2023-05-17 11:16:21.714000,208.0,3.1712258,-1.4079412,-0.48356003
2023-05-17 11:16:21.715000,209.0,2.6388211,-0.8425667,-0.070824444
2023-05-17 11:16:21.752000,210.0,2.4129157,-0.3309211,0.5971234
2023-05-17 11:16:21.754000,211.0,2.9917223,-0.34069002,1.0892311
2023-05-17 11:16:21.788000,212.0,3.5290112,-0.5800278,0.97078335
2023-05-17 11:16:21.824000,213.0,3.1504667,-0.59468114,0.6655056
2023-05-17 11:16:21.828000,214.0,2.0148335,-0.22590557,0.59834445
2023-05-17 11:16:21.865000,215.0,1.2675134,0.22590557,0.78273225
2023-05-17 11:16:21.866000,216.0,1.2284378,0.42128336,0.8095967
2023-05-17 11:16:21.899000,217.0,1.6875756,0.25887558,0.8535567
2023-05-17 11:16:21.940000,218.0,1.614309,0.089141116,0.64841
2023-05-17 11:16:21.940000,219.0,1.0623667,0.039075557,0.43471557
2023-05-17 11:16:21.941000,220.0,0.5836911,0.025643334,0.22224224
2023-05-17 11:16:21.976000,221.0,0.081814446,-0.05250778,0.15141778
2023-05-17 11:16:21.978000,222.0,-0.2503278,-0.19171445,0.17828223
2023-05-17 11:16:22.012000,223.0,-0.12455334,-0.39808223,0.12455334
2023-05-17 11:16:22.016000,224.0,-0.08792,-0.44082114,0.051286668
2023-05-17 11:16:22.050000,225.0,-0.30283555,-0.23933779,0.05372889
2023-05-17 11:16:22.088000,226.0,-0.03297,-0.14653334,0.08792
2023-05-17 11:16:22.098000,227.0,0.5336256,-0.25643334,0.070824444
2023-05-17 11:16:22.099000,228.0,0.53851,-0.33458444,0.10501556
2023-05-17 11:16:22.203000,229.0,-0.026864445,-0.21247335,0.08669889
2023-05-17 11:16:22.204000,230.0,-0.36999667,0.02198,0.18683001
2023-05-17 11:16:22.206000,231.0,-0.48356003,0.09280445,0.20636779
2023-05-17 11:16:22.210000,232.0,-0.36877558,0.035412222,0.20026223
2023-05-17 11:16:22.248000,233.0,-0.2845189,-0.04396,0.2185789
2023-05-17 11:16:22.248000,234.0,-0.6667267,-0.11966889,0.15141778
2023-05-17 11:16:22.250000,235.0,-0.8315767,-0.023201112,0.11234222
2023-05-17 11:16:22.276000,236.0,-0.58613336,0.012211111,0.03052778
2023-05-17 11:16:22.277000,237.0,-0.21491556,-0.023201112,-0.057392225
2023-05-17 11:16:22.312000,238.0,-0.04029667,-0.09768889,-0.07937223
2023-05-17 11:16:22.313000,239.0,-0.10379445,-0.068382226,0.0024422223
2023-05-17 11:16:22.350000,240.0,-0.22346334,-0.08059334,0.08059334
2023-05-17 11:16:22.351000,241.0,-0.23811668,-0.16118668,0.13310112
2023-05-17 11:16:22.431000,242.0,-0.21613668,-0.2185789,0.13920668
2023-05-17 11:16:22.432000,243.0,-0.13432223,-0.2515489,0.08669889
2023-05-17 11:16:22.466000,244.0,-0.06227667,-0.2845189,0.05372889
2023-05-17 11:16:22.467000,245.0,-0.01099,-0.24788557,0.11966889
2023-05-17 11:16:22.467000,246.0,0.08303556,-0.20881,0.13310112
2023-05-17 11:16:22.469000,247.0,0.07448778,-0.14897557,0.10745778
2023-05-17 11:16:22.501000,248.0,-0.06716111,-0.15019667,0.064718895
2023-05-17 11:16:22.502000,249.0,-0.22712667,-0.21980001,0.018316668
2023-05-17 11:16:22.537000,250.0,-0.26009667,-0.2075889,0.015874445
2023-05-17 11:16:22.576000,251.0,-0.14164889,-0.15386,0
2023-05-17 11:16:22.612000,252.0,-0.078151114,-0.12943779,-0.028085556
2023-05-17 11:16:22.615000,253.0,-0.123332225,-0.11844778,-0.03174889
2023-05-17 11:16:22.617000,254.0,-0.27475002,-0.11478445,-0.059834447
2023-05-17 11:16:22.649000,255.0,-0.5128667,-0.11234222,-0.05006556
2023-05-17 11:16:22.653000,256.0,-0.7717422,-0.12577444,-0.0061055557
2023-05-17 11:16:22.692000,257.0,-0.8083756,-0.11234222,-0.0024422223
2023-05-17 11:16:22.693000,258.0,-0.73633003,-0.10867889,-0.037854444
2023-05-17 11:16:22.724000,259.0,-0.8718734,-0.15508112,-0.07448778
2023-05-17 11:16:22.726000,260.0,-1.1551712,-0.16118668,-0.10745778
2023-05-17 11:16:22.762000,261.0,-1.4482379,-0.16240779,-0.14409111
2023-05-17 11:16:22.765000,262.0,-1.6717012,-0.1965989,-0.16607112
2023-05-17 11:16:22.801000,263.0,-1.680249,-0.20148334,-0.19537778
2023-05-17 11:16:22.802000,264.0,-1.3798556,-0.20148334,-0.23689556
2023-05-17 11:16:22.838000,265.0,-0.88896894,-0.22468445,-0.25399113
2023-05-17 11:16:22.874000,266.0,-0.4566956,-0.24178001,-0.23689556
2023-05-17 11:16:22.912000,267.0,-0.22712667,-0.27108666,-0.20026223
2023-05-17 11:16:22.914000,268.0,-0.09768889,-0.30039334,-0.15630223
2023-05-17 11:16:22.915000,269.0,0,-0.2845189,-0.12699556
2023-05-17 11:16:22.950000,270.0,-0.009768889,-0.24300112,-0.15996556
2023-05-17 11:16:22.951000,271.0,-0.11234222,-0.21003112,-0.1746189
2023-05-17 11:16:22.989000,272.0,-0.12943779,-0.17828223,-0.16362889
2023-05-17 11:16:22.993000,273.0,-0.0036633336,-0.14164889,-0.16607112
2023-05-17 11:16:23.024000,274.0,0.15508112,-0.13188,-0.16485001
2023-05-17 11:16:23.026000,275.0,0.25765446,-0.13188,-0.12455334
2023-05-17 11:16:23.062000,276.0,0.25765446,-0.13432223,-0.035412222
2023-05-17 11:16:23.066000,277.0,0.24666445,-0.15141778,0.026864445
2023-05-17 11:16:23.101000,278.0,0.2613178,-0.15630223,0.064718895
2023-05-17 11:16:23.101000,279.0,0.2845189,-0.15019667,0.078151114
2023-05-17 11:16:23.137000,280.0,0.2942878,-0.13310112,0.06349778
2023-05-17 11:16:23.174000,281.0,0.29673,-0.11966889,0.03052778
2023-05-17 11:16:23.176000,282.0,0.28329778,-0.07937223,-0.007326667
2023-05-17 11:16:23.178000,283.0,0.1856089,-0.04396,-0.024422223
2023-05-17 11:16:23.213000,284.0,0.03174889,-0.02075889,-0.03174889
2023-05-17 11:16:23.214000,285.0,-0.03052778,-0.0048844446,-0.046402223
2023-05-17 11:16:23.253000,286.0,0.013432222,0,-0.058613338
2023-05-17 11:16:23.293000,287.0,0.058613338,0.008547778,-0.059834447
2023-05-17 11:16:23.294000,288.0,0.06105556,0.007326667,-0.039075557
2023-05-17 11:16:23.295000,289.0,0.018316668,0,-0.014653334
2023-05-17 11:16:23.326000,290.0,0.0061055557,-0.013432222,-0.0024422223
2023-05-17 11:16:23.362000,291.0,0.02198,-0.017095556,0.0061055557
2023-05-17 11:16:23.401000,292.0,0.036633335,-0.028085556,0.01099
2023-05-17 11:16:23.404000,293.0,0.07937223,-0.025643334,0.009768889
2023-05-17 11:16:23.406000,294.0,0.117226675,-0.025643334,0.0012211112
2023-05-17 11:16:23.437000,295.0,0.14409111,-0.03174889,-0.013432222
2023-05-17 11:16:23.439000,296.0,0.14897557,-0.048844445,-0.03174889
2023-05-17 11:16:23.474000,297.0,0.13554333,-0.051286668,-0.029306669
2023-05-17 11:16:23.477000,298.0,0.08669889,-0.05372889,-0.01099
2023-05-17 11:16:23.513000,299.0,0.034191113,-0.047623336,0.0036633336
2023-05-17 11:16:23.513000,300.0,-0.0048844446,-0.03297,0.01099
2023-05-17 11:16:23.550000,301.0,-0.02075889,-0.023201112,0.0048844446
2023-05-17 11:16:23.588000,302.0,0.0048844446,-0.02075889,-0.0012211112
2023-05-17 11:16:23.589000,303.0,0.028085556,-0.02198,-0.007326667
2023-05-17 11:16:23.591000,304.0,0.025643334,-0.026864445,-0.008547778
2023-05-17 11:16:23.628000,305.0,0.034191113,-0.034191113,-0.009768889
2023-05-17 11:16:23.664000,306.0,0.042738892,-0.045181114,-0.012211111
2023-05-17 11:16:23.666000,307.0,0.03052778,-0.05250778,-0.014653334
2023-05-17 11:16:23.700000,308.0,0.026864445,-0.054950003,-0.015874445
2023-05-17 11:16:23.701000,309.0,0.037854444,-0.05617111,-0.013432222
2023-05-17 11:16:23.738000,310.0,0.039075557,-0.054950003,-0.008547778
2023-05-17 11:16:23.740000,311.0,0.014653334,-0.048844445,-0.013432222
2023-05-17 11:16:23.775000,312.0,-0.014653334,-0.045181114,-0.015874445
2023-05-17 11:16:23.776000,313.0,-0.013432222,-0.048844445,-0.023201112
2023-05-17 11:16:23.812000,314.0,-0.008547778,-0.051286668,-0.025643334
2023-05-17 11:16:23.813000,315.0,0.0024422223,-0.051286668,-0.028085556
2023-05-17 11:16:23.887000,316.0,0.02198,-0.05372889,-0.025643334
2023-05-17 11:16:23.890000,317.0,0.035412222,-0.05617111,-0.019537779
2023-05-17 11:16:23.892000,318.0,0.029306669,-0.045181114,-0.014653334
2023-05-17 11:16:23.893000,319.0,0.03052778,-0.042738892,-0.014653334
2023-05-17 11:16:23.925000,320.0,0.029306669,-0.042738892,-0.008547778
2023-05-17 11:16:23.929000,321.0,0.029306669,-0.048844445,-0.01099
2023-05-17 11:16:23.964000,322.0,0.03052778,-0.051286668,-0.013432222
2023-05-17 11:16:24,323.0,0.03052778,-0.05372889,-0.0024422223
2023-05-17 11:16:24.001000,324.0,0.042738892,-0.05372889,-0.0036633336
2023-05-17 11:16:24.004000,325.0,0.047623336,-0.051286668,0.0036633336
2023-05-17 11:16:24.040000,326.0,0.04151778,-0.05617111,0.0061055557
2023-05-17 11:16:24.075000,327.0,0.042738892,-0.054950003,0.0036633336
2023-05-17 11:16:24.079000,328.0,0.03297,-0.048844445,-0.01099
2023-05-17 11:16:24.112000,329.0,0.028085556,-0.047623336,-0.023201112
2023-05-17 11:16:24.113000,330.0,0.05006556,-0.048844445,-0.024422223
2023-05-17 11:16:24.149000,331.0,0.081814446,-0.06227667,-0.026864445
2023-05-17 11:16:24.155000,332.0,0.09768889,-0.070824444,-0.025643334
2023-05-17 11:16:24.186000,333.0,0.09646778,-0.07448778,-0.018316668
2023-05-17 11:16:24.188000,334.0,0.09280445,-0.08059334,-0.01099
2023-05-17 11:16:24.226000,335.0,0.078151114,-0.07326667,-0.012211111
2023-05-17 11:16:24.227000,336.0,0.05250778,-0.07448778,-0.023201112
2023-05-17 11:16:24.262000,337.0,0.015874445,-0.064718895,-0.03297
2023-05-17 11:16:24.299000,338.0,-0.013432222,-0.057392225,-0.037854444
2023-05-17 11:16:24.299000,339.0,-0.025643334,-0.05372889,-0.034191113
2023-05-17 11:16:24.303000,340.0,-0.0061055557,-0.05372889,-0.035412222
2023-05-17 11:16:24.374000,341.0,0.019537779,-0.05617111,-0.04029667
2023-05-17 11:16:24.375000,342.0,0.05250778,-0.06105556,-0.03297
2023-05-17 11:16:24.377000,343.0,0.07326667,-0.064718895,-0.028085556
2023-05-17 11:16:24.412000,344.0,0.07937223,-0.06716111,-0.028085556
2023-05-17 11:16:24.413000,345.0,0.064718895,-0.06960334,-0.029306669
