1755810270773,2025-08-21T16:04:30.773,0.0,0.694,-0.263,-1.532
1755810270793,2025-08-21T16:04:30.793,0.02,0.373,0.027,-1.978
1755810270813,2025-08-21T16:04:30.813,0.04,1.258,0.339,-1.761
1755810270833,2025-08-21T16:04:30.833,0.06,1.734,0.88,-1.528
1755810270853,2025-08-21T16:04:30.853,0.08,1.738,0.857,-0.652
1755810270873,2025-08-21T16:04:30.873,0.1,1.997,0.434,-0.145
1755810270893,2025-08-21T16:04:30.893,0.12,2.302,-0.053,-0.027
1755810270913,2025-08-21T16:04:30.913,0.14,2.489,0.027,0.434
1755810270933,2025-08-21T16:04:30.933,0.16,2.588,0.042,1.048
1755810270953,2025-08-21T16:04:30.953,0.18,2.085,0.118,0.941
1755810270973,2025-08-21T16:04:30.973,0.2,1.155,0.164,0.617
1755810270993,2025-08-21T16:04:30.993,0.22,0.114,-0.232,0.179
1755810271013,2025-08-21T16:04:31.013,0.24,-0.507,-0.412,-0.297
1755810271033,2025-08-21T16:04:31.033,0.26,-0.324,-0.511,-0.255
1755810271053,2025-08-21T16:04:31.053,0.28,-0.191,-0.697,0.286
1755810271073,2025-08-21T16:04:31.073,0.3,-0.282,-0.991,0.522
1755810271093,2025-08-21T16:04:31.093,0.32,-0.145,-0.682,0.213
1755810271113,2025-08-21T16:04:31.113,0.34,0.32,0.4,0.412
1755810271133,2025-08-21T16:04:31.133,0.36,0.85,1.284,0.564
1755810271153,2025-08-21T16:04:31.153,0.38,0.995,1.635,0.465
1755810271173,2025-08-21T16:04:31.173,0.4,1.067,2.283,0.819
1755810271193,2025-08-21T16:04:31.193,0.42,1.589,2.123,1.094
1755810271213,2025-08-21T16:04:31.213,0.44,1.951,1.143,1.193
1755810271233,2025-08-21T16:04:31.233,0.46,2.146,1.338,1.841
1755810271253,2025-08-21T16:04:31.253,0.48,2.652,2.721,2.359
1755810271273,2025-08-21T16:04:31.273,0.5,3.003,2.42,2.1
1755810271293,2025-08-21T16:04:31.293,0.52,3.026,1.776,1.833
1755810271313,2025-08-21T16:04:31.313,0.54,2.938,1.692,1.963
1755810271333,2025-08-21T16:04:31.333,0.56,2.748,1.62,2.13
1755810271353,2025-08-21T16:04:31.353,0.58,3.316,1.025,2.096
1755810271373,2025-08-21T16:04:31.373,0.6,3.925,0.575,1.966
1755810271393,2025-08-21T16:04:31.393,0.62,3.929,1.094,1.639
1755810271413,2025-08-21T16:04:31.413,0.64,3.514,2.26,1.181
1755810271433,2025-08-21T16:04:31.433,0.66,3.167,3.228,0.796
1755810271453,2025-08-21T16:04:31.453,0.68,2.786,2.393,0.488
1755810271473,2025-08-21T16:04:31.473,0.7,2.725,1.486,0.526
1755810271493,2025-08-21T16:04:31.493,0.72,2.066,1.452,0.636
1755810271513,2025-08-21T16:04:31.513,0.74,0.877,1.132,-0.156
1755810271533,2025-08-21T16:04:31.533,0.76,0.152,1.117,-0.88
1755810271553,2025-08-21T16:04:31.553,0.78,-0.995,1.208,-0.873
1755810271573,2025-08-21T16:04:31.573,0.8,-1.761,0.983,-0.415
1755810271593,2025-08-21T16:04:31.593,0.82,-1.993,1.402,-0.671
1755810271613,2025-08-21T16:04:31.613,0.84,-1.528,2.622,-1.029
1755810271633,2025-08-21T16:04:31.633,0.86,-0.64,3.902,-1.018
1755810271653,2025-08-21T16:04:31.653,0.88,0.442,3.792,-0.846
1755810271673,2025-08-21T16:04:31.673,0.9,1.566,3.289,-0.796
1755810271693,2025-08-21T16:04:31.693,0.92,2.039,2.199,-0.934
1755810271713,2025-08-21T16:04:31.713,0.94,1.543,1.452,-1.159
1755810271733,2025-08-21T16:04:31.733,0.96,1.04,1.692,-1.204
1755810271753,2025-08-21T16:04:31.753,0.98,0.56,1.361,-1.402
1755810271773,2025-08-21T16:04:31.773,1.0,-0.084,0.377,-2.134
1755810271793,2025-08-21T16:04:31.793,1.02,0.171,1.12,-2.668
1755810271813,2025-08-21T16:04:31.813,1.04,0.64,2.553,-2.873
1755810271833,2025-08-21T16:04:31.833,1.06,0.629,3.087,-2.626
1755810271853,2025-08-21T16:04:31.853,1.08,0.648,2.069,-2.107
1755810271873,2025-08-21T16:04:31.873,1.1,0.476,1.018,-2.149
1755810271893,2025-08-21T16:04:31.893,1.12,0.145,0.659,-1.97
1755810271913,2025-08-21T16:04:31.913,1.14,0.278,-0.217,-1.41
1755810271933,2025-08-21T16:04:31.933,1.16,0.183,0.099,-1.498
1755810271953,2025-08-21T16:04:31.953,1.18,-0.408,0.751,-1.707
1755810271973,2025-08-21T16:04:31.973,1.2,-1.018,0.511,-1.524
1755810271993,2025-08-21T16:04:31.993,1.22,-0.796,-0.648,-1.357
1755810272013,2025-08-21T16:04:32.013,1.24,-0.03,-1.421,-0.747
1755810272033,2025-08-21T16:04:32.033,1.26,0.675,-0.831,-0.084
1755810272053,2025-08-21T16:04:32.053,1.28,0.918,-0.217,-0.126
1755810272073,2025-08-21T16:04:32.073,1.3,1.174,0.011,-0.583
1755810272093,2025-08-21T16:04:32.093,1.32,1.433,0.145,-1.113
1755810272113,2025-08-21T16:04:32.113,1.34,1.585,1.006,-1.467
1755810272133,2025-08-21T16:04:32.133,1.36,1.536,1.021,-1.109
1755810272153,2025-08-21T16:04:32.153,1.38,1.303,0.213,-0.713
1755810272173,2025-08-21T16:04:32.173,1.4,0.93,-1.101,-0.366
1755810272193,2025-08-21T16:04:32.193,1.42,0.777,-2.302,-0.13
1755810272213,2025-08-21T16:04:32.213,1.44,0.663,-2.13,-1.075
1755810272233,2025-08-21T16:04:32.233,1.46,0.793,-0.93,-1.757
1755810272253,2025-08-21T16:04:32.253,1.48,1.197,0.709,-1.254
1755810272273,2025-08-21T16:04:32.273,1.5,1.684,2.073,-0.648
1755810272293,2025-08-21T16:04:32.293,1.52,2.965,2.454,-0.011
1755810272313,2025-08-21T16:04:32.313,1.54,3.194,3.106,0.45
1755810272333,2025-08-21T16:04:32.333,1.56,2.42,3.354,0.305
1755810272353,2025-08-21T16:04:32.353,1.58,2.043,1.498,-0.133
1755810272373,2025-08-21T16:04:32.373,1.6,1.742,-0.61,-0.225
1755810272393,2025-08-21T16:04:32.393,1.62,1.627,-0.541,0.027
1755810272413,2025-08-21T16:04:32.413,1.64,1.772,0.549,0.137
1755810272433,2025-08-21T16:04:32.433,1.66,2.104,0.72,-0.042
1755810272453,2025-08-21T16:04:32.453,1.68,1.745,0.743,-0.229
1755810272473,2025-08-21T16:04:32.473,1.7,0.884,-0.046,-0.023
1755810272493,2025-08-21T16:04:32.493,1.72,-0.286,-1.311,0.423
1755810272513,2025-08-21T16:04:32.513,1.74,-1.425,-0.983,0.149
1755810272533,2025-08-21T16:04:32.533,1.76,-1.258,-0.335,-0.244
1755810272553,2025-08-21T16:04:32.553,1.78,0.271,-0.133,0.038
1755810272573,2025-08-21T16:04:32.573,1.8,1.883,-0.16,0.926
1755810272593,2025-08-21T16:04:32.593,1.82,2.424,-0.019,0.854
1755810272613,2025-08-21T16:04:32.613,1.84,2.275,-0.884,0.309
1755810272633,2025-08-21T16:04:32.633,1.86,1.677,-1.776,0.111
1755810272653,2025-08-21T16:04:32.653,1.88,1.04,-1.73,-0.187
1755810272673,2025-08-21T16:04:32.673,1.9,1.421,-1.536,-0.278
1755810272693,2025-08-21T16:04:32.693,1.92,2.035,-2.386,-0.099
1755810272713,2025-08-21T16:04:32.713,1.94,2.389,-3.152,-0.133
1755810272733,2025-08-21T16:04:32.733,1.96,2.26,-2.378,-0.046
1755810272753,2025-08-21T16:04:32.753,1.98,1.421,-0.61,-0.152
1755810272773,2025-08-21T16:04:32.773,2.0,0.019,-0.221,-0.602
1755810272793,2025-08-21T16:04:32.793,2.02,-1.612,-0.968,-1.197
1755810272813,2025-08-21T16:04:32.813,2.04,-2.321,-1.905,-1.639
1755810272833,2025-08-21T16:04:32.833,2.06,-2.271,-2.389,-2.378
1755810272853,2025-08-21T16:04:32.853,2.08,-1.54,-2.329,-3.236
1755810272873,2025-08-21T16:04:32.873,2.1,-0.522,-1.875,-3.399
1755810272893,2025-08-21T16:04:32.893,2.12,0.568,-2.172,-2.713
1755810272913,2025-08-21T16:04:32.913,2.14,1.208,-2.466,-1.81
1755810272933,2025-08-21T16:04:32.933,2.16,0.316,-2.569,-1.341
1755810272953,2025-08-21T16:04:32.953,2.18,-0.922,-3.403,-2.058
1755810272973,2025-08-21T16:04:32.973,2.2,-0.957,-4.226,-2.881
1755810272993,2025-08-21T16:04:32.993,2.22,-0.427,-3.548,-2.763
1755810273013,2025-08-21T16:04:33.013,2.24,0.648,-0.705,-2.252
1755810273033,2025-08-21T16:04:33.033,2.26,1.071,0.427,-2.066
1755810273053,2025-08-21T16:04:33.053,2.28,0.488,-0.21,-1.814
1755810273073,2025-08-21T16:04:33.073,2.3,0.358,-0.842,-1.059
1755810273093,2025-08-21T16:04:33.093,2.32,0.762,-0.686,-0.309
1755810273113,2025-08-21T16:04:33.113,2.34,1.223,0.591,-0.522
1755810273133,2025-08-21T16:04:33.133,2.36,1.349,1.246,-1.174
1755810273153,2025-08-21T16:04:33.153,2.38,1.593,1.303,-1.105
1755810273173,2025-08-21T16:04:33.173,2.4,1.662,1.273,-0.05
1755810273193,2025-08-21T16:04:33.193,2.42,1.692,1.216,1.09
1755810273213,2025-08-21T16:04:33.213,2.44,2.054,0.492,1.505
1755810273233,2025-08-21T16:04:33.233,2.46,2.073,0.217,0.842
1755810273253,2025-08-21T16:04:33.253,2.48,2.363,0.857,0.13
1755810273273,2025-08-21T16:04:33.273,2.5,3.556,1.513,-0.48
1755810273293,2025-08-21T16:04:33.293,2.52,4.405,1.559,-0.335
1755810273313,2025-08-21T16:04:33.313,2.54,4.177,1.25,1.014
1755810273333,2025-08-21T16:04:33.333,2.56,3.056,1.159,1.898
1755810273353,2025-08-21T16:04:33.353,2.58,1.883,0.64,1.372
1755810273373,2025-08-21T16:04:33.373,2.6,0.892,0.678,0.244
1755810273393,2025-08-21T16:04:33.393,2.62,0.549,1.604,-0.004
1755810273413,2025-08-21T16:04:33.413,2.64,-0.168,3.114,0.56
1755810273433,2025-08-21T16:04:33.433,2.66,-1.364,2.668,0.423
1755810273453,2025-08-21T16:04:33.453,2.68,-1.688,-0.088,-0.461
1755810273473,2025-08-21T16:04:33.473,2.7,-1.048,-1.574,-0.85
1755810273493,2025-08-21T16:04:33.493,2.72,0.057,-0.454,-0.198
1755810273513,2025-08-21T16:04:33.513,2.74,1.006,0.675,0.736
1755810273533,2025-08-21T16:04:33.533,2.76,1.673,0.854,0.766
1755810273553,2025-08-21T16:04:33.553,2.78,0.991,0.888,0.671
1755810273573,2025-08-21T16:04:33.573,2.8,-0.213,0.446,0.888
1755810273593,2025-08-21T16:04:33.593,2.82,-0.446,0.556,0.671
1755810273613,2025-08-21T16:04:33.613,2.84,0.099,1.178,-0.305
1755810273633,2025-08-21T16:04:33.633,2.86,0.415,0.465,-1.063
1755810273653,2025-08-21T16:04:33.653,2.88,0.236,-0.915,-0.979
1755810273673,2025-08-21T16:04:33.673,2.9,0.377,-1.25,-0.038
1755810273693,2025-08-21T16:04:33.693,2.92,0.755,-0.854,0.457
1755810273713,2025-08-21T16:04:33.713,2.94,0.941,-0.126,0.427
1755810273733,2025-08-21T16:04:33.733,2.96,1.463,1.037,0.316
1755810273753,2025-08-21T16:04:33.753,2.98,2.37,1.654,0.293
1755810273773,2025-08-21T16:04:33.773,3.0,3.136,1.73,0.206
1755810273793,2025-08-21T16:04:33.793,3.02,3.354,2.046,0.072
1755810273813,2025-08-21T16:04:33.813,3.04,3.037,1.623,-0.24
1755810273833,2025-08-21T16:04:33.833,3.06,2.466,0.591,-0.675
1755810273853,2025-08-21T16:04:33.853,3.08,2.02,-0.614,-1.018
1755810273873,2025-08-21T16:04:33.873,3.1,1.402,-1.04,-1.406
1755810273893,2025-08-21T16:04:33.893,3.12,0.682,-1.524,-1.627
1755810273913,2025-08-21T16:04:33.913,3.14,0.446,-1.315,-1.681
1755810273933,2025-08-21T16:04:33.933,3.16,0.652,-0.057,-1.711
1755810273953,2025-08-21T16:04:33.953,3.18,1.071,1.383,-1.303
1755810273973,2025-08-21T16:04:33.973,3.2,1.174,2.824,-0.678
1755810273993,2025-08-21T16:04:33.993,3.22,0.606,3.281,-0.579
1755810274013,2025-08-21T16:04:34.013,3.24,-0.351,2.123,-1.048
1755810274033,2025-08-21T16:04:34.033,3.26,-1.071,0.69,-1.593
1755810274053,2025-08-21T16:04:34.053,3.28,-1.021,-0.373,-1.528
1755810274073,2025-08-21T16:04:34.073,3.3,-0.293,-1.139,-1.49
1755810274093,2025-08-21T16:04:34.093,3.32,0.652,-0.998,-1.353
1755810274113,2025-08-21T16:04:34.113,3.34,1.063,-0.069,-0.69
1755810274133,2025-08-21T16:04:34.133,3.36,0.4,0.061,-0.053
1755810274153,2025-08-21T16:04:34.153,3.38,-0.187,-0.621,-0.381
1755810274173,2025-08-21T16:04:34.173,3.4,-0.259,-1.772,-1.345
1755810274193,2025-08-21T16:04:34.193,3.42,-0.057,-1.555,-1.543
1755810274213,2025-08-21T16:04:34.213,3.44,0.133,-0.915,-0.911
1755810274233,2025-08-21T16:04:34.233,3.46,0.617,-1.258,-0.953
1755810274253,2025-08-21T16:04:34.253,3.48,0.941,-1.319,-1.406
1755810274273,2025-08-21T16:04:34.273,3.5,0.621,-1.2,-1.269
1755810274293,2025-08-21T16:04:34.293,3.52,-0.438,-2.146,-1.261
1755810274313,2025-08-21T16:04:34.313,3.54,-1.284,-2.717,-2.005
1755810274333,2025-08-21T16:04:34.333,3.56,-0.998,-2.382,-2.431
1755810274353,2025-08-21T16:04:34.353,3.58,-0.164,-2.081,-2.016
1755810274373,2025-08-21T16:04:34.373,3.6,0.873,-0.899,-1.193
1755810274393,2025-08-21T16:04:34.393,3.62,1.909,0.457,-0.732
1755810274413,2025-08-21T16:04:34.413,3.64,2.317,0.926,-0.736
1755810274433,2025-08-21T16:04:34.433,3.66,2.29,0.701,-0.724
1755810274453,2025-08-21T16:04:34.453,3.68,1.951,0.358,-0.816
1755810274473,2025-08-21T16:04:34.473,3.7,1.665,-0.232,-1.002
1755810274493,2025-08-21T16:04:34.493,3.72,1.776,-0.926,-0.686
1755810274513,2025-08-21T16:04:34.513,3.74,2.557,-1.162,-0.183
1755810274533,2025-08-21T16:04:34.533,3.76,3.537,-0.648,-0.118
1755810274553,2025-08-21T16:04:34.553,3.78,3.605,-0.595,0.038
1755810274573,2025-08-21T16:04:34.573,3.8,2.649,-0.614,0.065
1755810274593,2025-08-21T16:04:34.593,3.82,1.764,-0.96,-0.221
1755810274613,2025-08-21T16:04:34.613,3.84,1.155,-1.349,-0.77
1755810274633,2025-08-21T16:04:34.633,3.86,0.854,-0.949,-1.029
1755810274653,2025-08-21T16:04:34.653,3.88,0.625,-0.595,-0.724
1755810274673,2025-08-21T16:04:34.673,3.9,0.781,-0.126,-0.495
1755810274693,2025-08-21T16:04:34.693,3.92,1.517,0.206,-0.469
1755810274713,2025-08-21T16:04:34.713,3.94,1.818,0.438,-0.45
1755810274733,2025-08-21T16:04:34.733,3.96,1.665,-0.011,-0.549
1755810274753,2025-08-21T16:04:34.753,3.98,1.098,-0.846,-0.766
1755810274773,2025-08-21T16:04:34.773,4.0,0.393,-1.075,-1.147
1755810274793,2025-08-21T16:04:34.793,4.02,-0.019,-0.244,-1.166
1755810274813,2025-08-21T16:04:34.813,4.04,-0.316,-0.019,-1.151
1755810274833,2025-08-21T16:04:34.833,4.06,-0.316,-0.103,-1.505
1755810274853,2025-08-21T16:04:34.853,4.08,-0.446,0.267,-1.639
1755810274873,2025-08-21T16:04:34.873,4.1,-1.071,0.088,-1.692
1755810274893,2025-08-21T16:04:34.893,4.12,-1.231,0.114,-1.78
1755810274913,2025-08-21T16:04:34.913,4.14,-0.675,0.617,-1.833
1755810274933,2025-08-21T16:04:34.933,4.16,0.023,0.991,-1.772
1755810274953,2025-08-21T16:04:34.953,4.18,0.24,1.159,-1.559
1755810274973,2025-08-21T16:04:34.973,4.2,0.027,0.892,-1.631
1755810274993,2025-08-21T16:04:34.993,4.22,0.29,1.025,-1.639
1755810275013,2025-08-21T16:04:35.013,4.24,0.85,1.414,-1.532
1755810275033,2025-08-21T16:04:35.033,4.26,1.223,1.89,-1.086
1755810275053,2025-08-21T16:04:35.053,4.28,1.391,1.547,-0.983
1755810275073,2025-08-21T16:04:35.073,4.3,1.193,0.37,-1.623
1755810275093,2025-08-21T16:04:35.093,4.32,0.804,-0.507,-1.955
1755810275113,2025-08-21T16:04:35.113,4.34,0.103,-1.2,-1.829
1755810275133,2025-08-21T16:04:35.133,4.36,-0.232,-1.391,-1.81
1755810275153,2025-08-21T16:04:35.153,4.38,-0.111,-0.606,-1.669
1755810275173,2025-08-21T16:04:35.173,4.4,0.16,1.322,-0.964
1755810275193,2025-08-21T16:04:35.193,4.42,0.575,2.393,-0.248
1755810275213,2025-08-21T16:04:35.213,4.44,1.319,2.172,-0.252
1755810275233,2025-08-21T16:04:35.233,4.46,1.814,1.547,-0.274
1755810275253,2025-08-21T16:04:35.253,4.48,2.005,1.075,-0.072
1755810275273,2025-08-21T16:04:35.273,4.5,2.348,0.709,0.034
1755810275293,2025-08-21T16:04:35.293,4.52,2.603,0.747,-0.282
1755810275313,2025-08-21T16:04:35.313,4.54,2.576,1.669,-0.53
1755810275333,2025-08-21T16:04:35.333,4.56,2.176,2.363,-0.541
1755810275353,2025-08-21T16:04:35.353,4.58,1.246,1.467,-0.682
1755810275373,2025-08-21T16:04:35.373,4.6,0.206,-0.194,-1.044
1755810275393,2025-08-21T16:04:35.393,4.62,-0.225,-0.835,-1.098
1755810275413,2025-08-21T16:04:35.413,4.64,-0.168,-0.057,-0.621
1755810275433,2025-08-21T16:04:35.433,4.66,-0.088,1.921,-0.362
1755810275453,2025-08-21T16:04:35.453,4.68,-0.099,3.579,-0.271
1755810275473,2025-08-21T16:04:35.473,4.7,0.046,3.441,-0.526
1755810275493,2025-08-21T16:04:35.493,4.72,0.644,2.671,-0.686
1755810275513,2025-08-21T16:04:35.513,4.74,0.469,2.016,-0.549
1755810275533,2025-08-21T16:04:35.533,4.76,0.061,1.25,-0.537
1755810275553,2025-08-21T16:04:35.553,4.78,0.198,0.488,-0.766
1755810275573,2025-08-21T16:04:35.573,4.8,0.537,-0.274,-0.595
1755810275593,2025-08-21T16:04:35.593,4.82,0.381,-0.587,-0.663
1755810275613,2025-08-21T16:04:35.613,4.84,0.675,-0.823,-1.139
1755810275633,2025-08-21T16:04:35.633,4.86,1.372,-0.854,-1.848
1755810275653,2025-08-21T16:04:35.653,4.88,1.818,-0.964,-2.485
1755810275673,2025-08-21T16:04:35.673,4.9,1.905,-0.644,-2.649
1755810275693,2025-08-21T16:04:35.693,4.92,1.364,-0.899,-2.801
1755810275713,2025-08-21T16:04:35.713,4.94,0.301,-1.429,-3.182
1755810275733,2025-08-21T16:04:35.733,4.96,-0.697,-1.993,-3.777
1755810275753,2025-08-21T16:04:35.753,4.98,-1.273,-2.355,-3.944
1755810275773,2025-08-21T16:04:35.773,5.0,-1.178,-2.21,-3.216
1755810275793,2025-08-21T16:04:35.793,5.02,-0.678,-1.742,-2.561
1755810275813,2025-08-21T16:04:35.813,5.04,0.126,-0.755,-2.203
1755810275833,2025-08-21T16:04:35.833,5.06,1.239,0.796,-1.46
1755810275853,2025-08-21T16:04:35.853,5.08,1.536,2.241,-0.694
1755810275873,2025-08-21T16:04:35.873,5.1,1.585,2.492,-0.526
1755810275893,2025-08-21T16:04:35.893,5.12,1.521,0.766,-0.827
1755810275913,2025-08-21T16:04:35.913,5.14,1.296,-0.865,-1.155
1755810275933,2025-08-21T16:04:35.933,5.16,1.456,-0.8,-1.349
1755810275953,2025-08-21T16:04:35.953,5.18,1.334,-0.522,-1.7
1755810275973,2025-08-21T16:04:35.973,5.2,1.018,-0.004,-2.165
1755810275993,2025-08-21T16:04:35.993,5.22,0.488,-0.149,-2.576
1755810276013,2025-08-21T16:04:36.013,5.24,-0.271,-1.444,-2.992
1755810276033,2025-08-21T16:04:36.033,5.26,-0.69,-1.902,-3.19
1755810276053,2025-08-21T16:04:36.053,5.28,-0.671,-1.593,-3.133
1755810276073,2025-08-21T16:04:36.073,5.3,-0.816,-1.09,-3.441
1755810276093,2025-08-21T16:04:36.093,5.32,-1.159,-0.957,-3.518
1755810276113,2025-08-21T16:04:36.113,5.34,-1.597,-1.231,-3.407
1755810276133,2025-08-21T16:04:36.133,5.36,-1.604,-0.953,-3.232
1755810276153,2025-08-21T16:04:36.153,5.38,-1.517,-0.473,-3.239
1755810276173,2025-08-21T16:04:36.173,5.4,-1.311,-0.08,-3.438
1755810276193,2025-08-21T16:04:36.193,5.42,-1.113,-0.168,-3.457
1755810276213,2025-08-21T16:04:36.213,5.44,-0.957,-0.652,-3.331
1755810276233,2025-08-21T16:04:36.233,5.46,-0.659,-0.701,-3.365
1755810276253,2025-08-21T16:04:36.253,5.48,-0.274,-0.423,-3.453
1755810276273,2025-08-21T16:04:36.273,5.5,0.114,-0.187,-3.491
1755810276293,2025-08-21T16:04:36.293,5.52,0.358,-0.655,-3.236
1755810276313,2025-08-21T16:04:36.313,5.54,0.476,-0.819,-3.266
1755810276333,2025-08-21T16:04:36.333,5.56,0.61,-1.109,-3.159
1755810276353,2025-08-21T16:04:36.353,5.58,0.434,-1.917,-2.995
1755810276373,2025-08-21T16:04:36.373,5.6,0.431,-2.298,-2.95
1755810276393,2025-08-21T16:04:36.393,5.62,0.614,-1.471,-3.129
1755810276413,2025-08-21T16:04:36.413,5.64,0.785,-0.682,-3.014
1755810276433,2025-08-21T16:04:36.433,5.66,0.61,-0.438,-2.908
1755810276453,2025-08-21T16:04:36.453,5.68,0.232,-1.079,-2.671
1755810276473,2025-08-21T16:04:36.473,5.7,-0.316,-1.65,-2.466
1755810276493,2025-08-21T16:04:36.493,5.72,-0.339,-1.54,-2.313
1755810276513,2025-08-21T16:04:36.513,5.74,-0.095,-1.25,-2.428
1755810276533,2025-08-21T16:04:36.533,5.76,0.008,-0.922,-2.561
1755810276553,2025-08-21T16:04:36.553,5.78,-0.107,-1.277,-2.374
1755810276573,2025-08-21T16:04:36.573,5.8,-0.236,-1.894,-2.176
1755810276593,2025-08-21T16:04:36.593,5.82,-0.347,-2.127,-2.336
1755810276613,2025-08-21T16:04:36.613,5.84,-0.511,-1.589,-2.508
1755810276633,2025-08-21T16:04:36.633,5.86,-0.816,-0.995,-2.439
1755810276653,2025-08-21T16:04:36.653,5.88,-0.64,-0.953,-2.34
1755810276673,2025-08-21T16:04:36.673,5.9,-0.217,-1.052,-2.348
1755810276693,2025-08-21T16:04:36.693,5.92,-0.084,-1.082,-2.393
1755810276713,2025-08-21T16:04:36.713,5.94,-0.13,-1.73,-2.401
