2025-08-28 17:25:13.269,0.028097207,0.021439102,0.05086793
2025-08-28 17:25:13.474,0.028097207,0.021439102,0.05086793
2025-08-28 17:25:49.049,0.015446805,0.03954915,-0.056061253
2025-08-28 17:25:49.049,0.015446805,0.03954915,-0.056061253
2025-08-28 17:25:49.1,0.015446805,0.03954915,-0.056061253
2025-08-28 17:25:49.1,0.015446805,0.03954915,-0.056061253
2025-08-28 17:25:49.151,0.058857657,0.078432485,-0.031958908
2025-08-28 17:25:49.151,0.058857657,0.078432485,-0.031958908
2025-08-28 17:25:49.153,0.06231987,0.09694202,-0.05100109
2025-08-28 17:25:49.153,0.06231987,0.09694202,-0.05100109
2025-08-28 17:25:49.204,-0.061920386,0.089751266,-0.063385166
2025-08-28 17:25:49.204,-0.061920386,0.089751266,-0.063385166
2025-08-28 17:25:49.255,0.009188186,0.07616873,-0.08042992
2025-08-28 17:25:49.257,0.09587672,0.046207253,0.01944167
2025-08-28 17:25:49.265,0.009188186,0.07616873,-0.08042992
2025-08-28 17:25:49.265,0.09587672,0.046207253,0.01944167
2025-08-28 17:25:49.305,0.025300803,0.055528603,-0.004926998
2025-08-28 17:25:49.306,0.025300803,0.055528603,-0.004926998
2025-08-28 17:25:49.349,0.025300803,0.055528603,-0.004926998
2025-08-28 17:25:49.349,0.025300803,0.055528603,-0.004926998
2025-08-28 17:25:49.35,0.104532264,0.07750035,0.0014647833
2025-08-28 17:25:49.35,0.104532264,0.07750035,0.0014647833
2025-08-28 17:25:49.399,0.1328958,0.08535691,-0.025700288
2025-08-28 17:25:49.399,0.1328958,0.08535691,-0.025700288
2025-08-28 17:25:49.449,0.11132353,-0.016911589,0.23183525
2025-08-28 17:25:49.449,0.11132353,-0.016911589,0.23183525
2025-08-28 17:25:49.498,0.024102343,-0.022371236,0.10107005
2025-08-28 17:25:49.499,0.024102343,-0.022371236,0.10107005
2025-08-28 17:25:49.504,0.024102343,-0.022371236,0.10107005
2025-08-28 17:25:49.505,-0.0006658106,-0.015979454,0.11025824
2025-08-28 17:25:49.506,0.024102343,-0.022371236,0.10107005
2025-08-28 17:25:49.506,-0.0006658106,-0.015979454,0.11025824
2025-08-28 17:25:49.551,-0.13902125,-0.0026632424,0.09680886
2025-08-28 17:25:49.552,-0.13902125,-0.0026632424,0.09680886
2025-08-28 17:25:49.603,-0.05646074,-0.014248347,0.11065772
2025-08-28 17:25:49.604,-0.05646074,-0.014248347,0.11065772
2025-08-28 17:25:49.605,-0.092947155,-0.08229419,0.13009939
2025-08-28 17:25:49.605,-0.092947155,-0.08229419,0.13009939
2025-08-28 17:25:49.651,-0.092947155,-0.08229419,0.13009939
2025-08-28 17:25:49.651,-0.092947155,-0.08229419,0.13009939
2025-08-28 17:25:49.703,-0.067646354,-0.14687781,0.10692918
2025-08-28 17:25:49.704,-0.067646354,-0.14687781,0.10692918
2025-08-28 17:25:49.705,-0.07137489,-0.1444809,0.06231987
2025-08-28 17:25:49.706,-0.07137489,-0.1444809,0.06231987
2025-08-28 17:25:49.753,-0.21612212,-0.15832976,0.06564892
2025-08-28 17:25:49.753,-0.21612212,-0.15832976,0.06564892
2025-08-28 17:25:49.805,-0.033024207,-0.108527124,-0.0018642696
2025-08-28 17:25:49.806,-0.033024207,-0.108527124,-0.0018642696
2025-08-28 17:25:49.808,-0.033024207,-0.108527124,-0.0018642696
2025-08-28 17:25:49.808,-0.033024207,-0.108527124,-0.0018642696
2025-08-28 17:25:49.853,-0.012783563,-0.0769677,-0.07270651
2025-08-28 17:25:49.854,-0.1532696,-0.09387929,-0.07457078
2025-08-28 17:25:49.855,-0.012783563,-0.0769677,-0.07270651
2025-08-28 17:25:49.856,-0.1532696,-0.09387929,-0.07457078
2025-08-28 17:25:49.903,-0.06791268,-0.10866029,-0.033157367
2025-08-28 17:25:49.904,-0.06791268,-0.10866029,-0.033157367
2025-08-28 17:25:49.953,0.09321348,-0.10905977,0.025300803
2025-08-28 17:25:49.953,0.09321348,-0.10905977,0.025300803
2025-08-28 17:25:50.002,-0.044476148,-0.07430446,0.03528796
2025-08-28 17:25:50.002,-0.044476148,-0.07430446,0.03528796
2025-08-28 17:25:50.005,-0.044476148,-0.07430446,0.03528796
2025-08-28 17:25:50.005,-0.044476148,-0.07430446,0.03528796
2025-08-28 17:25:50.054,0.2851001,-0.025034478,0.011185618
2025-08-28 17:25:50.054,0.2851001,-0.025034478,0.011185618
2025-08-28 17:25:50.056,0.13089836,-0.025700288,-0.005725971
2025-08-28 17:25:50.056,0.13089836,-0.025700288,-0.005725971
2025-08-28 17:25:50.103,0.069510624,-0.010786131,-0.07244019
2025-08-28 17:25:50.104,0.069510624,-0.010786131,-0.07244019
2025-08-28 17:25:50.154,0.14874208,0.012250915,-0.068179004
2025-08-28 17:25:50.156,0.14874208,0.012250915,-0.068179004
2025-08-28 17:25:50.157,0.14874208,0.012250915,-0.068179004
2025-08-28 17:25:50.158,0.14874208,0.012250915,-0.068179004
2025-08-28 17:25:50.202,0.15446806,0.025034478,-0.015979454
2025-08-28 17:25:50.204,0.15446806,0.025034478,-0.015979454
2025-08-28 17:25:50.254,0.21585579,0.058857657,-0.04154658
2025-08-28 17:25:50.254,0.21585579,0.058857657,-0.04154658
2025-08-28 17:25:50.256,0.05646074,0.053664334,-0.003462215
2025-08-28 17:25:50.256,0.05646074,0.053664334,-0.003462215
2025-08-28 17:25:50.305,-0.037551716,0.034888476,-0.022770721
2025-08-28 17:25:50.303,-0.037551716,0.034888476,-0.022770721
2025-08-28 17:25:50.354,-0.037551716,0.034888476,-0.022770721
2025-08-28 17:25:50.354,-0.037551716,0.034888476,-0.022770721
2025-08-28 17:25:50.356,0.021838587,0.0017311075,-0.0390165
2025-08-28 17:25:50.356,0.021838587,0.0017311075,-0.0390165
2025-08-28 17:25:50.402,-0.11092404,-0.043144524,-0.04527512
2025-08-28 17:25:50.402,-0.11092404,-0.043144524,-0.04527512
2025-08-28 17:25:50.453,-0.119046934,-0.01824321,-0.08455794
2025-08-28 17:25:50.453,-0.119046934,-0.01824321,-0.08455794
2025-08-28 17:25:50.502,0.016645264,-0.009055024,-0.05086793
2025-08-28 17:25:50.503,0.016645264,-0.009055024,-0.05086793
2025-08-28 17:25:50.504,0.016645264,-0.009055024,-0.05086793
2025-08-28 17:25:50.505,0.016645264,-0.009055024,-0.05086793
2025-08-28 17:25:50.555,0.056993388,0.03209207,-0.036353257
2025-08-28 17:25:50.556,0.056993388,0.03209207,-0.036353257
2025-08-28 17:25:50.603,0.085756406,0.034355827,-0.015846292
2025-08-28 17:25:50.605,0.07070909,-0.017444238,-0.00026632423
2025-08-28 17:25:50.606,0.085756406,0.034355827,-0.015846292
2025-08-28 17:25:50.608,0.07070909,-0.017444238,-0.00026632423
2025-08-28 17:25:50.653,0.048071526,-0.034888476,0.009055024
2025-08-28 17:25:50.653,0.048071526,-0.034888476,0.009055024
2025-08-28 17:25:50.702,0.048071526,-0.034888476,0.009055024
2025-08-28 17:25:50.705,0.24208874,-0.04141342,0.025433965
2025-08-28 17:25:50.703,0.048071526,-0.034888476,0.009055024
2025-08-28 17:25:50.708,0.24208874,-0.04141342,0.025433965
2025-08-28 17:25:50.751,0.1785704,-0.07097541,0.05100109
2025-08-28 17:25:50.753,0.1785704,-0.07097541,0.05100109
2025-08-28 17:25:50.801,-0.06911114,-0.05286536,0.031825747
2025-08-28 17:25:50.802,-0.06911114,-0.05286536,0.031825747
2025-08-28 17:25:50.804,0.24754837,-0.05113425,0.022238074
2025-08-28 17:25:50.805,0.24754837,-0.05113425,0.022238074
2025-08-28 17:25:50.85,0.023436533,-0.03395634,0.009720835
2025-08-28 17:25:50.85,0.023436533,-0.03395634,0.009720835
2025-08-28 17:25:50.903,0.023436533,-0.03395634,0.009720835
2025-08-28 17:25:50.904,0.023436533,-0.03395634,0.009720835
2025-08-28 17:25:50.906,-0.16112617,-0.027298234,0.0039948635
2025-08-28 17:25:50.906,-0.16112617,-0.027298234,0.0039948635
2025-08-28 17:25:50.952,0.1884244,-0.028763017,0.02583345
2025-08-28 17:25:50.952,0.1884244,-0.028763017,0.02583345
2025-08-28 17:25:51.001,0.06271936,-0.028363531,0.030494126
2025-08-28 17:25:51.002,0.06271936,-0.028363531,0.030494126
2025-08-28 17:25:51.003,-0.12344128,-0.014248347,-0.0070575923
2025-08-28 17:25:51.004,-0.12344128,-0.014248347,-0.0070575923
2025-08-28 17:25:51.052,0.14994055,-0.025700288,0.012517239
2025-08-28 17:25:51.053,0.14994055,-0.025700288,0.012517239
2025-08-28 17:25:51.101,0.14994055,-0.025700288,0.012517239
2025-08-28 17:25:51.102,0.14994055,-0.025700288,0.012517239
2025-08-28 17:25:51.105,-0.03209207,-0.02330337,-0.018642696
2025-08-28 17:25:51.105,-0.03209207,-0.02330337,-0.018642696
2025-08-28 17:25:51.152,-0.037951205,0.012384077,-0.0664479
2025-08-28 17:25:51.152,-0.037951205,0.012384077,-0.0664479
2025-08-28 17:25:51.202,0.10386645,0.017444238,-0.07829932
2025-08-28 17:25:51.204,-0.057526033,0.0013316212,-0.045408282
2025-08-28 17:25:51.205,0.10386645,0.017444238,-0.07829932
2025-08-28 17:25:51.207,-0.057526033,0.0013316212,-0.045408282
2025-08-28 17:25:51.253,-0.057526033,0.0013316212,-0.045408282
2025-08-28 17:25:51.253,-0.057526033,0.0013316212,-0.045408282
2025-08-28 17:25:51.254,-0.052465875,0.025034478,-0.027298234
2025-08-28 17:25:51.255,-0.052465875,0.025034478,-0.027298234
2025-08-28 17:25:51.303,0.083492644,0.038617015,-0.012650401
2025-08-28 17:25:51.304,0.083492644,0.038617015,-0.012650401
2025-08-28 17:25:51.352,-0.0037285392,0.030627286,0.0062586195
2025-08-28 17:25:51.353,-0.0037285392,0.030627286,0.0062586195
2025-08-28 17:25:51.354,-0.23063679,0.020906452,-0.022238074
2025-08-28 17:25:51.355,-0.23063679,0.020906452,-0.022238074
2025-08-28 17:25:51.403,-0.23063679,0.020906452,-0.022238074
2025-08-28 17:25:51.404,-0.23063679,0.020906452,-0.022238074
2025-08-28 17:25:51.502,0.02396918,0.035021637,0.021572262
2025-08-28 17:25:51.504,0.02396918,0.035021637,0.021572262
2025-08-28 17:25:51.506,-0.09920578,0.014914157,0.016645264
2025-08-28 17:25:51.506,-0.09920578,0.014914157,0.016645264
2025-08-28 17:25:51.509,-0.12077804,-0.00026632423,0.021705424
2025-08-28 17:25:51.509,-0.12077804,-0.00026632423,0.021705424
2025-08-28 17:25:51.552,-0.0896181,0.012916725,0.01571313
2025-08-28 17:25:51.552,-0.0896181,0.012916725,0.01571313
2025-08-28 17:25:51.554,-0.034755312,0.01318305,0.00692443
2025-08-28 17:25:51.554,-0.034755312,0.01318305,0.00692443
2025-08-28 17:25:51.601,-0.034755312,0.01318305,0.00692443
2025-08-28 17:25:51.601,-0.034755312,0.01318305,0.00692443
2025-08-28 17:25:51.652,-0.12410709,0.023436533,0.030094638
2025-08-28 17:25:51.652,-0.12410709,0.023436533,0.030094638
2025-08-28 17:25:51.702,0.046074092,0.01890902,0.060056116
2025-08-28 17:25:51.704,0.046074092,0.01890902,0.060056116
2025-08-28 17:25:51.704,0.049536306,0.028629854,0.03781804
2025-08-28 17:25:51.706,0.049536306,0.028629854,0.03781804
2025-08-28 17:25:51.752,-0.063917816,0.008655538,0.025567126
2025-08-28 17:25:51.753,-0.063917816,0.008655538,0.025567126
2025-08-28 17:25:51.754,-0.063917816,0.008655538,0.025567126
2025-08-28 17:25:51.756,-0.063917816,0.008655538,0.025567126
2025-08-28 17:25:51.801,0.07190754,0.0019974317,-0.015047319
2025-08-28 17:25:51.802,0.07190754,0.0019974317,-0.015047319
2025-08-28 17:25:51.852,-0.06964379,0.010919293,-0.024368668
2025-08-28 17:25:51.852,-0.06964379,0.010919293,-0.024368668
2025-08-28 17:25:51.854,0.09814048,0.02703191,-0.059257142
2025-08-28 17:25:51.854,0.09814048,0.02703191,-0.059257142
2025-08-28 17:25:51.901,0.06831217,-0.015446805,0.01571313
2025-08-28 17:25:51.902,0.06831217,-0.015446805,0.01571313
2025-08-28 17:25:51.952,0.019175345,-0.031825747,0.0011984591
2025-08-28 17:25:51.953,0.019175345,-0.031825747,0.0011984591
2025-08-28 17:25:51.955,0.019175345,-0.031825747,0.0011984591
2025-08-28 17:25:51.955,0.019175345,-0.031825747,0.0011984591
2025-08-28 17:25:52.001,0.12517239,-0.024768153,0.018509535
2025-08-28 17:25:52.002,0.12517239,-0.024768153,0.018509535
2025-08-28 17:25:52.052,-0.0917487,-0.032225233,-0.045940932
2025-08-28 17:25:52.052,-0.0917487,-0.032225233,-0.045940932
2025-08-28 17:25:52.054,0.07190754,-0.013982022,-0.08509059
2025-08-28 17:25:52.054,0.07190754,-0.013982022,-0.08509059
2025-08-28 17:25:52.101,0.11438626,-0.034355827,-0.046340417
2025-08-28 17:25:52.101,0.11438626,-0.034355827,-0.046340417
2025-08-28 17:25:52.151,0.11438626,-0.034355827,-0.046340417
2025-08-28 17:25:52.152,0.11438626,-0.034355827,-0.046340417
2025-08-28 17:25:52.155,-0.04274504,-0.03848385,-0.014514671
2025-08-28 17:25:52.156,-0.04274504,-0.03848385,-0.014514671
2025-08-28 17:25:52.202,0.14421457,-0.04847101,0.04527512
2025-08-28 17:25:52.204,-0.027431397,0.0065249437,0.09507775
2025-08-28 17:25:52.205,0.14421457,-0.04847101,0.04527512
2025-08-28 17:25:52.207,-0.027431397,0.0065249437,0.09507775
2025-08-28 17:25:52.253,0.16232462,0.016112616,0.10519807
2025-08-28 17:25:52.256,0.16232462,0.016112616,0.10519807
2025-08-28 17:25:52.302,0.023170209,0.02197175,0.07776668
2025-08-28 17:25:52.302,0.023170209,0.02197175,0.07776668
2025-08-28 17:25:52.304,0.023170209,0.02197175,0.07776668
2025-08-28 17:25:52.305,0.023170209,0.02197175,0.07776668
2025-08-28 17:25:52.352,-0.10253483,0.06871165,0.07403814
2025-08-28 17:25:52.353,-0.10253483,0.06871165,0.07403814
2025-08-28 17:25:52.401,0.14900841,0.05286536,0.052998524
2025-08-28 17:25:52.402,0.14900841,0.05286536,0.052998524
2025-08-28 17:25:52.453,-0.070309594,0.024901316,0.014914157
2025-08-28 17:25:52.453,-0.070309594,0.024901316,0.014914157
2025-08-28 17:25:52.455,-0.00026632423,0.070309594,0.05419698
2025-08-28 17:25:52.456,-0.00026632423,0.070309594,0.05419698
2025-08-28 17:25:52.502,0.15060635,0.10107005,0.14874208
2025-08-28 17:25:52.502,0.15060635,0.10107005,0.14874208
2025-08-28 17:25:52.554,0.20600179,0.051933225,0.12077804
2025-08-28 17:25:52.553,0.20600179,0.051933225,0.12077804
2025-08-28 17:25:52.556,0.20600179,0.051933225,0.12077804
2025-08-28 17:25:52.556,0.20600179,0.051933225,0.12077804
2025-08-28 17:25:52.602,0.13023256,-0.042345554,0.11411993
2025-08-28 17:25:52.602,0.13023256,-0.042345554,0.11411993
2025-08-28 17:25:52.652,0.21851903,-0.0818947,0.17683929
2025-08-28 17:25:52.652,0.21851903,-0.0818947,0.17683929
2025-08-28 17:25:52.702,0.27964044,-0.06245303,0.25420648
2025-08-28 17:25:52.702,0.27964044,-0.06245303,0.25420648
2025-08-28 17:25:52.706,0.29868263,0.0033290528,0.28030625
2025-08-28 17:25:52.706,0.29868263,0.0033290528,0.28030625
2025-08-28 17:25:52.752,0.29868263,0.0033290528,0.28030625
2025-08-28 17:25:52.752,0.29868263,0.0033290528,0.28030625
2025-08-28 17:25:52.802,0.14301611,0.04141342,0.2739145
2025-08-28 17:25:52.802,0.14301611,0.04141342,0.2739145
2025-08-28 17:25:52.805,0.24728206,0.11079088,0.31159934
2025-08-28 17:25:52.806,0.24728206,0.11079088,0.31159934
2025-08-28 17:25:52.852,0.24728206,0.11079088,0.31159934
2025-08-28 17:25:52.853,0.24728206,0.11079088,0.31159934
2025-08-28 17:25:52.854,0.31626004,0.17351024,0.34675416
2025-08-28 17:25:52.855,0.31626004,0.17351024,0.34675416
2025-08-28 17:25:52.904,0.25207588,0.18509534,0.32891044
2025-08-28 17:25:52.904,0.25207588,0.18509534,0.32891044
2025-08-28 17:25:52.953,0.11638369,0.11092404,0.3884339
2025-08-28 17:25:52.955,-0.029029341,0.042345554,0.36619583
2025-08-28 17:25:52.956,0.11638369,0.11092404,0.3884339
2025-08-28 17:25:52.958,-0.029029341,0.042345554,0.36619583
2025-08-28 17:25:53.003,-0.029029341,0.042345554,0.36619583
2025-08-28 17:25:53.004,-0.029029341,0.042345554,0.36619583
2025-08-28 17:25:53.052,0.38017786,0.074970275,0.25820133
2025-08-28 17:25:53.054,0.39988583,0.005725971,0.03528796
2025-08-28 17:25:53.056,0.38017786,0.074970275,0.25820133
2025-08-28 17:25:53.058,0.39988583,0.005725971,0.03528796
2025-08-28 17:25:53.104,0.36779377,-0.092148185,-0.09600989
2025-08-28 17:25:53.103,0.36779377,-0.092148185,-0.09600989
2025-08-28 17:25:53.153,1.020155,-0.21052931,-0.05353117
2025-08-28 17:25:53.153,1.020155,-0.21052931,-0.05353117
2025-08-28 17:25:53.156,1.020155,-0.21052931,-0.05353117
2025-08-28 17:25:53.156,1.020155,-0.21052931,-0.05353117
2025-08-28 17:25:53.202,1.306054,-0.5044181,-0.37418556
2025-08-28 17:25:53.203,1.306054,-0.5044181,-0.37418556
2025-08-28 17:25:53.253,1.2968658,-0.71281683,-0.6370476
2025-08-28 17:25:53.253,1.2968658,-0.71281683,-0.6370476
2025-08-28 17:25:53.303,1.6328338,-0.8965805,-0.58831024
2025-08-28 17:25:53.303,1.6328338,-0.8965805,-0.58831024
2025-08-28 17:25:53.306,2.2650876,-0.9375945,-0.52146286
2025-08-28 17:25:53.306,2.2650876,-0.9375945,-0.52146286
2025-08-28 17:25:53.351,1.890902,-1.3896799,0.03209207
2025-08-28 17:25:53.354,1.890902,-1.3896799,0.03209207
2025-08-28 17:25:53.402,1.8733246,-2.0221999,0.317059
2025-08-28 17:25:53.404,1.8733246,-2.0221999,0.317059
2025-08-28 17:25:53.406,1.8733246,-2.0221999,0.317059
2025-08-28 17:25:53.408,1.8733246,-2.0221999,0.317059
2025-08-28 17:25:53.452,1.0848718,-1.5593284,0.89791214
2025-08-28 17:25:53.454,-0.12450658,-2.2460454,1.9917058
2025-08-28 17:25:53.455,1.0848718,-1.5593284,0.89791214
2025-08-28 17:25:53.457,-0.12450658,-2.2460454,1.9917058
2025-08-28 17:25:53.503,-0.5984306,-1.3918104,2.373881
2025-08-28 17:25:53.503,-0.5984306,-1.3918104,2.373881
2025-08-28 17:25:53.552,-0.48657438,-3.4233317,1.7801112
2025-08-28 17:25:53.553,-0.48657438,-3.4233317,1.7801112
2025-08-28 17:25:53.554,0.15180482,-6.2421074,-5.2449894
2025-08-28 17:25:53.555,0.15180482,-6.2421074,-5.2449894
2025-08-28 17:25:53.602,0.15180482,-6.2421074,-5.2449894
2025-08-28 17:25:53.602,0.15180482,-6.2421074,-5.2449894
2025-08-28 17:25:53.652,-1.9251248,-6.18325,-1.3245636
2025-08-28 17:25:53.652,-1.9251248,-6.18325,-1.3245636
2025-08-28 17:25:53.656,8.30572,-2.5009177,-2.8291624
2025-08-28 17:25:53.656,8.30572,-2.5009177,-2.8291624
2025-08-28 17:25:53.701,-2.0464354,-1.6900936,-0.28350216
2025-08-28 17:25:53.703,-2.0464354,-1.6900936,-0.28350216
2025-08-28 17:25:53.753,4.007381,-0.79244775,-1.2120416
2025-08-28 17:25:53.754,4.007381,-0.79244775,-1.2120416
2025-08-28 17:25:53.756,4.007381,-0.79244775,-1.2120416
2025-08-28 17:25:53.756,4.007381,-0.79244775,-1.2120416
2025-08-28 17:25:53.801,-0.8991106,0.74490887,-1.8264515
2025-08-28 17:25:53.801,-0.8991106,0.74490887,-1.8264515
2025-08-28 17:25:53.852,0.8190802,0.3968231,-0.5687354
2025-08-28 17:25:53.853,0.8190802,0.3968231,-0.5687354
2025-08-28 17:25:53.855,0.11132353,-0.30214486,0.116650015
2025-08-28 17:25:53.856,0.11132353,-0.30214486,0.116650015
2025-08-28 17:25:53.901,0.336767,-0.026765585,0.32211915
2025-08-28 17:25:53.901,0.336767,-0.026765585,0.32211915
2025-08-28 17:25:53.952,0.336767,-0.026765585,0.32211915
2025-08-28 17:25:53.953,0.336767,-0.026765585,0.32211915
2025-08-28 17:25:53.955,0.6996338,0.0026632424,0.15513387
2025-08-28 17:25:53.955,0.6996338,0.0026632424,0.15513387
2025-08-28 17:25:54.002,-0.080829404,0.30267748,0.09308032
2025-08-28 17:25:54.004,0.64596945,0.5600799,-0.004660674
2025-08-28 17:25:54.005,-0.080829404,0.30267748,0.09308032
2025-08-28 17:25:54.008,0.64596945,0.5600799,-0.004660674
2025-08-28 17:25:54.053,0.91202736,0.54196984,-0.2889618
2025-08-28 17:25:54.054,0.91202736,0.54196984,-0.2889618
2025-08-28 17:25:54.098,0.0085223755,0.22224757,0.09414562
2025-08-28 17:25:54.098,0.0085223755,0.22224757,0.09414562
2025-08-28 17:25:54.15,0.0085223755,0.22224757,0.09414562
2025-08-28 17:25:54.15,0.0085223755,0.22224757,0.09414562
2025-08-28 17:25:54.15,-0.27151754,-0.14155133,0.12770247
2025-08-28 17:25:54.151,-0.27151754,-0.14155133,0.12770247
2025-08-28 17:25:54.202,0.021705424,-0.34315878,-0.05033528
2025-08-28 17:25:54.202,0.021705424,-0.34315878,-0.05033528
2025-08-28 17:25:54.204,0.013715698,0.08482427,-0.07070909
2025-08-28 17:25:54.205,0.013715698,0.08482427,-0.07070909
2025-08-28 17:25:54.253,-0.39775524,0.63611543,0.09814048
2025-08-28 17:25:54.253,-0.39775524,0.63611543,0.09814048
2025-08-28 17:25:54.301,-0.46486896,1.2449327,0.39908686
2025-08-28 17:25:54.301,-0.46486896,1.2449327,0.39908686
2025-08-28 17:25:54.352,-0.46486896,1.2449327,0.39908686
2025-08-28 17:25:54.355,-0.46486896,1.2449327,0.39908686
2025-08-28 17:25:54.357,-0.4330432,1.6430874,0.6723355
2025-08-28 17:25:54.354,-0.4330432,1.6430874,0.6723355
2025-08-28 17:25:54.4,-0.7833927,1.9002234,0.5620773
2025-08-28 17:25:54.401,-0.7833927,1.9002234,0.5620773
2025-08-28 17:25:54.453,0.0029295667,1.614058,0.37138915
2025-08-28 17:25:54.455,0.0029295667,1.614058,0.37138915
2025-08-28 17:25:54.456,-0.4759214,0.8411851,0.24515146
2025-08-28 17:25:54.457,-0.4759214,0.8411851,0.24515146
2025-08-28 17:25:54.502,0.15952821,0.24634992,-0.11292148
2025-08-28 17:25:54.502,0.15952821,0.24634992,-0.11292148
2025-08-28 17:25:54.506,0.15952821,0.24634992,-0.11292148
2025-08-28 17:25:54.506,0.15952821,0.24634992,-0.11292148
2025-08-28 17:25:54.553,0.17004803,0.092814,-0.63571596
2025-08-28 17:25:54.558,0.17004803,0.092814,-0.63571596
2025-08-28 17:25:54.602,-0.19947685,0.23183525,-0.9441194
2025-08-28 17:25:54.602,-0.19947685,0.23183525,-0.9441194
2025-08-28 17:25:54.653,-0.31586054,0.48617488,-1.1277499
2025-08-28 17:25:54.653,-0.31586054,0.48617488,-1.1277499
2025-08-28 17:25:54.655,-0.40654394,0.46313784,-0.79138243
2025-08-28 17:25:54.655,-0.40654394,0.46313784,-0.79138243
2025-08-28 17:25:54.704,-0.40654394,0.46313784,-0.79138243
2025-08-28 17:25:54.704,-0.40654394,0.46313784,-0.79138243
2025-08-28 17:25:54.706,-0.44942215,0.40201643,-0.26006562
2025-08-28 17:25:54.706,-0.44942215,0.40201643,-0.26006562
2025-08-28 17:25:54.752,0.07337233,0.49829265,-0.16139248
2025-08-28 17:25:54.752,0.07337233,0.49829265,-0.16139248
2025-08-28 17:25:54.802,-0.7659485,0.35128167,-0.106130205
2025-08-28 17:25:54.803,-0.7659485,0.35128167,-0.106130205
2025-08-28 17:25:54.805,0.15619916,-0.043011364,0.05086793
2025-08-28 17:25:54.805,0.15619916,-0.043011364,0.05086793
2025-08-28 17:25:54.851,0.4221239,-0.32891044,0.22171493
2025-08-28 17:25:54.852,0.4221239,-0.32891044,0.22171493
2025-08-28 17:25:54.903,0.4221239,-0.32891044,0.22171493
2025-08-28 17:25:54.903,0.4221239,-0.32891044,0.22171493
2025-08-28 17:25:54.906,0.6500974,-0.06112141,0.11491891
2025-08-28 17:25:54.906,0.6500974,-0.06112141,0.11491891
2025-08-28 17:25:54.953,0.46620056,-0.087088026,-0.14567935
2025-08-28 17:25:54.953,0.46620056,-0.087088026,-0.14567935
2025-08-28 17:25:55.002,-0.050734766,-0.16845007,-0.21132828
2025-08-28 17:25:55.002,-0.050734766,-0.16845007,-0.21132828
2025-08-28 17:25:55.005,-0.050734766,-0.16845007,-0.21132828
2025-08-28 17:25:55.005,-0.050734766,-0.16845007,-0.21132828
2025-08-28 17:25:55.052,0.15872924,-0.15127216,-0.16059351
2025-08-28 17:25:55.053,0.15872924,-0.15127216,-0.16059351
2025-08-28 17:25:55.102,0.029428829,-0.18682645,-0.04141342
2025-08-28 17:25:55.102,0.029428829,-0.18682645,-0.04141342
2025-08-28 17:25:55.105,0.07044276,-0.045008797,-0.17004803
2025-08-28 17:25:55.106,0.07044276,-0.045008797,-0.17004803
2025-08-28 17:25:55.152,-0.24435249,0.018775858,-0.08495743
2025-08-28 17:25:55.152,-0.24435249,0.018775858,-0.08495743
2025-08-28 17:25:55.203,0.10120321,0.13129784,0.026099775
2025-08-28 17:25:55.204,0.10120321,0.13129784,0.026099775
2025-08-28 17:25:55.205,0.10120321,0.13129784,0.026099775
2025-08-28 17:25:55.206,0.10120321,0.13129784,0.026099775
2025-08-28 17:25:55.252,0.012783563,0.12543872,0.05153374
2025-08-28 17:25:55.254,0.012783563,0.12543872,0.05153374
2025-08-28 17:25:55.302,-0.016378941,0.20307223,-0.026232937
2025-08-28 17:25:55.303,-0.016378941,0.20307223,-0.026232937
2025-08-28 17:25:55.305,-0.22983782,0.19867788,-0.029162504
2025-08-28 17:25:55.305,-0.22983782,0.19867788,-0.029162504
2025-08-28 17:25:55.351,-0.27964044,0.13822228,-0.060721926
2025-08-28 17:25:55.353,-0.27964044,0.13822228,-0.060721926
2025-08-28 17:25:55.403,-0.2383602,0.05526228,0.0065249437
2025-08-28 17:25:55.405,-0.2383602,0.05526228,0.0065249437
2025-08-28 17:25:55.407,-0.2383602,0.05526228,0.0065249437
2025-08-28 17:25:55.409,-0.2383602,0.05526228,0.0065249437
2025-08-28 17:25:55.452,-0.012650401,-0.0050601605,0.0019974317
2025-08-28 17:25:55.452,-0.012650401,-0.0050601605,0.0019974317
2025-08-28 17:25:55.502,-0.078965135,-0.054862794,-0.0011984591
2025-08-28 17:25:55.503,-0.078965135,-0.054862794,-0.0011984591
2025-08-28 17:25:55.505,0.051267415,-0.076834545,-0.025966613
2025-08-28 17:25:55.506,0.051267415,-0.076834545,-0.025966613
2025-08-28 17:25:55.552,0.088419646,-0.15739763,-0.04900366
2025-08-28 17:25:55.552,0.088419646,-0.15739763,-0.04900366
2025-08-28 17:25:55.603,0.24022447,-0.14048603,-0.008655538
2025-08-28 17:25:55.605,0.24022447,-0.14048603,-0.008655538
2025-08-28 17:25:55.608,0.24022447,-0.14048603,-0.008655538
2025-08-28 17:25:55.609,0.24022447,-0.14048603,-0.008655538
2025-08-28 17:25:55.652,0.17870356,-0.13662434,0.0085223755
2025-08-28 17:25:55.652,0.17870356,-0.13662434,0.0085223755
2025-08-28 17:25:55.654,0.13595852,-0.11411993,-0.00692443
2025-08-28 17:25:55.654,0.13595852,-0.11411993,-0.00692443
2025-08-28 17:25:55.705,0.08309316,-0.12517239,0.012517239
2025-08-28 17:25:55.705,0.08309316,-0.12517239,0.012517239
2025-08-28 17:25:55.752,0.048737336,-0.012117753,-0.015180482
2025-08-28 17:25:55.752,0.048737336,-0.012117753,-0.015180482
2025-08-28 17:25:55.804,0.11012507,0.14314927,0.07097541
2025-08-28 17:25:55.805,0.11012507,0.14314927,0.07097541
2025-08-28 17:25:55.806,0.11012507,0.14314927,0.07097541
2025-08-28 17:25:55.809,0.11012507,0.14314927,0.07097541
