946.6077881,-151.5843964,2990.870605,888.7685547,-297.5479736,2947.178467,815.2009277,-397.5794373,2907.726318,669.5869141,-521.1026611,2854.147949,698.9091797,-494.4509277,2833.299561,721.2692871,-418.7335205,2729.282959,766.7044678,-171.3692627,2707.595459,723.7989502,31.22522736,2752.362549,667.4674072,96.26161957,2734.075684,608.8682861,172.984375,2713.515381,619.4171143,101.5059662,2722.351807,689.6669922,-508.3442383,2892.466309,665.2695313,-500.1767578,3009.812256,738.8391113,-330.0586853,3188.1521,693.6923828,-123.7425385,3225.948975,630.5449219,-58.4188385,3199.202148,581.7038574,20.22794342,3170.176758,640.3691406,-32.73739624,3174.118896,968.7252197,-136.7258911,2911.953613,799.0338135,182.4776611,2856.711426,801.7766113,527.8134155,2910.418945,692.9786377,657.6384277,2886.031982,926.6634521,-164.9829712,3062.033447,772.8045654,158.2462463,3134.83667,805.3022461,505.8703918,3188.068359,695.1243896,617.8872681,3177.880127,607.4512939,-557.7949829,2835.147705,510.9934082,-447.3600464,2841.97583,509.0836182,-477.4572754,2800.687012,585.1593018,-543.1836548,2743.212891,492.434082,-490.8012695,2843.41626,529.3587646,-601.0837402,2871.685303
957.1531982,-152.0002594,2995.499512,889.2004395,-291.1564941,2946.251465,804.9240723,-380.419342,2903.739746,646.3947754,-483.5768433,2846.003418,678.425415,-459.5975342,2826.196777,704.0397949,-386.723053,2721.373535,754.1274414,-140.4118042,2707.947754,723.5389404,52.90792465,2787.470703,686.3968506,130.2425079,2769.226807,623.302124,205.5216217,2762.966553,635.302002,75.65267944,2693.200928,667.8607178,-474.9970093,2884.581055,647.0839844,-467.8358765,3002.336182,718.4455566,-311.999054,3193.125977,699.581665,-103.484436,3237.114258,636.6870117,-35.75193787,3217.741943,618.0333252,57.40734482,3199.503174,628.4628906,-27.19034576,3193.611816,978.2017822,-134.525589,2917.079834,797.1278076,176.0064087,2855.820557,791.1326904,517.9819946,2922.641113,692.2172852,652.3707275,2886.952881,938.1727295,-167.7579346,3066.213867,778.8702393,153.8465271,3128.486572,768.4327393,501.0911255,3186.183594,654.9388428,608.9014282,3174.162109,580.5921631,-511.9234619,2825.936035,468.0170898,-419.4906006,2811.581787,472.6350098,-456.1287842,2776.430664,560.2674561,-517.4006348,2732.840332,456.5444336,-464.3204956,2820.498535,509.0424805,-560.1785278,2868.434082
956.2740479,-141.5963898,3002.265381,886.5374756,-276.8037415,2948.768799,797.2940674,-357.2868652,2902.086914,628.4157715,-440.640564,2846.909912,661.5610352,-418.9494019,2827.063965,683.9163818,-341.1106873,2726.374023,729.4279785,-96.00476074,2710.651611,709.2349854,101.9051819,2776.81543,654.8209229,169.6082153,2771.201416,607.5979004,250.2194061,2742.710449,614.4846191,88.62311554,2713.002197,652.0098877,-436.3845825,2884.554443,636.5622559,-429.8907471,3002.242188,708.9055176,-288.8104858,3201.34375,682.4311523,-82.18777466,3242.328613,617.9890137,-14.86276245,3232.442139,611.295166,78.67456055,3211.875488,638.7587891,23.45438385,3211.016602,980.144165,-123.5246429,2925.474609,790.6350098,175.9958496,2852.510986,791.277832,515.6142578,2917.79126,692.9697266,650.0917358,2887.343994,934.7491455,-157.8924866,3071.510986,773.1048584,159.8012695,3131.593994,744.0137939,502.6268616,3192.884033,623.8023682,599.9069824,3173.917969,559.894043,-461.1845093,2828.611572,449.6573486,-366.7858582,2834.462646,449.614502,-399.9577637,2796.260498,529.965332,-458.0390625,2738.802002,438.145752,-411.6988525,2840.579346,492.5426025,-511.5053711,2873.833008
962.2698975,-124.0620575,3006.133057,874.4471436,-249.3739014,2955.534668,780.085083,-325.7942505,2912.434814,606.3913574,-397.3252258,2856.029785,641.5369873,-378.9898376,2836.298828,667.3911133,-319.5480042,2724.602539,719.5404053,-75.72462463,2712.196289,685.3419189,119.1800537,2781.084717,616.7011719,147.8770142,2736.003662,541.99646,206.0917664,2712.358398,591.9458008,157.6807709,2716.865723,629.4547119,-393.701355,2894.037109,609.5479736,-387.6520386,3011.00708,705.3096924,-263.8149719,3211.500977,682.4281006,-56.18138123,3248.733154,624.9875488,17.78786469,3250.203125,600.2427979,104.9878006,3218.735107,634.0875244,44.49532318,3220.469238,985.5462646,-109.0509186,2928.555908,775.8389893,174.2345276,2847.495361,787.5878906,514.6242676,2906.32666,693.557251,654.3355103,2889.545166,941.2803955,-137.5982513,3076.087891,762.2996826,170.0770569,3137.885742,729.0577393,512.7368164,3196.794678,606.0131836,605.3567505,3173.829834,536.8858643,-412.9932861,2836.8125,419.9318848,-330.4912109,2812.558594,430.7022705,-365.9092407,2778.114746,525.9487305,-418.9086914,2742.969727,411.4504395,-375.8336487,2820.088867,466.4488525,-466.953186,2871.880859
965.1033936,-106.9381104,3019.281006,872.5628662,-233.1196899,2965.959961,769.0869141,-301.4803162,2920.287842,588.651001,-361.7053223,2854.81543,626.9732666,-346.0742798,2836.110352,664.3880615,-288.5137024,2722.826904,704.0766602,-35.62689209,2716.370605,668.1762695,159.464325,2799.072998,614.7912598,188.7624512,2733.857178,536.6499023,247.6438751,2712.598633,565.1107178,191.6542664,2724.081543,610.6657715,-359.2214355,2894.845215,603.7442627,-338.3742676,3014.708984,698.7333984,-228.7384338,3231.573242,666.8172607,-15.10595703,3258.188965,619.8747559,67.50447083,3272.394043,593.6728516,157.1622162,3241.398926,626.269165,92.24368286,3239.692627,990.0499268,-91.73240662,2940.002197,758.0318604,180.9188843,2842.850342,792.6813965,524.4441528,2923.317139,689.5788574,658.5772095,2884.428223,942.6080322,-120.6497498,3090.770508,733.6757813,177.9736176,3157.739502,729.4747314,533.4638672,3201.924805,597.5587158,616.3688354,3166.805908,517.3259277,-372.5036621,2831.891846,405.5698242,-278.8644409,2801.681396,408.2926025,-322.3092346,2773.483887,494.4150391,-394.9537048,2740.247314,392.651001,-321.5255737,2819.32959,443.9735107,-410.0305176,2884.693359
960.7059326,-97.39222717,3034.125244,867.2987061,-219.0123291,2973.366699,762.0352783,-277.7221375,2919.868896,575.7960205,-315.8753967,2855.4375,614.588501,-301.2649536,2837.124268,653.3999023,-223.956604,2737.195068,685.9172363,29.27016449,2727.304199,636.4667969,223.8538818,2802.649414,591.8878174,251.9880676,2730.904053,513.3135986,312.3174438,2717.973633,536.7974854,254.6464233,2720.595215,599.0997314,-319.6632996,2894.508789,590.7858887,-311.5354004,3015.541992,681.9332275,-206.7145081,3235.717285,664.6213379,4.10975647,3284.810059,599.6055908,74.45874786,3281.196045,612.4984131,171.7713318,3278.546387,622.2763672,118.4054718,3257.780762,991.6431885,-82.67115784,2957.097412,760.7150879,179.467041,2834.796143,781.6577148,519.8571777,2928.742432,687.0356445,657.74646,2883.640381,932.8084717,-110.6668701,3103.585205,718.2630615,185.3588257,3158.776123,712.6905518,540.1364746,3202.115723,589.2473145,634.8839111,3167.758545,503.3231201,-318.4365845,2834.338135,382.7460938,-232.885498,2819.685791,392.6846924,-266.385437,2781.514404,489.0408936,-317.4248047,2738.520508,374.3974609,-279.7680664,2824.213623,432.5258789,-376.4543152,2868.341553
949.3758545,-63.2182312,3039.66626,852.2994385,-177.5429077,2973.805176,748.5853271,-235.4040222,2918.631104,566.4002686,-284.441864,2854.298584,603.6368408,-266.5696411,2836.429443,640.911377,-186.1903992,2739.594971,666.6209717,66.14878845,2733.26123,627.5899658,261.1234741,2809.488037,572.6650391,287.9484253,2745.61084,497.2098389,351.2171936,2733.515869,519.2543945,291.6967773,2742.009521,590.0389404,-287.8189087,2892.833496,575.8835449,-282.7209167,3012.63916,670.357666,-174.4178467,3227.534912,670.9029541,27.62332153,3302.924072,616.2202148,105.5442657,3303.307861,580.9453125,185.8550262,3260.699463,620.121582,124.8777924,3270.318848,979.7554932,-45.27682495,2963.745117,728.8371582,184.7055359,2824.98291,774.3232422,517.5201416,2927.767578,685.338623,660.7635498,2893.869385,921.9815674,-79.39678955,3108.128174,688.7816162,198.5053101,3164.736328,705.9005127,551.6873779,3196.018066,579.3409424,640.916626,3163.378906,494.6508789,-291.4960632,2833.624268,377.1827393,-202.8067017,2823.491211,385.1829834,-235.6104126,2784.749268,478.3128662,-288.2393799,2738.868408,367.6191406,-249.179657,2827.314697,423.4622803,-347.6710205,2867.9646
948.5513916,-34.96716309,3043.467041,851.1231689,-146.2225494,2975.461426,745.2194824,-200.3067932,2922.615723,561.2412109,-235.0439453,2857.953125,599.0163574,-218.2632141,2840.885254,636.3730469,-131.5253143,2750.930664,668.5507813,118.1075592,2736.237549,604.0987549,302.8948975,2816.731201,568.0159912,334.3852234,2743.077637,487.9064941,391.8340454,2741.970459,491.4814453,337.5828247,2752.479492,584.8300781,-242.0386047,2895.688477,577.7087402,-237.493866,3015.377197,662.9682617,-160.4499817,3245.139893,649.9006348,46.26743317,3300.07373,604.9995117,125.1236725,3326.790771,588.9078369,208.3876343,3279.904053,611.1619873,155.4888763,3262.832764,974.0750732,-11.1593399,2967.95166,709.1065674,183.6869965,2809.0896,757.0123291,511.3276367,2919.573242,675.3198242,660.6848145,2904.295166,925.5355225,-56.43574524,3111.5625,671.2574463,197.6783447,3173.950439,710.9564209,547.7836304,3190.605225,588.3557129,641.3128052,3159.760742,489.4960938,-236.8714905,2837.857666,367.3077393,-155.9512939,2841.838135,372.6905518,-188.0672607,2802.500244,462.3063965,-234.7597961,2746.226318,361.0916748,-202.5155029,2846.457031,426.6611328,-296.8039551,2879.624756
933.0333252,-30.32896423,3057.17627,836.4200439,-138.1277313,2981.673584,728.1993408,-184.2239685,2925.110352,544.6986084,-205.2313843,2851.899414,583.8919678,-188.9803467,2837.347412,626.7596436,-99.47038269,2752.116943,663.9552002,150.5229492,2743.577881,588.5736084,330.8898315,2826.260742,561.5310059,368.6451111,2751.371094,497.0335693,436.9085083,2720.415771,482.2246094,370.3699036,2752.644531,566.6606445,-216.2058411,2889.831543,549.1954346,-217.3275757,3008.901611,638.6427002,-134.8991394,3236.059082,653.2071533,62.40469742,3320.070801,620.8070068,141.2549744,3361.728027,590.050293,194.0443573,3286.134277,607.6885986,159.8579559,3266.097168,959.8746338,-2.574172974,2983.203125,699.40979,176.9169312,2798.378418,738.99646,506.1698914,2910.689453,675.9533691,663.6429443,2935.577881,908.8293457,-55.35665894,3123.880859,661.2973633,208.6517334,3178.266357,708.331665,558.9470215,3194.453857,593.4018555,662.9553833,3165.242188,473.4874268,-202.1043091,2829.374268,361.0415039,-107.3418732,2829.737549,364.302002,-139.5566406,2790.047852,450.4263916,-195.8997192,2736.50293,349.2805176,-153.0561981,2833.423096,402.2921143,-254.9444275,2867.845459
924.9586182,-33.05497742,3084.228516,823.3868408,-131.9805145,3003.012207,714.2474365,-169.1216125,2941.586182,527.9035645,-173.2427673,2872.321533,567.8809814,-159.2230835,2857.470703,612.5559082,-69.87324524,2772.837402,671.833374,175.8973694,2760.953613,607.130127,368.4978333,2822.950928,559.2392578,390.8907776,2752.360352,493.6169434,459.4576111,2724.317139,491.9024658,390.1732483,2758.943848,549.8778076,-187.5608826,2909.160645,524.0758057,-199.8901367,3026.165039,611.7017822,-105.2628632,3249.48584,662.2122803,87.07010651,3331.531494,617.6135254,165.4855499,3361.183594,585.6004639,191.2101746,3273.001465,602.0296631,141.93573,3241.421875,956.5133057,-5.990081787,3011.798828,696.5799561,143.7187805,2800.939209,738.0594482,473.7348328,2911.206543,675.2227783,631.987854,2932.360596,896.5045166,-57.46057129,3149.54126,629.8981934,191.8894653,3179.475586,708.8909912,536.8245239,3192.392334,597.1258545,642.2324829,3156.080078,456.5615234,-163.870636,2851.830811,337.9022217,-85.29852295,2814.332764,362.0267334,-110.5503082,2776.804688,470.7890625,-146.8203583,2758.463867,333.9277344,-132.2110291,2808.965332,386.5275879,-230.5756836,2853.210938
946.5047607,-22.15691376,3106.181396,837.7698975,-118.0547333,3013.860596,719.7563477,-142.6953278,2947.927979,523.0560303,-136.5476227,2877.070068,565.3417969,-121.753006,2862.138428,610.4633789,-25.97668457,2774.054932,672.9873047,232.7768555,2778.317139,659.3787842,442.2687988,2854.862061,604.9223633,481.2062683,2790.637695,547.8149414,527.541748,2716.955811,568.1761475,488.4681396,2770.378174,546.1087646,-155.0539093,2914.337646,507.5031738,-181.0337524,3032.18335,615.315918,-104.0030212,3268.891846,692.3826904,95.25511169,3343.45874,635.8480225,176.8948822,3354.248535,580.4173584,190.4070435,3269.305176,608.0874023,135.2452545,3254.54248,981.2269287,9.803482056,3032.087402,701.6757813,142.3157349,2801.76123,690.3220215,497.1408691,2900.947754,569.1824951,555.1635742,2780.390137,915.1942139,-50.977005,3172.995605,609.3095703,182.9263611,3185.722412,713.4385986,540.2564697,3200.340576,579.060791,631.6448364,3166.19751,448.1082764,-123.1864319,2857.123535,328.2192383,-28.97047424,2830.355225,356.5073242,-45.53338623,2787.537598,471.62146,-81.49534607,2768.239014,323.8743896,-75.10464478,2811.989746,373.6507568,-188.8399658,2834.799072
946.4703369,-21.91255188,3106.19458,837.684082,-117.7567444,3013.825684,719.6085205,-142.237442,2947.897217,522.880127,-135.6415863,2877.054443,565.1992188,-120.9075012,2862.132568,610.4990234,-25.09000397,2774.149658,673.529541,233.5805969,2778.73877,660.3734131,443.059021,2855.507813,605.9902344,482.2622681,2791.36084,548.8795166,528.9996338,2717.911133,569.1727295,489.8952637,2771.284912,545.9058838,-154.2351532,2914.30542,507.09729,-179.7591858,3032.206787,613.1147461,-99.79756165,3268.80542,689.4731445,100.1641541,3342.324707,632.7835693,181.8564453,3352.000977,578.015625,194.5554047,3266.483887,605.8326416,139.3004303,3252.388184,981.2130127,10.06246185,3032.099121,701.7148438,142.8566437,2801.763672,690.4963379,497.6905823,2901.161377,569.6838379,556.1368408,2780.435303,915.1414795,-50.74580383,3173.009766,609.3275146,183.3531952,3185.775635,713.6851807,540.6724854,3200.602051,579.3748779,632.2369385,3166.531006,447.9432373,-122.1155853,2857.127197,328.4527588,-27.11275482,2831.223145,356.5859375,-43.52279663,2788.233643,471.5048828,-79.92376709,2768.4729,323.8461914,-73.10523987,2812.545898,373.1096191,-187.2573853,2834.485596
925.3084717,-0.041419983,3125.243164,807.9373779,-79.6973877,3031.924072,691.0765381,-95.89823914,2964.792236,505.057251,-74.81358337,2877.352783,549.1221924,-64.40802002,2866.123535,601.083252,26.75717163,2779.527832,678.8919678,277.3830566,2796.904785,683.4968262,486.0848694,2868.654785,634.5775146,540.8502197,2813.825195,571.1896973,577.6187744,2741.675049,605.2866211,577.2380371,2811.261963,522.7381592,-93.90133667,2916.483398,467.3280029,-113.5691223,3026.974365,533.0666504,-13.55123138,3266.737549,613.4503174,157.3584442,3386.301025,597.9650879,246.7944183,3347.594971,621.3436279,197.1084442,3262.728027,605.0,140.7649536,3257.012207,962.8201904,29.55300903,3052.801758,699.5100098,165.8330841,2813.506348,700.2139893,512.4872437,2924.941406,592.1845703,591.0883789,2806.871338,891.4822998,-26.72801971,3190.56665,591.5198975,207.5040741,3187.056396,721.65625,551.6712646,3184.785889,582.0883789,636.5195923,3169.592285,434.5531006,-55.72932434,2850.726318,351.75354,70.7199707,2827.428711,346.5725098,31.40359497,2791.86084,416.8458252,-58.47865295,2752.622559,325.980835,29.90203094,2837.13501,346.3155518,-80.09347534,2892.239014
902.4335938,-11.63167572,3137.035156,779.5301514,-81.04597473,3043.605225,661.5911865,-88.59429932,2977.680664,482.2359619,-50.85021973,2883.666748,527.315918,-44.49897766,2874.169189,589.0614014,42.17416,2790.076172,682.1016846,286.5194092,2809.679932,682.3067627,494.0300293,2882.934814,670.2755127,584.2181396,2891.210449,636.8096924,680.569458,2880.855713,640.6070557,612.1235352,2904.79541,496.579834,-71.4012146,2923.245605,435.0192871,-86.95437622,3030.659424,484.9477539,27.82269287,3266.677734,556.7508545,205.9353943,3379.730469,599.1739502,275.9494324,3325.183105,639.8355713,196.1124573,3279.055908,599.1206055,147.0835266,3268.689941,940.8009033,17.27819061,3065.085693,701.6982422,176.2102966,2816.394531,693.1544189,525.1737671,2916.023926,586.3812256,594.9162598,2792.211426,867.8360596,-37.70095825,3201.915283,582.878418,212.3888245,3187.061279,709.8359375,556.5421143,3185.692383,571.0897217,640.130127,3163.179199,415.0133057,-25.53179169,2854.562256,318.4403076,85.63676453,2815.067383,325.5491943,46.22025681,2780.194824,414.5061035,-30.80978394,2755.282959,298.3184814,41.30731201,2821.367676,326.4112549,-63.80065918,2881.506836
903.7304688,-2.49067688,3125.986572,784.8341064,-69.67189026,3030.839111,670.0806885,-76.30735779,2963.80957,490.5739746,-40.79135132,2876.973145,534.4743652,-32.9977417,2866.822266,587.6827393,59.98911667,2787.39502,671.2595215,303.1881714,2805.698242,674.7937012,505.7700195,2881.653564,705.1791992,583.0753784,2915.872803,730.5600586,679.593811,2930.093262,676.4223633,622.020813,2919.327393,506.1662598,-61.97906494,2914.785645,446.9882813,-81.05766296,3020.554443,472.9007568,39.77423859,3252.357666,526.7139893,222.5380096,3360.596191,594.2426758,277.3306885,3318.24292,646.7576904,197.1739655,3293.035889,595.7730713,151.4355164,3271.720215,942.6602783,27.15988159,3056.404297,699.7042236,180.4741821,2817.741699,690.8804932,525.1436768,2910.100342,581.2258301,603.6343994,2798.918457,868.6254883,-29.22786713,3188.731689,585.0394287,213.1489258,3183.743164,707.9969482,552.1700439,3190.505859,575.6628418,641.2371216,3170.202881,423.1499023,-16.72129822,2850.850098,329.6564941,95.02207184,2815.548584,338.5097656,58.90953445,2778.884277,427.4519043,-14.69630432,2753.207764,309.8109131,51.06784821,2817.537842,335.0279541,-56.32460022,2870.189453
900.5491943,16.92080688,3133.5979,784.9083252,-53.43441772,3036.491943,669.8187256,-57.11315918,2969.575195,489.1992188,-29.24507141,2881.837158,532.8114014,-19.56613922,2871.884033,585.8419189,78.24868774,2798.139893,667.0362549,322.5979919,2815.040527,671.3673096,528.1376953,2883.154297,629.5333252,596.6939697,2842.722412,579.0178223,654.8867188,2777.590088,585.1469727,607.4871826,2835.398926,505.5233154,-49.78279114,2919.749512,447.244751,-69.70506287,3025.988281,468.1518555,57.436306,3255.173828,515.4656982,244.5116119,3359.404785,591.6636963,293.0574951,3324.618896,645.0753174,210.4648132,3311.9104,587.0050049,163.6821747,3279.000977,939.6832275,47.84072113,3064.592041,701.1651611,197.3061829,2818.601318,664.9162598,548.5744629,2872.726563,552.7200928,609.7871094,2753.285889,865.260376,-10.96103668,3195.823242,584.9708252,235.5927734,3186.312744,713.1225586,572.6064453,3204.512451,593.2463379,667.4116211,3154.060547,420.8674316,-8.051048279,2855.384521,342.4014893,117.223175,2829.626465,346.1914063,82.97792053,2790.325928,424.6470947,0.446960449,2757.981689,316.987915,76.14412689,2828.8479,328.4035645,-37.22723389,2873.39624
876.0756836,19.01327515,3151.637695,769.5091553,-55.66053772,3039.855469,656.4234619,-57.54515076,2962.291992,469.899292,-35.49583435,2871.176758,514.4885254,-24.09159088,2861.027832,576.5826416,78.83128357,2794.355225,660.4573975,329.6950684,2819.604248,676.6281738,540.4291382,2890.784668,635.4846191,614.2870483,2853.033691,583.4663086,678.5430298,2790.102051,588.6774902,616.5177002,2840.390137,487.2650146,-55.88082886,2910.37915,431.911499,-82.03263855,3021.025391,456.9819336,55.50032806,3252.883301,505.7515869,246.1283722,3363.728516,586.0102539,295.1980896,3330.719727,644.9831543,213.0447083,3316.47998,584.6561279,166.6694183,3280.966064,921.0753174,54.28944397,3085.172119,695.7801514,206.6143036,2812.740479,665.0718994,563.8470459,2895.088867,551.748291,618.7427368,2766.274902,835.4975586,-12.79681396,3211.57251,567.5645752,252.2248688,3135.175537,748.4836426,506.5647278,3337.119629,636.8654785,628.9003296,3343.688477,398.9445801,-16.15826416,2843.591064,355.5852051,132.1256866,2845.880859,350.2138672,105.708725,2799.299072,405.6652832,10.73589325,2746.723389,319.1016846,99.17866516,2838.245117,299.0515137,-23.20040894,2860.450195
879.9841309,32.49260712,3143.348633,762.6064453,-45.95906067,3049.105957,642.0740967,-47.04263306,2986.765137,453.7963867,-16.64179993,2907.408447,497.8450928,-10.96983337,2893.179932,563.5340576,76.9546051,2812.843018,664.1103516,319.7537537,2820.900635,683.4489746,528.4874878,2889.860596,674.6109619,619.6790771,2890.0625,652.7550049,716.8659668,2864.628418,631.6674805,641.5807495,2882.990723,472.0406494,-34.16172791,2946.99585,445.7758789,-23.16082764,3068.840088,479.5249023,201.8753662,3210.233643,512.086792,422.7478638,3200.484131,606.4318848,451.3233337,3196.755615,615.894165,377.3074341,3264.904541,548.6977539,300.1773682,3168.515381,916.9517822,63.69540024,3071.331787,676.5594482,216.9312439,2818.70874,674.2124023,569.7709961,2908.230713,584.8447266,673.6398926,2794.229004,846.6490479,4.355636597,3208.289551,573.5163574,268.9520874,3195.516113,735.7189941,598.7595825,3210.86084,634.6710205,717.184021,3159.289551,383.7197266,6.390449524,2882.923584,328.2675781,144.144455,2846.534668,346.0522461,113.7955856,2806.549561,427.7714844,25.75528717,2795.605225,302.6516113,105.7224121,2829.481689,288.6418457,-14.76763153,2858.229004
848.1520996,42.01931763,3109.661377,744.6601563,-36.11482239,3015.591553,635.1008301,-44.7322998,2949.82373,456.5653076,-18.94860077,2875.886475,497.9012451,-10.83520508,2863.130615,566.0919189,80.94770813,2804.788574,661.4815674,309.6739197,2817.490967,671.7698975,507.0091553,2883.29126,684.5028076,589.8411865,2904.583252,683.5102539,686.8413696,2906.729248,679.9458008,620.8792725,2897.505127,474.3779297,-37.21803284,2912.144775,443.8637695,-47.59130859,3025.753662,480.4812012,130.3204651,3201.63623,528.286499,331.1100464,3244.995361,558.039917,417.7663269,3228.463623,631.164917,356.7097168,3233.026855,580.9033203,292.7385559,3139.857422,885.5505371,72.26113892,3043.398193,669.6499023,237.4283905,2808.159424,702.2158203,559.074707,2924.415283,646.522583,708.2869263,2870.255615,814.4282227,14.74893188,3169.413818,553.8411865,260.6043091,3144.875244,751.2435303,503.550293,3295.002686,709.5302734,646.4301758,3337.435547,389.5993652,1.342666626,2853.87793,348.4395752,139.2109528,2842.983643,358.8664551,114.9631424,2800.211182,425.708252,27.55705261,2771.037109,319.3205566,108.0529633,2824.553955,296.616333,-6.70891571,2837.054443
837.4355469,53.85670853,3054.244873,738.7470703,-27.53410339,2967.634033,631.946167,-51.19512939,2910.30542,452.2171631,-20.24091339,2864.685791,490.2264404,-10.25379944,2848.656738,554.1695557,85.66622162,2803.565674,650.6871338,304.1922607,2817.340332,670.0559082,495.5844116,2875.040771,681.184082,576.1635132,2893.360596,682.0084229,669.6925659,2890.871338,674.7099609,608.3314209,2899.252686,473.6326904,-41.90391541,2894.685547,460.7926025,-65.35557556,3005.37915,514.8029785,86.96162415,3187.939697,559.762085,274.0136108,3253.919678,548.0603027,362.996521,3251.626709,636.4432373,355.8281555,3227.226807,581.7572021,292.3379822,3134.31665,864.0701904,90.42261505,2989.533936,625.7086182,255.0067291,2799.097656,709.394165,551.2128906,2921.63501,652.013916,694.6893311,2872.267334,813.4178467,20.88363647,3112.597656,541.78479,232.9814148,3146.384521,760.8498535,432.0867004,3302.73584,723.9423828,559.2172241,3371.666016,385.4902344,0.818496704,2854.327148,355.6871338,136.7167358,2852.283203,356.1622314,113.5578613,2809.709717,407.286377,25.06054688,2769.650391,322.473877,109.4245453,2839.670898,294.0406494,0.613502502,2854.613037
846.2106934,44.15524292,3052.930664,743.5203857,-39.49278259,2967.820557,632.1943359,-64.83666992,2914.853516,447.487793,-35.25660706,2873.455078,485.6546631,-23.0936203,2857.138672,550.3370361,74.61722565,2810.421143,645.758667,298.8370056,2819.816895,662.0046387,493.7053833,2880.264893,669.2437744,575.5806885,2901.822266,663.1408691,670.7150269,2903.943604,635.6230469,603.1760254,2905.497559,470.4073486,-58.59579468,2902.237061,461.7490234,-85.37693787,3014.824707,526.2906494,58.80976868,3206.616455,576.6248779,248.3565521,3273.679199,548.3874512,333.9197998,3257.783203,633.5274658,354.7500305,3224.588623,582.2468262,288.7316895,3149.107422,868.6484375,83.9839325,2986.713379,618.364502,245.192749,2796.513916,708.7545166,548.414978,2914.315186,649.432373,697.0847168,2872.979736,825.977417,8.239990234,3112.641357,563.0423584,232.9782867,3182.609863,729.0305176,531.041626,3185.499268,675.1773682,673.1204834,3178.53418,378.7924805,-14.95789337,2865.378662,322.100708,113.3564148,2844.66333,326.6541748,84.10118103,2805.127441,394.7906494,0.426544189,2775.613037,294.1472168,78.01722717,2837.299072,287.4173584,-32.84577942,2869.42749
846.8861084,30.62352753,3065.994141,743.4008789,-57.87554932,2982.558594,629.3326416,-81.79656982,2930.447754,445.2919922,-45.57676697,2879.615234,485.1414795,-35.2651825,2864.42749,551.5126953,62.76340485,2815.856445,646.381958,290.972229,2826.256836,669.9592285,489.2504272,2883.114746,672.0991211,573.5717773,2900.856934,668.4628906,670.026001,2894.644775,643.6918945,602.8270264,2890.940674,466.3034668,-69.31428528,2910.411133,447.9388428,-90.30110168,3024.778564,516.2137451,55.55463409,3218.658447,579.4509277,243.4804535,3288.558594,555.3547363,332.4523315,3277.762451,636.4624023,357.2049255,3234.780518,582.2738037,285.2172241,3162.099854,870.4766846,67.82025146,2997.280029,623.7952881,242.2712708,2804.588135,712.2037354,551.380249,2922.58374,646.0174561,696.1447754,2869.826904,825.6132813,-2.918388367,3127.956299,563.3027344,232.6623077,3189.873291,735.1793213,532.9977417,3194.885254,674.9053955,674.5336914,3183.109863,376.9182129,-22.47472382,2867.873047,325.5889893,108.4048004,2837.460205,331.7774658,76.8094635,2799.071777,399.6472168,-11.54590607,2777.530762,296.5292969,73.20180511,2829.646973,283.5750732,-37.3789978,2866.508545
826.2661133,7.849861145,3103.472168,722.9932861,-74.41885376,3021.254395,614.0460205,-91.20256042,2963.710693,440.6571045,-67.53845215,2891.573486,480.7524414,-59.3502655,2879.26709,544.1270752,26.59046173,2814.994141,604.4776611,259.1593323,2797.234375,556.6317139,454.8583679,2814.624268,600.4936523,523.7640991,2834.017822,666.404541,569.0065918,2883.855225,558.6278076,565.553833,2844.871094,458.0194092,-85.13365173,2926.815186,424.1164551,-94.98588562,3035.900635,475.1188965,63.73493958,3216.093262,525.1529541,252.0279846,3279.131836,554.0865479,336.1133728,3262.901611,642.5388184,358.6105652,3247.262451,580.8011475,283.8088379,3166.36084,857.5584717,35.97582626,3036.023193,652.3260498,222.3405609,2823.963623,710.6853027,534.9534302,2924.624268,652.3760986,675.4263916,2865.091309,798.0484619,-17.51257324,3164.294189,563.102417,238.1038361,3196.232666,714.7242432,539.1358643,3193.233154,644.4309082,667.486145,3159.073975,375.5300293,-48.3503418,2870.071777,321.5577393,77.36036682,2839.895264,331.8775635,47.97997284,2802.32373,403.5809326,-34.17422485,2784.291748,295.6484375,41.98095703,2829.329102,285.8051758,-67.17602539,2861.520752
829.9016113,-10.35611725,3109.167969,724.4902344,-95.02095032,3026.943848,613.8619385,-112.4437866,2968.10791,440.0112305,-88.50881958,2888.828613,481.2226563,-80.5436554,2877.503906,548.5982666,5.757339478,2813.552734,608.7208252,242.3457184,2791.422119,571.2244873,444.2446899,2803.772217,618.1611328,495.5852356,2853.328857,670.8616943,540.5015869,2919.592285,524.4825439,541.7579346,2835.818359,456.4335938,-106.0110321,2925.460938,417.9190674,-119.1585846,3034.777832,454.8027344,53.28246307,3211.630615,500.6142578,247.6880951,3270.856445,547.6435547,325.7657166,3258.642578,636.4959717,356.8386536,3254.834717,578.0545654,281.7541504,3170.861328,862.4685059,16.20487976,3040.067383,655.2131348,208.4564514,2825.191162,725.0396729,524.8461304,2926.103271,662.388916,670.7779541,2877.218262,800.5345459,-34.30732727,3171.47876,561.7631836,226.7336121,3197.209229,700.1265869,540.3900146,3188.70459,601.140625,653.0286255,3158.923096,374.5849609,-68.96482849,2864.599121,280.6658936,29.18382263,2821.469482,296.1456299,-3.721786499,2787.671143,389.0476074,-65.31309509,2772.861328,265.6519775,-14.17814636,2821.008789,293.097168,-114.3837128,2873.075439
835.4082031,-28.38870239,3104.056885,729.9573975,-109.2059174,3022.082275,622.6931152,-128.5698853,2961.291504,449.6762695,-117.959137,2883.551514,489.791626,-108.5765991,2871.623047,549.0899658,-21.65283203,2803.981934,624.8000488,207.4467773,2788.043945,552.1048584,396.7422485,2796.592773,558.0423584,446.6216736,2864.243408,577.7528076,517.4631348,2923.683105,476.2745361,477.5179749,2807.179688,466.994873,-132.4850006,2920.371338,428.0266113,-139.8208618,3028.401123,456.5285645,24.52051544,3209.744873,483.7758789,223.9925079,3251.076904,535.4454346,298.4751587,3254.765625,615.3150635,345.5726929,3261.107666,572.9737549,277.2226257,3175.194092,869.4794922,-3.979751587,3036.163818,672.6013184,206.0794983,2836.585938,738.2987061,520.6204834,2930.559326,668.5056152,662.5830078,2887.564941,804.6845703,-50.39930725,3165.279053,574.9616699,212.1795044,3192.351074,679.088623,534.0594482,3190.192871,570.1590576,636.47229,3170.348633,384.053833,-103.3158264,2859.290039,284.4676514,-9.961784363,2825.544678,299.3591309,-40.46856689,2790.23999,392.8787842,-95.9593811,2768.320557,271.7659912,-53.39996338,2824.364746,306.5693359,-152.415741,2870.505371
825.0343018,-48.49241638,3105.367432,722.3337402,-135.3275452,3022.398193,616.2159424,-160.7019958,2958.71875,442.8218994,-155.9644928,2875.698242,483.3378906,-144.9050751,2864.696777,551.1037598,-55.56481934,2805.883301,639.8533936,171.5632935,2784.675293,558.8288574,359.631897,2801.125,543.4857178,388.3232117,2879.967773,541.3588867,440.1714172,2960.389404,473.0189209,431.8397827,2814.470459,459.9490967,-170.2308655,2913.325439,442.5118408,-164.3639221,3028.349854,524.3118896,-70.83758545,3244.598389,535.2949219,125.2438202,3313.243164,502.456543,199.9859314,3271.182373,499.3553467,250.2862854,3191.743164,521.3344727,210.1123047,3268.520996,860.5821533,-24.98400879,3036.762207,672.1518555,193.4804993,2830.586914,736.7575684,510.6728516,2930.887207,668.5513916,656.3705444,2890.203613,792.979248,-69.690979,3167.231934,574.3144531,208.0337067,3190.148193,665.6740723,537.9371338,3199.694824,554.505127,639.6277466,3175.020996,376.5267334,-143.457428,2849.549805,289.9431152,-30.96694946,2839.182861,290.4298096,-62.69978333,2801.094238,365.3719482,-134.2809143,2757.866211,269.2133789,-71.78523254,2841.243896,294.9420166,-178.4464417,2879.055176
839.3406982,-56.3927002,3109.343994,730.9443359,-146.3325958,3032.189941,623.0734863,-178.98703,2970.694824,448.3756104,-180.5153809,2883.099365,489.8717041,-170.8675537,2871.619629,556.0286865,-90.50698853,2795.956787,656.0228271,137.2204285,2791.218018,546.1467285,313.3665771,2813.381104,536.6729736,351.4497986,2890.670166,539.3161621,413.6874695,2965.374023,456.8924561,383.8313599,2825.984619,464.9519043,-191.4022827,2922.875732,440.7601318,-184.1940613,3038.537109,525.1273193,-79.574646,3253.436035,536.28125,120.472702,3320.953857,493.7987061,196.7211304,3287.906006,463.5722656,269.8956299,3234.306885,499.5842285,198.4556274,3243.641113,874.3719482,-37.11936951,3037.6604,677.9191895,188.9453583,2837.232178,742.7249756,508.8426208,2947.153076,672.9003906,658.5230103,2913.098877,807.7515869,-73.77233887,3173.984619,573.8756104,199.395752,3190.48291,671.1419678,533.5145264,3195.887207,559.9279785,638.1033936,3168.202393,381.6225586,-169.7276917,2854.206543,266.2910156,-89.04516602,2820.851318,278.5384521,-125.9603424,2788.821045,374.9064941,-180.2354431,2760.708008,257.5063477,-133.8199921,2830.185303,309.9382324,-221.8558044,2888.590576
846.6505127,-61.92720032,3113.244873,739.9487305,-152.9447021,3037.289307,634.3795166,-190.1160278,2976.200684,460.4822998,-202.4762268,2890.883545,501.0460205,-191.0272217,2878.897949,561.3901367,-108.6697235,2802.030273,663.7198486,116.1889267,2800.895996,558.4581299,291.6694641,2834.381836,551.5518799,317.5968018,2916.179688,556.2587891,367.9093628,2998.509521,465.8248291,353.5181885,2857.193115,477.8082275,-211.5664978,2930.451416,453.0766602,-203.0489807,3045.075439,533.0026855,-96.23794556,3258.543213,521.5834961,111.6218262,3286.003906,477.6048584,170.3946838,3229.407227,427.3713379,242.1593018,3192.769043,475.8193359,176.9879608,3218.45459,881.2492676,-42.96080017,3041.913086,685.2246094,185.4038086,2848.220947,744.4785156,506.3710022,2950.505371,670.9250488,648.8533325,2902.144531,815.4512939,-79.0300293,3177.567627,581.7281494,191.1652069,3191.177002,678.3193359,523.0244751,3193.823975,572.1960449,632.9248047,3173.72168,393.4871826,-195.8249207,2862.5896,270.9080811,-127.1161346,2832.746582,282.5921631,-166.4226685,2804.069092,378.8282471,-217.3460083,2772.603271,266.2923584,-170.6512756,2847.672119,329.7166748,-247.4707336,2909.286133
844.987915,-79.61964417,3093.966309,738.4455566,-179.3439026,3027.105225,635.206665,-229.4798584,2969.693359,466.1297607,-263.8092651,2878.085205,506.6989746,-250.8714294,2866.611572,565.7113037,-181.0115662,2776.165771,683.8833008,37.26858521,2790.654297,587.5493164,217.6940613,2832.071289,582.9216309,266.8053284,2903.296387,584.5933838,333.644104,2973.878174,491.402832,278.2389526,2850.826172,482.00354,-267.1634521,2919.441406,445.6231689,-260.4777832,3031.837158,538.824585,-140.7902679,3234.742188,516.2025146,69.32096863,3234.809814,468.8820801,131.7401581,3184.14502,413.4034424,204.6515198,3156.975342,475.4475098,139.6789398,3166.388672,880.0762939,-68.00082397,3020.723877,686.7329102,194.8573303,2868.185547,751.3374023,527.291687,2929.949951,665.635376,659.9983521,2871.164063,813.34729,-90.09686279,3160.012451,592.3103027,192.2865906,3189.458008,703.8612061,521.7634277,3192.416016,603.3920898,634.0807495,3155.794189,400.0042725,-265.1316528,2846.029541,281.1135254,-184.3160095,2830.633789,285.9909668,-224.0373535,2800.062012,373.7182617,-283.0621643,2757.280518,274.0389404,-227.8931274,2845.396729,336.6469727,-312.2322693,2898.914551
846.9471436,-101.2781525,3080.984131,745.2320557,-209.5395508,3023.197266,645.9448242,-270.7025146,2971.831055,475.2470703,-312.0667725,2889.523682,514.5411377,-298.261322,2875.993896,560.3970947,-226.3681335,2780.913818,668.7724609,-4.535575867,2780.527588,577.2915039,167.7369385,2850.473877,586.2575684,220.1356812,2918.114258,604.9586182,283.7798767,2988.251953,495.4080811,251.2603149,2869.380615,492.9648438,-313.9419556,2929.878418,452.1311035,-308.0714111,3039.892578,528.1335449,-162.5885925,3230.527344,490.0313721,40.26333618,3192.680176,455.6588135,106.6211777,3137.947754,411.2009277,183.9645081,3105.609863,454.9163818,113.6425705,3125.303223,880.0518799,-92.90263367,3007.022461,700.3649902,189.8577576,2881.77832,754.4421387,525.6514893,2915.835205,669.8234863,660.0437622,2862.994385,817.0950928,-108.830719,3147.678467,613.5587158,182.5958252,3183.667236,714.4404297,512.9464111,3185.697266,624.0004883,636.3442383,3168.172363,408.2770996,-316.1461792,2860.807861,295.5270996,-227.3792419,2856.526367,300.6325684,-259.5927734,2818.619873,387.6574707,-312.9441223,2769.545166,285.4440918,-272.2738037,2860.933838,339.6680908,-369.1513977,2898.040283
830.0644531,-114.1417236,3072.101318,729.7753906,-223.416748,3018.139893,634.5568848,-291.0463257,2970.384033,471.7651367,-353.3375549,2889.70752,510.0635986,-338.4486694,2875.856689,554.7280273,-280.6411743,2772.623291,673.6970215,-67.07679749,2774.594727,602.8928223,107.78862,2855.286865,616.440918,154.1921234,2925.430664,641.2572021,206.5377502,3001.471191,517.03125,192.8018646,2866.105469,487.9915771,-349.3459473,2930.06543,441.8896484,-335.7296753,3036.014404,515.4639893,-181.4794922,3217.24292,485.828125,17.40089417,3164.865723,447.7963867,77.74671173,3107.201416,409.171875,155.0098267,3070.223633,448.6931152,80.36367798,3089.660645,862.003418,-107.0441284,2998.36792,705.9595947,190.0426025,2885.125244,762.2242432,523.5135498,2899.129639,679.3170166,662.7547607,2864.399658,801.2635498,-120.5419312,3138.589844,617.5579834,180.4365997,3167.372803,724.1298828,504.9046326,3186.099121,656.3571777,639.8963013,3165.228516,406.9298096,-365.4548035,2860.177979,294.9349365,-282.2185364,2833.018066,303.385376,-319.6239624,2801.690918,393.8280029,-377.4346313,2769.192627,285.1694336,-325.620697,2843.782227,336.8808594,-412.9807739,2899.724609
825.6793213,-114.4638977,3070.434326,729.973877,-228.7862854,3019.147705,638.1130371,-301.5739441,2972.760498,483.5114746,-388.2081604,2899.228027,520.1710205,-370.9742737,2883.882324,563.6142578,-301.3312378,2787.843506,695.4649658,-95.84573364,2781.89502,569.0213623,41.41882324,2866.666748,579.4628906,94.22034454,2932.583496,612.1224365,161.6049805,2991.845215,478.1361084,121.7487183,2880.509766,498.8417969,-378.4379272,2938.896484,467.6080322,-354.7395325,3048.30835,520.7606201,-176.3253784,3213.431396,501.4909668,6.224197388,3116.526367,462.0040283,71.52229309,3065.802979,412.4625244,141.5758972,3027.740234,503.6396484,89.23523712,3072.199951,858.3045654,-108.8178406,2996.967529,708.3082275,190.256012,2881.936035,761.387085,523.3822632,2905.145996,682.958252,661.3115234,2857.86084,796.2598877,-119.5552063,3136.682861,619.949707,185.4020386,3165.364502,720.340332,511.2327576,3187.796875,640.8631592,639.772644,3168.70459,420.6115723,-409.9012146,2871.215576,305.2954102,-328.8372498,2853.949707,309.9276123,-368.0886536,2824.204102,395.8050537,-427.6046143,2783.767578,297.4802246,-371.4479065,2868.575439,356.9243164,-454.9212646,2922.486084
806.2810059,-130.1460266,3072.684326,713.5516357,-248.6878662,3016.709961,627.2337646,-329.412262,2966.591064,477.0482178,-432.4769897,2895.843262,513.8544922,-414.3074951,2879.676025,562.6633301,-362.5939636,2772.447754,690.7167969,-149.5795288,2781.916504,561.0915527,-7.67275238,2863.391357,526.4136963,43.23631287,2924.359619,507.2402344,96.84944916,3003.203613,445.9631348,39.3626709,2883.65332,490.8747559,-418.180481,2935.58374,457.0709229,-389.3801575,3045.303223,523.0471191,-199.0134583,3199.033447,470.2047119,-30.93066406,3082.224121,445.6361084,41.83783722,3029.221191,438.8590088,110.026062,2962.567627,478.256958,51.35510254,3033.73999,843.9592285,-125.2708282,2999.939697,709.5118408,189.2947388,2886.785645,767.0540771,527.3253174,2918.491455,682.026001,658.8100586,2855.938721,772.3045654,-134.5421906,3138.281006,605.3901367,183.8490906,3156.130371,701.480957,515.6646729,3198.010498,601.1394043,631.4350586,3173.610596,415.1517334,-460.5098267,2867.762939,295.0379639,-386.3183899,2836.368652,306.5916748,-425.0873413,2806.345459,402.9195557,-478.1395264,2775.924072,288.5333252,-430.53125,2849.458252,347.7877197,-512.2297974,2910.455322
802.7836914,-132.1308899,3075.821289,710.6411133,-251.9178772,3020.556641,628.1901855,-338.1432495,2972.431885,486.359375,-453.9724121,2903.056885,522.1873779,-433.8395386,2886.763428,572.7141113,-381.3720703,2780.373047,698.4697266,-166.7042236,2795.474854,553.800293,-34.57940674,2868.802734,521.3267822,14.20640564,2932.901611,504.6434326,60.7556839,3016.885742,459.1168213,8.499443054,2929.315186,498.5087891,-437.34375,2942.542969,463.0742188,-406.2287903,3051.383057,527.9992676,-210.4506226,3199.549561,469.3416748,-51.34538269,3072.573486,452.5808105,17.33869934,3011.363281,452.7641602,47.72696686,2920.51416,457.3913574,22.59384155,2999.206055,840.5222168,-127.5150604,3002.895264,707.625,187.8983917,2887.852539,769.2838135,525.8372803,2920.707031,684.2435303,659.6990356,2862.392578,768.7530518,-136.2931824,3141.582275,604.1661377,184.2559814,3157.73584,698.6340332,517.5593262,3197.575928,594.5692139,630.3143921,3172.56665,426.8972168,-487.2409668,2875.022949,304.6791992,-441.3345947,2812.083496,323.5718994,-485.3950195,2796.258545,427.8067627,-532.1953125,2791.891846,300.9180908,-480.4083862,2837.316895,359.9815674,-532.734314,2925.287354
764.4173584,-145.6383057,3085.210205,682.0263672,-270.6610718,3021.160645,610.4887695,-364.8232727,2966.69751,484.6621094,-501.088501,2896.878662,518.9882813,-477.3182983,2880.799072,577.4044189,-440.0983887,2770.209229,686.4119873,-213.42099,2789.348145,549.8754883,-72.07719421,2868.115479,509.1066895,-49.31924438,2942.588379,486.0388184,-9.905204773,3030.014404,480.3925781,-68.58287048,2970.398682,493.1955566,-481.2061157,2936.41626,454.3582764,-457.7653809,3047.562012,520.6702881,-246.618927,3178.26001,473.0653076,-77.03137207,3056.028809,456.7840576,-28.46920776,2976.443115,448.6665039,29.31390381,2899.016846,452.0378418,-36.05912781,2956.582031,809.9798584,-140.0929413,3015.776123,711.545166,191.3121033,2897.346191,777.4958496,530.6141357,2947.313721,693.5507813,652.5715332,2861.736084,723.331665,-150.6388092,3147.822266,621.1429443,199.5272522,3161.901123,709.3696289,538.3391724,3206.335205,591.0714111,635.5559082,3170.151367,430.0687256,-542.8168335,2867.923096,308.008667,-481.0953369,2814.939941,324.6210938,-523.491272,2791.764404,427.5073242,-574.5682373,2777.731934,302.5627441,-523.9233398,2834.084961,360.8212891,-592.965332,2912.463623
744.2790527,-161.0250854,3087.946777,670.9373779,-297.0619202,3020.968262,605.4000244,-399.4154968,2962.991699,487.0446777,-552.0535278,2894.375488,520.802002,-525.4299316,2877.254883,583.0003662,-479.6547241,2766.568115,698.6835938,-246.853302,2788.719727,557.7940674,-100.3877869,2870.26123,520.3895264,-70.40805054,2947.509033,504.2069092,-41.13208008,3043.885742,481.458252,-102.5031128,2963.136963,493.8199463,-529.5437012,2934.630127,457.6678467,-501.2240601,3049.987549,519.2824707,-272.8377991,3171.285156,461.7409668,-106.6264954,3036.246582,450.5932617,-40.1600647,2965.25415,438.9414063,-0.995819092,2873.681152,450.1634521,-49.55349731,2937.370117,794.9788818,-154.2657318,3018.701904,716.0118408,195.3881836,2898.847168,796.8223877,536.8615723,2984.550293,704.5284424,642.5174561,2876.836426,698.5609131,-167.1202698,3150.387939,630.5079346,204.0956879,3161.293213,720.0865479,554.3789673,3211.457275,586.5705566,632.1016846,3160.328613,434.3293457,-600.3044434,2865.37793,325.6547852,-512.2381592,2806.638428,337.8579102,-556.3260498,2780.182617,435.4150391,-624.8447266,2769.544922,311.1876221,-556.3884888,2821.719727,351.3054199,-642.9578247,2900.447754
742.5913086,-164.4079285,3080.178955,668.6357422,-301.9447632,3017.293701,606.5688477,-409.3843689,2965.165283,497.3513184,-570.3817749,2900.975098,530.0666504,-542.8383179,2883.361816,596.3526611,-499.9255371,2773.997803,700.3565674,-261.1698608,2787.218506,535.7171631,-137.0007019,2860.531738,493.8781738,-109.4579926,2936.34082,472.7640381,-83.50526428,3032.657227,461.4849854,-124.8978577,2957.980469,502.2016602,-545.9356689,2940.3396,462.2470703,-519.3364868,3054.775879,526.9891357,-297.3990479,3185.715576,459.4587402,-135.463501,3050.305664,443.1522217,-88.39904785,2966.100098,429.3841553,-44.21388245,2877.204346,459.0760498,-121.3716583,2949.491943,791.8023682,-158.7051697,3009.832031,710.2756348,194.5214844,2903.587158,786.734375,538.105896,2983.847412,699.6229248,644.8308716,2873.072754,698.2154541,-169.550354,3143.614014,627.4616699,200.7581024,3159.808838,709.2467041,552.473938,3211.786621,574.8781738,630.836731,3164.27832,447.6998291,-622.3439331,2873.116455,319.3192139,-571.8153687,2810.216309,340.94104,-615.2111206,2789.267822,451.6877441,-659.793396,2781.692627,316.385376,-615.378479,2832.058105,378.5556641,-677.5428467,2918.980713
732.7497559,-169.5042114,3065.338623,669.1373291,-317.0272522,3013.535645,608.1582031,-427.6528931,2966.057861,509.9141846,-599.0128784,2909.674072,541.3459473,-570.5212402,2890.939697,608.1513672,-535.5577393,2778.652344,692.5891113,-288.1519775,2783.464844,542.9416504,-142.3133545,2850.501953,511.4505615,-114.0925446,2931.202393,503.1572266,-83.56903076,3028.422607,474.6872559,-142.4615021,2952.874756,512.4852295,-571.9669189,2947.677734,470.2415771,-537.8842773,3059.644043,526.0686035,-312.0220947,3189.425293,467.4112549,-157.3648682,3041.018555,468.0314941,-94.32514954,2965.860107,437.6068115,-51.6807251,2880.103271,456.6318359,-138.8479156,2940.667236,779.6890869,-164.3899841,2993.134766,708.7528076,197.3630676,2906.094971,801.8062744,538.6177979,2983.081055,715.3363037,646.7824707,2872.439697,690.4224854,-174.1159058,3130.447998,626.9405518,198.013031,3156.032959,703.0130615,550.9525146,3214.844238,568.6655273,633.3035889,3172.839844,463.9407959,-655.6279297,2884.087402,334.9726563,-604.6983032,2821.729248,357.833252,-646.7131348,2798.997559,469.8880615,-688.7098999,2790.815674,332.6824951,-649.4170532,2841.509277,395.2268066,-714.5045166,2926.476563
721.8193359,-182.7207336,3054.400146,661.7568359,-332.3114929,3003.978027,607.1048584,-447.4743042,2959.446289,520.9431152,-625.8317261,2904.577148,550.7315674,-595.6262207,2885.773926,619.4978027,-563.6436768,2773.684082,699.7155762,-314.8201904,2783.498291,547.7546387,-169.924408,2847.747314,519.4675293,-128.4605103,2923.846924,511.6938477,-92.19345093,3019.183105,470.1652832,-154.1026154,2937.219238,521.2242432,-598.0751343,2942.187012,467.3140869,-574.1348267,3051.830566,529.9863281,-348.6841736,3179.512695,410.8138428,-218.2493896,3044.501709,479.3535156,-153.724884,3016.688477,432.8063965,-137.6773224,2929.016357,482.5732422,-186.7385254,2984.404297,770.2550049,-178.1330261,2983.092773,709.888916,189.7084198,2914.583252,797.9940186,535.4214478,2977.17334,710.0639648,645.5836792,2869.523682,678.1425781,-186.857666,3118.700928,627.9698486,186.786438,3153.466797,690.4099121,541.5539551,3218.378662,562.463501,634.0792847,3177.196777,479.0799561,-685.7476807,2879.314697,344.3133545,-638.8410645,2826.584229,364.7175293,-682.7559204,2805.064697,475.3934326,-726.2472534,2788.830811,344.0594482,-681.8416748,2850.036621,415.0384521,-740.4981689,2933.147217
719.8442383,-190.9330139,3049.529297,660.6221924,-341.9508972,2999.698486,610.1572266,-460.7359619,2957.888428,532.2241211,-645.4096069,2908.219971,560.8735352,-614.359314,2888.50415,629.9350586,-582.9700317,2775.658936,708.913208,-332.264679,2775.153076,545.5722656,-201.8806763,2845.794434,528.3856201,-204.2642822,2935.727783,537.9029541,-212.208313,3037.756592,528.5943604,-234.6384888,2957.821045,530.9708252,-616.3183594,2945.067627,475.0247803,-591.2315674,3054.101074,527.387085,-368.4014893,3193.150879,411.0268555,-248.5290833,3044.822754,479.9125977,-185.2705383,3013.536621,432.8514404,-163.6724854,2926.790771,477.302124,-223.1333923,2977.235107,768.2147217,-186.1989441,2977.695557,710.1755371,184.8782654,2914.965088,797.059082,532.7792358,2977.038818,711.3173828,647.649353,2871.179688,676.2263184,-195.2019348,3114.304688,626.088623,180.172821,3149.941895,686.7429199,536.899292,3215.556396,560.7932129,633.2783203,3174.005859,493.1263428,-708.2651367,2884.604004,364.0412598,-662.7281494,2816.598145,384.4517822,-709.4094849,2801.147461,494.8404541,-757.8414917,2798.155518,360.3566895,-703.2904053,2844.219238,422.8103027,-755.5522461,2938.556641
714.038208,-202.759491,3041.289795,656.2583008,-356.3673401,2992.670898,610.9716797,-479.6845093,2954.37207,539.1630859,-669.6911011,2908.245117,567.2149658,-637.9277954,2887.858398,638.4353027,-602.5526123,2776.114502,728.071167,-353.0368347,2775.922363,558.7119141,-238.4086609,2863.642334,571.6816406,-246.1708374,2954.782715,584.9453125,-260.0376282,3056.660645,580.3731689,-265.1093445,2982.439697,536.5186768,-639.4834595,2944.638916,478.1591797,-608.5632324,3052.146484,529.0297852,-386.1536255,3196.797119,426.0322266,-264.6279602,3037.418457,503.7927246,-219.6939697,2994.650391,432.9492188,-188.9064331,2928.190186,484.269165,-253.1748657,2958.371826,762.4693604,-197.9682312,2968.595459,706.8525391,177.1446686,2907.593018,792.3881836,528.9626465,2967.994873,708.5609131,652.3834229,2867.767334,670.3657227,-207.0799866,3106.841553,622.430542,171.6817932,3144.901367,693.4136963,529.0701904,3214.365479,569.6845703,633.1289673,3179.594238,502.1223145,-734.9574585,2885.6521,372.4951172,-700.862793,2809.480713,398.4522705,-745.5412598,2794.857666,513.979248,-783.4143677,2798.369385,371.0700684,-742.3068237,2836.761963,432.9716797,-789.965271,2935.242188
688.5793457,-210.692627,3025.395752,643.3066406,-369.4661255,2983.386963,608.0222168,-496.8223877,2950.448975,543.5349121,-689.6549072,2909.983154,570.9543457,-657.9364624,2889.178223,637.5476074,-630.0115967,2773.333984,740.9447021,-387.7501831,2757.424561,586.2196045,-263.9618835,2856.368896,611.572998,-267.0855713,2944.701172,568.2617188,-250.4075623,3036.856934,579.7053223,-284.0750122,2980.156494,539.100708,-658.3830566,2944.989014,483.0013428,-630.213623,3053.755127,514.6853027,-403.2718201,3194.424561,426.5948486,-272.8325195,3034.647217,508.2666016,-238.7711487,2990.242676,436.9503174,-202.0039063,2928.206055,484.3747559,-269.4884644,2954.991455,740.1605225,-206.8680725,2955.352051,711.0328369,171.0042725,2905.281738,782.3122559,526.3049316,2951.755127,703.2244873,656.8461914,2858.444092,642.0664063,-214.1413879,3088.557129,629.5848389,164.0745544,3139.797119,689.9825439,521.3103638,3210.768311,573.9779053,632.0366211,3173.716309,509.239502,-756.5269165,2889.087891,382.0631104,-723.2587891,2809.938232,410.3604736,-765.6651611,2793.884277,526.6260986,-798.8099976,2800.081299,381.3223877,-766.1221313,2834.495117,440.8891602,-816.9512939,2932.074707
682.855957,-214.5209656,3014.480713,641.0955811,-375.7566223,2978.781738,610.1134033,-505.6334229,2952.014648,544.9641113,-698.4851074,2912.869385,572.7718506,-667.1403198,2892.02832,642.6434326,-638.9972534,2778.208008,752.838623,-400.2668152,2756.298096,591.9133301,-270.2641602,2835.304932,614.902832,-267.5957947,2924.283203,572.2404785,-257.4251404,3017.665283,571.2974854,-286.5908813,2959.39209,540.3474121,-666.8339844,2947.5,488.807251,-634.4136353,3057.312744,512.5211182,-403.2653809,3192.525146,427.848999,-274.530304,3029.592529,510.2557373,-233.8603821,2992.787598,438.0386963,-201.2098083,2929.524658,495.3312988,-261.7844543,2957.66333,735.0284424,-212.608551,2944.812744,711.0563965,166.7048492,2904.204102,782.2026367,521.7702637,2952.253418,707.2904053,657.1261597,2862.471191,635.8096924,-216.2454834,3077.303711,626.2484131,161.2927246,3133.530762,690.4368896,516.6033936,3210.332031,579.270874,630.4304199,3168.281738,510.5124512,-765.3683472,2892.310547,396.6341553,-741.829895,2792.228516,427.0061035,-785.173645,2784.823242,541.0148926,-815.8504639,2811.497803,392.2219238,-782.0994263,2820.496582,436.5014648,-822.3050537,2930.369141
677.7561035,-216.7384644,3007.651611,639.0714111,-379.0817566,2974.138184,612.9956055,-510.6449585,2951.122559,556.2006836,-707.093689,2918.091309,582.8988037,-675.3822021,2896.442871,652.4360352,-652.6062012,2781.338135,756.2265625,-411.7802734,2753.971924,599.137207,-273.1653748,2825.248535,619.7857666,-268.8103638,2914.667236,551.4813232,-240.1602173,2986.37915,567.875,-285.6448364,2945.190918,549.9515381,-674.5218506,2951.547607,493.1436768,-646.4786987,3059.856689,513.5383301,-415.055542,3194.768555,404.7546387,-292.0500488,3042.272705,475.8115234,-229.0618286,3014.536377,420.4396973,-199.8505859,2934.850098,469.4431152,-262.591217,2974.342773,731.4962158,-215.4233398,2939.248291,709.0291748,163.7122803,2898.620605,778.9436035,518.5244141,2948.388672,707.4345703,657.6014404,2861.823975,629.2961426,-217.9243469,3069.33374,623.1964111,158.9709015,3128.478516,690.4200439,512.3170776,3210.346191,587.1096191,634.0466919,3170.92627,524.7358398,-775.9486694,2899.558594,408.392334,-770.5021973,2799.856689,443.0072021,-810.8408813,2794.698486,559.6870117,-827.9069214,2821.620605,408.375,-809.1531982,2830.563232,457.3374023,-837.678772,2941.992188
669.1730957,-218.3511658,3000.621094,636.7625732,-383.6466675,2971.445313,613.1162109,-516.5349121,2950.010254,565.1651611,-716.1251221,2916.210449,590.8510742,-683.1413574,2894.805176,660.4833984,-654.7911987,2780.302246,769.1628418,-414.3109741,2758.514893,604.9553223,-271.1930542,2802.62915,618.4129639,-257.3492432,2892.855713,562.2681885,-228.8875427,2975.063477,575.1018066,-274.7551575,2923.916504,557.0272217,-683.7160034,2949.704102,497.0048828,-654.4725342,3056.577881,516.6149902,-422.3039551,3192.621826,399.0557861,-298.5458679,3045.94165,461.8687744,-223.2667236,3029.889648,424.1888428,-201.0541077,2937.996338,470.2247314,-257.9892578,2990.8125,725.3133545,-217.5428772,2933.677246,707.3377686,164.0819702,2899.124268,777.1571045,519.8448486,2953.539795,704.5627441,656.3599854,2862.336914,618.5487061,-219.0800171,3060.987061,622.5447998,159.0435791,3122.991455,691.7348633,512.3098145,3210.52002,586.1279297,631.2817993,3166.129395,536.8547363,-786.5869751,2897.22583,423.1420898,-793.6428833,2793.650635,460.3654785,-832.2095947,2791.759277,577.4276123,-840.7567749,2823.056641,424.414917,-830.6478882,2826.616699,471.5898438,-850.1262817,2941.320801
659.6119385,-219.1739807,2993.391113,633.0449219,-387.1620789,2968.691406,614.1605225,-522.071106,2950.803467,571.9803467,-724.5478516,2919.76416,597.2462158,-691.0863037,2898.053223,668.9588623,-656.1658325,2785.797852,769.9138184,-411.6514893,2756.047607,611.248291,-257.1149597,2785.429443,619.1629639,-241.4571533,2876.515137,565.1834717,-194.4489746,2952.087158,576.8061523,-255.835144,2903.063965,562.3634033,-691.6017456,2952.693115,501.963501,-659.4472046,3059.309814,514.2868652,-420.8938599,3187.806396,399.1964111,-282.8732605,3050.34375,458.0228271,-202.1821594,3052.271729,431.6793213,-189.9277344,2954.170166,475.2196045,-227.384552,3005.239014,714.2541504,-217.7062988,2924.635498,711.5848389,167.4016266,2904.427734,779.7244873,524.8376465,2963.015137,706.3054199,656.6904297,2864.058594,610.338501,-220.4974365,3055.390625,618.1175537,159.047348,3120.880371,684.2667236,513.7032471,3213.359863,575.5533447,631.855896,3171.052979,545.7696533,-796.4699707,2901.535156,427.7685547,-807.965332,2802.013428,466.366333,-845.4777222,2798.813232,585.4136963,-849.9614258,2825.66626,431.5910645,-844.9140015,2835.241943,484.1218262,-862.2457886,2948.687988
650.3485107,-221.9139709,2980.468994,629.0615234,-390.8871155,2961.313232,615.4107666,-526.5880737,2948.228271,578.8574219,-730.265625,2922.228027,602.5577393,-696.6082764,2899.369385,670.4327393,-661.0048828,2785.424072,761.5147705,-413.0598755,2758.996582,617.0389404,-243.8913574,2771.297119,625.9683838,-211.6193237,2857.526123,552.3999023,-139.78508,2843.309326,581.4102783,-207.9805298,2883.692383,568.9765625,-697.0460815,2954.609131,508.0524902,-669.1477051,3061.707275,517.2537842,-425.7706299,3179.375,424.809082,-274.2580261,3040.07251,434.80896,-190.5129089,3093.051025,405.0522461,-159.4051208,3000.548096,447.3181152,-178.3823547,2993.369629,698.9532471,-219.7798462,2907.630371,708.8659668,164.539917,2897.709229,784.3587646,520.5222168,2949.282227,706.2452393,657.7412109,2862.931885,606.5192871,-223.8384399,3046.150635,613.628418,154.1319885,3114.473145,688.8359375,506.0554504,3206.304443,586.1077881,631.0236206,3171.012451,554.5308838,-803.0976563,2906.058594,447.5354004,-822.7572632,2796.543457,487.1151123,-859.0721436,2798.943848,602.6959229,-858.6466064,2837.304932,449.0266113,-857.8946533,2831.662109,490.4556885,-868.3015747,2950.055176
638.0688477,-221.7499695,2971.755127,621.6057129,-391.9363098,2956.421631,612.7994385,-528.5394897,2946.590332,585.0765381,-734.6367188,2926.67627,607.4866943,-700.6530151,2902.858398,674.1906738,-665.6747437,2787.759033,765.5184326,-417.7324219,2757.944824,649.9741211,-226.9526978,2750.197754,657.3768311,-168.1705627,2821.436523,593.9123535,-87.29714966,2836.99707,575.7288818,-137.9393768,2805.496338,573.5819092,-700.8408203,2958.027344,510.138916,-670.6992798,3063.287109,520.8013916,-426.3491211,3179.841797,428.0239258,-258.0082703,3060.971924,453.0821533,-172.366272,3105.586426,409.130127,-130.5455017,3023.344482,441.6817627,-163.5099792,3004.542236,681.0147705,-219.015625,2895.29541,710.303833,164.999115,2903.314453,782.8830566,522.6121826,2952.060791,700.5323486,659.2700195,2868.169434,599.3425293,-224.2156372,3040.702148,614.1575928,153.2466431,3114.002686,686.6617432,506.6467285,3204.825928,586.0092773,634.8199463,3174.047119,563.9388428,-809.0272827,2912.625,461.4234619,-831.9084473,2799.160156,502.0821533,-867.0238037,2802.964844,616.3381348,-863.0195313,2845.50293,462.7663574,-867.09375,2834.353516,500.3105469,-876.3909302,2954.345703
638.5593262,-221.8556519,2980.845459,619.7709961,-391.1341248,2960.712891,612.097168,-527.6296997,2950.276611,586.90979,-733.723938,2929.088135,609.7619629,-699.522583,2906.10498,677.4348145,-664.0238647,2791.890137,773.7559814,-418.3231812,2761.491455,676.1213379,-218.670105,2743.635498,713.920166,-162.1637268,2806.460938,661.6636963,-72.99209595,2796.091553,617.1107178,-110.4313507,2743.856445,574.1044922,-700.1329956,2960.080811,510.4044189,-668.2028809,3064.51001,508.5131836,-417.1184692,3165.600098,417.9117432,-230.2567749,3076.981201,446.409668,-150.2901764,3129.203613,416.8223877,-103.8631897,3043.216553,450.65979,-131.9338531,3034.852295,692.2563477,-219.5802612,2911.601318,710.6020508,164.7271423,2902.734131,781.6192627,522.3413086,2951.128174,700.0528564,657.9370117,2865.141357,590.1381836,-223.9074707,3043.285645,607.8735352,153.9319763,3111.926758,680.3093262,505.1978149,3209.393066,580.9620361,631.5844116,3169.257324,566.9289551,-808.1968994,2914.222168,469.1608887,-832.8467407,2797.194092,509.8060303,-867.6331177,2802.943604,622.1776123,-862.4868774,2849.824219,469.331543,-867.6307373,2832.742676,502.1743164,-875.4669189,2954.084717
637.2440186,-220.7810669,2978.677002,617.5,-390.0365295,2957.987061,609.5944824,-526.6710205,2947.964111,594.0843506,-734.1171265,2928.978027,615.4742432,-699.119873,2905.702393,684.942627,-656.8977051,2794.754395,762.8979492,-404.7188416,2762.759277,704.6983643,-193.1059875,2722.347656,720.4984131,-140.5565186,2796.998291,668.4200439,-62.20787048,2752.747559,632.6746826,-103.0423279,2750.87915,579.5516357,-700.7839355,2959.548096,517.2094727,-670.9447632,3065.53833,511.6201172,-421.7625122,3171.70874,424.5460205,-225.4219971,3101.440674,451.2410889,-143.7759705,3152.163574,428.7039795,-90.71774292,3067.783936,435.8937988,-106.9978943,3063.515869,693.3220215,-219.0778809,2911.229492,706.4536133,165.604126,2896.549072,779.1638184,522.0211182,2953.044434,701.3206787,659.9706421,2867.018555,586.6760254,-222.316925,3039.497314,600.5223389,156.0800323,3107.856689,681.5775146,504.723999,3209.123535,586.0119629,636.272522,3176.490967,577.6429443,-809.6638184,2914.847412,472.6647949,-836.0172119,2804.444336,513.1617432,-871.2576294,2808.730225,628.288208,-866.498291,2848.743896,474.5065918,-869.8709106,2840.893555,514.4597168,-874.9555054,2960.349609
633.1887207,-219.7481689,2970.652344,615.9868164,-389.5245361,2953.037354,608.8015137,-526.2341309,2944.768066,598.9228516,-734.234436,2929.893799,619.7841797,-699.2010498,2906.252686,688.1019287,-656.975769,2794.69458,767.618042,-405.598114,2761.571045,723.1087646,-192.7705383,2711.928955,752.067749,-145.5638885,2786.135254,699.5568848,-58.54786682,2764.530273,673.0345459,-105.694458,2780.202148,583.0447998,-700.6881104,2959.50293,519.2241211,-671.175354,3064.61084,512.9163818,-423.2685547,3173.2854,424.0617676,-222.9996338,3118.463135,441.2652588,-139.9873047,3170.928711,432.7684326,-73.70773315,3093.692139,440.6850586,-103.1403503,3091.14502,691.3793945,-218.8399048,2905.072998,709.7294922,165.6020203,2897.379639,775.5012207,524.5556641,2944.031982,698.2092285,664.5938721,2861.166992,580.7156982,-220.5671997,3029.788086,596.786377,156.1484375,3105.285156,675.2695313,502.4858704,3215.301514,584.0794678,633.4564819,3170.568359,584.6640625,-810.4103394,2917.093506,483.4857178,-829.9696045,2801.960205,521.4733887,-867.6314697,2807.904297,634.6544189,-870.0809326,2853.116455,481.5692139,-863.9337158,2838.261963,515.6031494,-871.7393188,2959.314697
631.1185303,-218.515564,2969.793457,614.9818115,-389.072876,2951.686035,609.5496826,-526.467041,2943.859131,601.3349609,-735.4785767,2929.833984,622.3426514,-700.2630005,2906.19751,692.637207,-656.8950195,2795.59668,770.9785156,-404.227417,2760.565918,731.3079834,-189.9413452,2708.917236,773.9239502,-130.9046783,2766.747803,713.6607666,-54.82511902,2728.444824,718.050293,-106.2510681,2792.893066,584.7548828,-701.7633057,2959.185791,519.3078613,-672.8262329,3064.093994,514.0411377,-427.3572998,3180.894775,429.1474609,-221.9173584,3135.891113,448.8308105,-134.9411316,3181.399902,435.6162109,-60.47821045,3112.124268,455.362915,-106.8932648,3123.117676,689.7685547,-217.0941772,2904.138916,707.699707,169.0065613,2897.486084,773.118042,528.8421021,2949.724121,694.7020264,662.3584595,2856.187988,578.2312012,-219.7972717,3028.997314,594.3070068,158.237915,3106.127197,670.2689209,505.9031067,3218.97876,574.7583008,633.9697876,3172.310303,587.7398682,-812.1387939,2917.173096,487.59021,-837.9659424,2801.503418,526.9309082,-874.3381958,2808.615479,640.3117676,-871.90448,2854.703613,486.5623779,-871.21875,2838.77417,520.1965332,-874.947998,2960.682129
627.2133789,-217.5499268,2963.418457,611.8548584,-387.9399719,2947.241211,607.7001953,-525.1466675,2941.712646,602.2460938,-733.822937,2929.233887,622.9141846,-698.6071777,2905.53418,695.7268066,-656.8782349,2796.370117,781.2473145,-406.4169006,2767.975098,746.8820801,-193.5118103,2709.659912,801.7171631,-134.3715515,2755.467773,739.633667,-68.47712708,2704.123047,746.925293,-93.09558105,2775.943604,585.0831299,-700.1884155,2958.147461,517.7852783,-670.9968872,3061.419189,520.8459473,-430.0473633,3185.88208,446.4207764,-216.7189331,3174.320068,466.052002,-122.1122894,3199.571777,411.4468994,-61.65258789,3137.693359,462.5222168,-105.7654266,3163.844482,686.4279785,-216.7295532,2898.558838,702.9174805,168.4671326,2891.682373,773.4682617,525.6088867,2948.979004,699.3468018,666.3167114,2863.719971,573.8168945,-218.2897034,3021.905029,593.6689453,157.118042,3105.873535,666.8795166,503.4255981,3221.606934,576.602417,634.4649048,3174.255127,589.7421875,-810.5501709,2917.088379,497.1484375,-839.4772949,2796.481201,535.885376,-875.4927979,2806.921875,645.9343262,-871.671936,2859.697266,493.8391113,-871.6724854,2834.375732,519.8305664,-872.1740112,2957.871338
624.333252,-216.5325928,2962.707764,611.2279053,-388.1843872,2947.241699,607.5427246,-526.1854248,2941.233154,601.4731445,-736.2419434,2932.206055,623.2922363,-701.3429565,2908.520264,698.7850342,-660.9959106,2799.643066,794.5733643,-412.9070129,2768.73877,778.0328369,-201.1644897,2695.35791,831.5270996,-155.5952606,2756.718506,802.6506348,-92.79594421,2678.095215,758.3579102,-90.88766479,2718.530029,583.3308105,-701.8230591,2960.034668,514.5032959,-671.9447021,3063.008789,522.7756348,-433.2144165,3194.750244,448.8256836,-218.3139038,3183.399902,462.6821289,-128.4369659,3226.0625,405.8157959,-66.32276917,3166.932617,464.2823486,-108.7956085,3186.941162,684.7618408,-215.341156,2898.280518,691.9812012,172.2042847,2884.529297,766.2498779,529.578125,2949.066895,691.2680664,662.3760376,2850.656738,569.842041,-217.6069641,3020.804688,591.8967285,159.973938,3104.800293,667.6081543,507.8158875,3221.319336,569.3936768,633.7498169,3172.533936,588.9655762,-813.5667725,2920.90625,493.6834717,-845.2286377,2801.93042,533.8276367,-880.4090576,2811.490723,645.6459961,-873.6078491,2861.841797,492.1396484,-877.6444092,2840.131592,521.3218994,-877.3238525,2963.668213
624.0684814,-217.5634766,2959.246582,611.5422363,-389.2028503,2946.745117,608.4989014,-527.0679932,2943.178711,602.1369629,-736.5986938,2931.037109,623.5039063,-701.4057007,2907.537354,699.4373779,-660.3585815,2799.532715,804.911499,-416.6401367,2769.361084,781.2664795,-203.29245,2704.211426,856.1617432,-162.6798401,2741.82666,803.5447998,-95.29586792,2681.721191,779.1424561,-83.58824158,2706.356934,584.5615234,-702.6659546,2959.674805,517.6744385,-671.3956909,3063.243408,520.5096436,-436.324707,3200.705566,454.3986816,-219.1300659,3193.046387,465.2471924,-143.4339447,3257.914551,437.8823242,-66.9445343,3195.044189,476.114502,-108.5055695,3212.308105,683.868042,-217.2067566,2894.43042,699.6617432,169.6615601,2892.851318,765.9138184,528.9561157,2951.553711,692.7010498,663.0473633,2854.141602,570.1447754,-217.8851318,3017.694336,588.6077881,159.9063263,3098.498047,668.788208,505.974762,3215.25293,571.1265869,635.2766113,3176.093994,589.3948975,-813.6028442,2918.795166,493.9373779,-851.7597656,2802.238281,535.5526123,-884.994873,2811.942871,647.5256348,-872.5262451,2860.31543,494.2769775,-883.2747803,2841.10498,525.157959,-878.9489136,2963.928223
619.4749756,-218.5750732,2961.248779,608.1193848,-390.2134399,2943.468506,609.5209961,-528.3641357,2938.442383,604.9605713,-738.4729004,2927.522217,625.6960449,-703.1358643,2903.468506,699.324707,-664.3795166,2792.666748,815.0263672,-425.0378418,2759.831787,803.7174072,-208.6888428,2699.762695,882.6154785,-166.130188,2725.757568,812.6711426,-94.92277527,2694.018799,803.2191162,-82.1072998,2705.683838,587.4421387,-704.4713135,2956.28833,520.9604492,-680.0223999,3062.27002,532.1813965,-449.5375977,3208.012451,463.0792236,-232.6147461,3207.584473,461.6973877,-163.400238,3280.436279,472.7429199,-94.14530945,3205.066895,486.4788818,-113.0589142,3222.650635,677.8590088,-215.5710449,2894.962402,699.8878174,171.8477173,2896.618408,770.765625,531.1004028,2955.32666,693.369873,662.4590454,2856.688232,566.8272705,-221.283905,3021.022217,587.2437744,157.7773132,3099.464111,668.0159912,505.5750732,3213.280518,570.1987305,633.7873535,3169.618164,592.7462158,-815.831543,2915.864258,495.7854004,-857.9700928,2801.482178,536.7928467,-891.640686,2812.804932,649.4573975,-879.1228638,2860.236572,495.5939941,-887.4873657,2842.024658,527.1351318,-877.4452515,2964.634521
619.5831299,-218.6705627,2961.290039,608.2446289,-390.3318176,2943.535645,609.6029053,-528.4970093,2938.479248,604.7984619,-738.612793,2927.35498,625.5772705,-703.272644,2903.333008,699.3980713,-664.5287476,2792.635986,815.8792725,-425.4542236,2760.376953,805.4306641,-208.9222412,2700.720459,884.9029541,-167.0863953,2726.17041,815.2852783,-95.19490051,2695.227783,805.973877,-82.16760254,2706.080811,587.3173828,-704.6149292,2956.157227,521.0360107,-680.2475586,3062.299805,533.4118652,-450.3589478,3208.943359,465.5512695,-233.0223694,3210.322266,464.1968994,-165.3086853,3284.586182,476.611084,-93.50886536,3211.841553,489.9348145,-114.2368011,3228.908447,677.9699707,-215.6702271,2894.99292,699.9273682,171.7958069,2896.481445,770.7258301,531.137207,2954.998779,693.3826904,662.546814,2856.350342,566.9331055,-221.3760986,3021.072998,587.2913818,157.7563171,3099.395264,667.956665,505.6648865,3213.083496,570.0921631,633.833374,3169.329346,592.4931641,-815.9542847,2915.621338,496.0791016,-858.1448975,2800.773926,537.1506348,-891.7188721,2812.179443,649.6107178,-878.9598999,2860.064697,495.8256836,-887.7532959,2841.256104,526.8808594,-877.8789063,2964.018311
619.5858154,-218.6752014,2961.294922,608.2476807,-390.3375244,2943.541748,609.6043701,-528.503418,2938.484375,604.791626,-738.6199341,2927.354248,625.5720215,-703.2797241,2903.333008,699.4008789,-664.5357056,2792.640381,815.9105225,-425.4697876,2760.407959,805.4981689,-208.9293823,2700.770996,884.9873047,-167.1246643,2726.221436,815.3952637,-95.19406128,2695.310547,806.0880127,-82.17799377,2706.185547,587.3116455,-704.6220093,2956.157715,521.0354004,-680.2565308,3062.304688,533.4407959,-450.3822021,3208.970703,465.6087646,-233.035614,3210.388672,464.2766113,-165.3417053,3284.671875,476.7021484,-93.51109314,3211.958496,490.0085449,-114.2524719,3229.009277,677.9729004,-215.6751404,2894.997314,699.9298096,171.7930603,2896.482178,770.7281494,531.137146,2954.996338,693.3867188,662.5488892,2856.347656,566.9355469,-221.3804626,3021.078369,587.2907715,157.7546997,3099.398926,667.9519043,505.6669312,3213.086426,570.0830078,633.8344116,3169.335693,592.4833984,-815.9611816,2915.618408,496.0679932,-858.1665649,2800.776855,537.1424561,-891.7371826,2812.18335,649.6038818,-878.96698,2860.064209,495.8179932,-887.7723999,2841.26123,526.876709,-877.8872681,2964.022217
618.1643066,-220.5838623,2959.207764,608.8435059,-392.2304993,2943.896729,612.7354736,-530.1263428,2941.633057,606.234375,-739.3823242,2925.009766,626.9921875,-703.6436768,2901.772217,700.5523682,-666.0542603,2790.873779,826.0163574,-430.6522217,2773.44043,802.6289063,-216.0995789,2712.130859,887.1954346,-183.8356018,2734.13501,823.9487305,-117.7113342,2683.606934,813.5738525,-98.2462616,2719.572266,589.3417969,-706.1087036,2954.822021,521.4932861,-680.0525513,3059.23291,537.7165527,-458.6652222,3217.071777,471.3879395,-241.3749084,3219.64624,492.65625,-168.0186157,3284.650635,471.8341064,-82.45227051,3231.728516,490.3682861,-123.0146637,3237.449219,676.479248,-217.8525085,2893.087158,698.2211914,168.7984924,2892.366943,770.0151367,528.010376,2945.177734,692.2337646,662.8968506,2852.457764,565.5792236,-223.0468445,3018.831787,587.5112305,154.5142822,3100.171875,665.619751,503.0716553,3210.98877,568.4222412,632.859436,3172.158203,593.2507324,-816.1269531,2911.380371,500.7824707,-871.2177734,2799.234131,543.8765869,-901.142395,2812.614502,654.6971436,-878.071228,2859.786621,502.2994385,-898.3307495,2841.274658,531.8395996,-879.3381958,2963.054443
618.692627,-222.5589294,2958.479248,608.5895996,-395.0024414,2942.696289,610.5251465,-533.6124878,2939.036865,610.8953857,-744.4160767,2928.14209,630.5803223,-708.4890747,2903.793945,700.2193604,-669.7761841,2789.910156,825.7730713,-432.9255371,2771.831299,806.0784912,-215.8960571,2713.840088,885.7127686,-182.1968994,2749.728516,828.4628906,-114.2369537,2693.683105,812.2905273,-95.16462708,2718.370361,592.8167725,-710.7333984,2957.179688,523.1707764,-684.5335693,3061.161377,538.0488281,-459.0623779,3215.717041,469.2460938,-241.318573,3217.138184,486.8173828,-162.1603394,3277.029785,465.2041016,-80.25128174,3217.975098,490.0904541,-125.1617126,3234.225098,677.8878174,-219.9913025,2892.533936,699.4349365,168.6433258,2894.024658,774.6383057,528.1245728,2953.123291,698.3696289,664.651123,2859.741211,565.3140869,-224.8742981,3017.945313,587.8934326,154.2635651,3101.144531,668.1987305,503.7019348,3214.040771,571.0269775,634.585083,3175.167969,600.3868408,-822.286377,2916.583252,507.1601563,-869.4197388,2800.410645,548.8804932,-901.8388062,2813.447754,660.302124,-885.2972412,2863.485596,506.7458496,-898.2148438,2841.654541,535.0462646,-884.8692017,2965.140137
618.8504639,-223.2355347,2958.623047,608.7286377,-395.7592773,2942.9104,610.8413086,-534.4320068,2939.475342,611.6688232,-745.3609009,2929.297607,631.295166,-709.4598389,2904.823975,700.8933105,-670.8742065,2790.799316,824.9210205,-433.149292,2771.960938,803.364624,-216.4535828,2713.015137,878.6218262,-180.415863,2755.564209,825.3944092,-113.4863129,2694.457764,806.1367188,-95.26713562,2715.765381,593.4980469,-711.6035767,2958.224609,523.4837646,-685.0305176,3061.931396,536.9467773,-458.0786743,3214.647217,466.673584,-240.7023621,3213.151367,483.5543213,-161.2591553,3272.937012,462.5444336,-79.35475159,3213.581543,488.3608398,-125.3729553,3231.152344,678.0537109,-220.6988525,2892.632324,699.6135254,168.1031189,2893.958252,774.8415527,527.7952881,2952.747314,697.3360596,663.7507935,2859.398193,565.4642334,-225.5230103,3018.129639,588.2249756,153.7304993,3101.532959,668.5183105,503.3563232,3214.395508,570.1207275,633.3781738,3175.405273,601.3277588,-823.3262939,2917.995605,506.1083984,-873.6693726,2804.731934,548.4968262,-905.3828735,2817.442871,660.8294678,-886.6557617,2864.728516,506.9290771,-901.7116699,2846.510986,537.7681885,-885.7600708,2969.133057
621.1818848,-226.1195068,2962.029053,612.4328613,-399.7871094,2946.985596,615.1326904,-539.2466431,2943.307617,616.9228516,-751.4384155,2934.123779,636.477417,-715.362854,2909.312988,704.9343262,-675.0780029,2794.206055,820.6567383,-431.9123535,2770.369629,794.284668,-213.7402954,2713.867432,852.9291992,-173.3523254,2775.545654,803.3218994,-114.4159698,2703.154053,789.6887207,-89.43365479,2725.459473,598.5170898,-717.4249878,2963.065674,529.6627197,-694.4568481,3069.294678,538.4277344,-459.0834961,3212.13623,460.3441162,-243.2607422,3201.079834,482.407959,-169.2952576,3266.888672,457.2872314,-81.83198547,3216.730225,483.2330322,-126.9455566,3207.197998,679.4680176,-223.211731,2894.562256,700.9213867,167.8549805,2894.271484,774.3104248,530.0320435,2953.795898,695.8505859,663.4152222,2855.594238,568.6226807,-228.7415466,3022.866699,584.7342529,154.7761536,3098.484619,670.7441406,503.3539124,3217.481445,571.439209,632.9759521,3175.399414,606.8696289,-829.9567871,2923.155273,507.5490723,-883.5371094,2813.711426,552.7369385,-913.0367432,2823.00293,667.0704346,-888.4284668,2864.282959,512.6490479,-912.6939087,2854.770264,550.1259766,-897.8900146,2976.452148
623.9133301,-223.3494873,2963.534912,616.1079102,-396.170929,2946.743652,619.1593018,-534.9832153,2941.285889,622.2454834,-746.2992554,2932.689453,641.3782959,-710.3170776,2907.799561,709.1993408,-673.0316772,2792.013916,817.8199463,-427.9146118,2767.495605,795.8509521,-208.8747864,2716.524902,828.0384521,-166.2713318,2793.659424,805.3649902,-108.0779877,2708.915771,760.7471924,-99.99867249,2739.818604,603.8309326,-712.4680176,2961.503418,533.2185059,-685.2435303,3064.887451,541.8153076,-450.0125122,3205.751953,461.0631104,-236.5697632,3188.982422,484.5197754,-163.2090454,3254.335449,449.2999268,-81.74621582,3201.134277,479.3846436,-119.8306885,3197.608643,681.8338623,-219.432373,2896.294922,702.7198486,170.0311127,2897.002686,776.0557861,530.6657715,2956.174805,696.3087158,660.8968506,2856.217285,571.6838379,-226.8817444,3024.168457,583.2441406,155.1828003,3099.563232,669.5465088,502.647583,3216.59082,570.5725098,632.0562134,3175.904053,612.6828613,-824.581604,2922.018066,510.6580811,-873.0057983,2813.602051,554.545166,-904.2237549,2822.14209,669.6883545,-884.6156006,2862.2854,514.9852295,-902.5821533,2854.187256,554.0629883,-890.4091187,2975.093506
629.1525879,-225.375885,2962.999512,621.5859375,-398.7806091,2948.757324,624.2724609,-537.9299316,2944.963135,623.9418945,-749.5071411,2932.740234,643.6368408,-713.3459473,2908.373047,712.8721924,-670.0383301,2795.219482,805.6629639,-417.6866455,2773.393555,758.1939697,-201.4645386,2725.904541,793.1304932,-138.3474884,2786.164063,740.6925049,-62.5219574,2734.914551,730.7974854,-106.6605072,2797.049561,606.0997314,-715.8149414,2962.228027,535.9321289,-689.001709,3066.333008,542.1651611,-451.2637939,3204.133789,458.9083252,-238.4288635,3185.800049,481.1951904,-158.6946716,3244.015869,442.1624756,-80.80989075,3187.805176,468.2408447,-127.4298553,3156.018311,687.6072998,-222.4188843,2895.941406,707.5976563,167.8549805,2898.271973,776.5946045,529.9103394,2958.607666,699.4654541,664.1268311,2861.243652,576.4415283,-228.0423584,3023.468994,586.2600098,154.0806274,3102.689209,668.4211426,503.8734131,3218.144043,570.7381592,634.0023804,3175.322754,613.0780029,-827.5861816,2920.737305,514.1906738,-877.144165,2809.516846,556.744751,-909.3720703,2821.171143,670.8199463,-891.6547241,2865.747314,515.8210449,-905.3220215,2851.398193,550.0411377,-889.6853638,2973.637207
628.7807617,-226.0187378,2963.311523,622.3737793,-400.0115967,2949.541504,627.0631104,-539.5449219,2947.452637,631.0053711,-751.6970215,2935.232666,649.7947998,-715.0402832,2910.62085,713.2587891,-672.8444824,2793.24585,802.0383301,-418.463501,2768.833984,747.3267822,-202.7242126,2723.897705,768.9522705,-145.5876465,2795.690918,727.5830078,-65.20651245,2740.760498,706.9129639,-117.705719,2800.304443,612.6715088,-718.2741089,2964.951172,539.9290771,-696.6604614,3068.95459,543.5957031,-453.9689941,3199.607666,448.31604,-248.1533203,3161.775146,466.8756104,-165.8754272,3218.239502,440.5045166,-79.31732178,3167.019775,469.4210205,-135.3832092,3146.622803,688.8651123,-223.012146,2897.364502,706.7003174,168.4988098,2898.021484,776.9151611,530.920166,2961.345215,699.0898438,662.8256836,2860.450928,574.6000977,-228.7299194,3022.778809,586.5407715,154.0985565,3103.825684,670.2998047,504.4699097,3219.932129,571.4133301,632.8476563,3172.889893,621.6258545,-830.2130737,2923.301514,521.3267822,-872.1307373,2809.593262,564.340332,-904.9400635,2818.305908,679.2008057,-889.7729492,2862.796143,523.6677246,-903.4333496,2849.343018,559.4630127,-896.7084961,2972.32959
631.0869141,-226.3158569,2966.935547,623.7563477,-399.7888184,2951.569336,627.0773926,-539.0287476,2947.153564,630.9063721,-750.7964478,2935.606201,649.9494629,-714.3034058,2911.132813,719.3652344,-674.3356934,2796.716553,800.9638672,-418.3293457,2770.286865,738.0311279,-206.131897,2721.680176,752.5246582,-154.3907471,2798.906738,708.8012695,-73.40213013,2747.191162,685.7995605,-124.4611664,2795.825195,612.3419189,-717.3355713,2964.980713,539.8428955,-694.138916,3068.494629,540.4144287,-448.2344971,3191.827881,449.3222656,-242.0430603,3148.856689,467.2750244,-159.8300171,3205.248779,445.618042,-77.64259338,3145.713867,466.0068359,-125.8231964,3126.354492,689.1383057,-222.7911377,2899.451904,709.022583,167.8375397,2900.728027,781.6463623,529.7902222,2959.4375,697.9364014,658.0838623,2859.262451,578.739502,-229.4942322,3027.789063,588.3654785,153.05867,3106.651367,670.416626,504.3225403,3218.755615,572.0164795,633.7909546,3175.001953,621.5830078,-829.1799927,2923.828125,521.7930908,-873.3092041,2810.945068,564.8875732,-905.6848145,2820.178467,679.4036865,-889.2485352,2864.416016,524.2651367,-903.9146118,2851.099365,559.8602295,-895.1015015,2973.745361
632.4504395,-226.3702087,2968.460693,625.4627686,-399.4789124,2953.780762,629.1207275,-538.3755493,2949.827148,633.1033936,-749.4030762,2934.986084,651.4898682,-712.5883179,2910.727539,718.0133057,-668.7192383,2796.448242,798.7103271,-412.8700562,2772.760254,723.6478271,-204.7390747,2726.484131,735.930542,-162.7103577,2809.488037,706.0131836,-71.77104187,2765.616699,667.1291504,-115.9594269,2787.112549,615.1634521,-716.5211182,2965.192383,546.0168457,-694.6218872,3070.862061,541.8635254,-448.2105103,3191.553711,444.3171387,-248.5694275,3136.560791,466.8718262,-163.4880676,3186.184814,449.8355713,-83.45950317,3122.784424,458.6444092,-128.850235,3109.98584,689.7493896,-222.9303894,2900.624268,703.0167236,166.9924316,2897.846436,776.0766602,527.9659424,2956.097168,697.2402344,661.6660767,2859.954346,580.7814941,-229.4720459,3029.63208,589.1625977,152.1251221,3108.431885,667.3770752,503.6576233,3219.25,570.5948486,633.6182861,3174.968994,623.703125,-827.4228516,2922.243652,522.4625244,-872.4221191,2811.5625,565.0404053,-905.1570435,2821.111328,679.9116211,-889.5292969,2863.828857,524.8405762,-902.0806885,2852.270264,561.6154785,-891.0974121,2974.056641
633.3238525,-226.6088257,2971.025635,625.1018066,-398.999054,2956.061035,629.206543,-537.3947754,2952.932129,633.5792236,-747.6590576,2938.399414,651.5842285,-710.9664307,2914.013916,719.7163086,-668.7854614,2800.671631,790.319458,-411.67276,2770.507324,699.5178223,-209.4876709,2730.544922,726.5761719,-163.1950989,2807.143555,681.0817871,-71.87782288,2782.648926,635.3498535,-126.7015381,2781.95874,615.8951416,-714.901123,2968.611084,550.2462158,-695.803833,3076.464355,541.1756592,-445.9013672,3187.000244,450.6925049,-245.7481384,3125.64502,472.4504395,-164.9707642,3181.653809,440.6220703,-104.1188202,3104.712158,464.1287842,-132.0244446,3093.227783,689.8300781,-223.3935242,2902.938965,703.5595703,165.078064,2899.497314,777.5294189,525.2883301,2952.3479,698.550293,659.4642334,2858.274902,582.369751,-229.5082703,3032.422363,586.0426025,152.1943207,3103.662109,668.0612793,501.61203,3213.732178,572.1940918,634.0578613,3177.974609,624.2977295,-825.4344482,2925.89624,532.8131104,-867.8291626,2806.821533,573.4797363,-901.3936157,2819.994141,683.9447021,-888.4395752,2872.743652,530.8701172,-897.4945679,2847.318359,556.661499,-887.5772095,2971.503906
629.3831787,-228.9918213,2972.433838,624.0953369,-401.4516296,2957.51123,631.2939453,-539.6803589,2954.312744,635.7231445,-749.9848022,2941.318848,653.6794434,-713.475647,2916.649658,722.1347656,-672.1928101,2803.219238,788.0712891,-414.5836182,2767.850586,700.0888672,-209.2763672,2739.562988,723.4128418,-168.9361267,2820.595215,663.5272217,-91.63388062,2782.64209,631.0859375,-139.2150269,2803.635498,618.0698242,-717.0219116,2971.303223,552.7728271,-698.4672852,3079.421875,543.2713623,-445.2564697,3181.909424,444.3480225,-252.2255554,3111.64624,462.7861328,-168.282196,3164.022217,439.2369385,-102.2923584,3088.38623,463.6855469,-137.1009979,3087.151855,683.1464844,-224.5681458,2902.258301,705.1112061,163.4241791,2904.496338,778.7711182,522.9208984,2961.722656,702.0388184,654.7340698,2862.679932,580.9024658,-232.9808655,3035.714111,587.8967285,148.9194946,3105.023682,667.4857178,498.8016052,3215.041504,573.1442871,631.0061035,3174.830322,626.4569092,-827.8309326,2929.400635,531.7280273,-875.600708,2815.048828,575.6062012,-906.000061,2825.187988,687.6070557,-885.0714111,2871.686035,534.5267334,-905.9146118,2854.994385,566.7580566,-895.8162842,2977.614258
