,p_gyroscope_time,p_gyroscope_x,p_gyroscope_y,p_gyroscope_z
0,2023-04-01 14:54:33.638,-0.27822626,-0.11931615,0.047341388
1,2023-04-01 14:54:33.653,-0.41724327,-0.061259244,-0.038412403
2,2023-04-01 14:54:33.673,-0.50086653,-0.12890354,-0.025629228
3,2023-04-01 14:54:33.695,-0.5530645,-0.16885094,0.017513983
4,2023-04-01 14:54:33.714,-0.534955,-0.11718562,0.053732973
5,2023-04-01 14:54:33.737,-0.3975359,-0.0324971,0.060657192
6,2023-04-01 14:54:33.752,-0.18022193,0.04153878,0.021242408
7,2023-04-01 14:54:33.771,-0.021497529,0.07615988,-0.0005955135
8,2023-04-01 14:54:33.796,0.017384622,0.07669251,-0.0048565716
9,2023-04-01 14:54:33.812,0.016319357,0.10332412,-0.0011281457
10,2023-04-01 14:54:33.832,0.029637799,0.14913191,0.010588884
11,2023-04-01 14:54:33.852,-0.0039180294,0.12942451,0.034557335
12,2023-04-01 14:54:33.878,-0.1408045,0.07935709,0.055862624
13,2023-04-01 14:54:33.894,-0.27982154,0.05112757,0.07077633
14,2023-04-01 14:54:33.914,-0.29313734,0.030354919,0.08462477
15,2023-04-01 14:54:33.932,-0.20738353,0.035148606,0.08888583
16,2023-04-01 14:54:33.956,-0.100857094,0.06817181,0.07929844
17,2023-04-01 14:54:33.973,-0.03960439,0.06817181,0.07077633
18,2023-04-01 14:54:33.993,-0.041202284,0.045268618,0.052134197
19,2023-04-01 14:54:34.012,-0.055583358,0.022365434,0.04094892
20,2023-04-01 14:54:34.031,-0.06357284,0.010114893,0.028165748
21,2023-04-01 14:54:34.050,-0.0976613,0.009582262,0.024437323
22,2023-04-01 14:54:34.073,-0.15678348,-0.014918821,0.027100483
23,2023-04-01 14:54:34.094,-0.1919372,-0.02876726,0.029231012
24,2023-04-01 14:54:34.113,-0.17968665,-0.041550435,0.034557335
25,2023-04-01 14:54:34.132,-0.1408045,-0.049539916,0.03349207
26,2023-04-01 14:54:34.151,-0.07369285,-0.03995254,0.0143173095
27,2023-04-01 14:54:34.173,0.027507272,-0.02929989,-0.011249037
28,2023-04-01 14:54:34.192,0.099945255,-0.0079946015,-0.027760636
29,2023-04-01 14:54:34.211,0.112728424,-0.0016030155,-0.025630107
30,2023-04-01 14:54:34.236,0.09355367,0.0037233068,-0.0075206114
31,2023-04-01 14:54:34.253,0.07544417,-0.01704935,0.0020667687
32,2023-04-01 14:54:34.272,0.07437891,-0.028234627,0.0015341365
33,2023-04-01 14:54:34.293,0.099945255,-0.020777775,-0.0059227147
34,2023-04-01 14:54:34.312,0.13296846,-0.034093585,-0.011781669
35,2023-04-01 14:54:34.335,0.12764214,-0.035158847,-0.006455347
36,2023-04-01 14:54:34.354,0.07703943,-0.028768675,-0.0005955135
37,2023-04-01 14:54:34.371,0.03549412,-0.03942132,-0.001660778
38,2023-04-01 14:54:34.392,0.05733204,-0.038356055,-0.010182893
39,2023-04-01 14:54:34.412,0.12124791,-0.017050765,-0.021900803
40,2023-04-01 14:54:34.434,0.15640163,0.011711374,-0.027759757
41,2023-04-01 14:54:34.453,0.13616161,0.020766122,-0.0234987
42,2023-04-01 14:54:34.466,0.09035524,0.002123994,-0.014443951
43,2023-04-01 14:54:34.492,0.041353073,-0.009593915,-0.010715526
44,2023-04-01 14:54:34.509,0.0030035526,-0.02077919,-0.007519732
45,2023-04-01 14:54:34.531,-0.034280702,-0.03196447,-0.0053892033
46,2023-04-01 14:54:34.550,-0.06677127,-0.04634554,-0.0069871005
47,2023-04-01 14:54:34.573,-0.058781788,-0.052204493,-0.022433434
48,2023-04-01 14:54:34.594,0.006199346,-0.03143184,-0.041608196
49,2023-04-01 14:54:34.612,0.07597417,-6.5348577e-06,-0.045869254
50,2023-04-01 14:54:34.632,0.070115216,0.002123994,-0.03095555
51,2023-04-01 14:54:34.648,0.004068817,-0.0149202375,-0.011248158
52,2023-04-01 14:54:34.672,-0.041204922,-0.014387605,0.0052634412
53,2023-04-01 14:54:34.691,-0.036943864,-0.009061283,0.011122396
54,2023-04-01 14:54:34.712,-0.026823852,-0.017050765,0.011655028
55,2023-04-01 14:54:34.732,-0.04013966,-0.02024656,0.01218766
56,2023-04-01 14:54:34.751,-0.048661776,-0.018648662,0.011122396
57,2023-04-01 14:54:34.769,-0.035345968,-0.009593915,0.011655028
58,2023-04-01 14:54:34.789,-0.016171208,-0.0048002247,0.0068613384
59,2023-04-01 14:54:34.811,-0.002855402,-0.012789709,-0.006454468
60,2023-04-01 14:54:34.835,0.0088625075,-0.013322341,-0.024031332
61,2023-04-01 14:54:34.849,0.013656196,-0.009061283,-0.030422918
62,2023-04-01 14:54:34.868,0.002473979,-0.011722801,-0.024564985
63,2023-04-01 14:54:34.892,-0.017233413,-0.014385962,-0.016042868
64,2023-04-01 14:54:34.915,-0.027353425,-0.019179653,-0.010183913
65,2023-04-01 14:54:34.931,-0.025755528,-0.016516492,-0.005390223
66,2023-04-01 14:54:34.950,-0.023625,-0.018647019,-0.0021944297
67,2023-04-01 14:54:34.966,-0.027886057,-0.023440711,-0.0011291653
68,2023-04-01 14:54:34.989,-0.018831309,-0.013320698,-0.0032596942
69,2023-04-01 14:54:35.005,0.008332933,-0.0032006856,-0.007520752
70,2023-04-01 14:54:35.030,0.023246637,-0.00426595,-0.0011291653
71,2023-04-01 14:54:35.049,0.015257153,-0.008527008,0.0036645248
72,2023-04-01 14:54:35.071,0.009398198,-0.012255433,-0.0037923264
73,2023-04-01 14:54:35.089,0.018452946,-0.011722801,-0.010716545
74,2023-04-01 14:54:35.107,0.027507694,-0.0032006856,-0.0085860165
75,2023-04-01 14:54:35.131,0.019518211,-0.014385962,-0.0032596942
76,2023-04-01 14:54:35.148,-0.0017870788,-0.009059641,0.0015339958
77,2023-04-01 14:54:35.167,0.002473979,0.0021256367,0.005795053
78,2023-04-01 14:54:35.189,0.016322417,-0.02131018,0.006327686
79,2023-04-01 14:54:35.208,0.008865566,-0.022375446,0.0031318925
80,2023-04-01 14:54:35.228,0.0030066113,-0.012255433,0.0025992603
81,2023-04-01 14:54:35.249,0.0003434501,-0.0037333178,0.004197157
82,2023-04-01 14:54:35.270,0.004604508,0.00532143,0.004729789
83,2023-04-01 14:54:35.290,0.02377927,-0.0021354211,0.006327686
84,2023-04-01 14:54:35.310,0.037095074,-0.019179653,0.0089908475
85,2023-04-01 14:54:35.325,0.028040327,-0.031430196,0.0025992603
86,2023-04-01 14:54:35.349,0.012593991,-0.021842815,-0.010183913
87,2023-04-01 14:54:35.365,0.012061358,-0.0111901695,-0.017640766
88,2023-04-01 14:54:35.390,0.02164874,-0.021842815,-0.016042868
89,2023-04-01 14:54:35.408,0.02164874,-0.018114388,-0.009118648
90,2023-04-01 14:54:35.430,0.011528727,-0.0037333178,-0.0037923264
91,2023-04-01 14:54:35.450,0.0056697717,-0.0058638463,0.0004687314
92,2023-04-01 14:54:35.470,0.0078003006,-0.0111901695,-6.3900836e-05
93,2023-04-01 14:54:35.489,0.006735037,-0.00053752447,-0.005390223
94,2023-04-01 14:54:35.509,0.0035392435,0.011180385,-0.00698812
95,2023-04-01 14:54:35.528,0.0056697717,0.016506705,-0.0021944297
96,2023-04-01 14:54:35.544,0.014191887,0.015441443,0.0036645248
97,2023-04-01 14:54:35.565,0.0062024044,0.012778281,0.008458215
98,2023-04-01 14:54:35.586,-0.022559734,0.01703934,0.0089908475
99,2023-04-01 14:54:35.607,-0.04493029,0.016506705,0.0089908475
100,2023-04-01 14:54:35.629,-0.04919135,0.018104602,0.0073929504
101,2023-04-01 14:54:35.650,-0.04226713,0.027159352,0.0052624214
102,2023-04-01 14:54:35.669,-0.043332394,0.026094086,0.005795053
103,2023-04-01 14:54:35.685,-0.05877873,0.010647752,0.007925582
104,2023-04-01 14:54:35.711,-0.063572414,-0.0053312145,0.0068603186
105,2023-04-01 14:54:35.728,-0.03800607,0.0063866945,0.0004687314
106,2023-04-01 14:54:35.748,-0.015635516,0.021300398,-0.0043249587
107,2023-04-01 14:54:35.766,-0.024690265,0.004788798,-0.009118648
108,2023-04-01 14:54:35.789,-0.04279976,-0.0074617434,-0.013379707
109,2023-04-01 14:54:35.812,-0.035875544,-0.0069291117,-0.014977603
110,2023-04-01 14:54:35.826,-0.031614482,-0.012788066,-0.016042868
111,2023-04-01 14:54:35.846,-0.04919135,-0.009059641,-0.018706027
112,2023-04-01 14:54:35.867,-0.050256614,-0.0032006856,-0.016042868
113,2023-04-01 14:54:35.881,-0.030549219,-0.0032006856,-0.012314442
114,2023-04-01 14:54:35.901,-0.032681752,-0.0047996584,-0.012846407
115,2023-04-01 14:54:35.923,-0.054519676,-0.0047996584,-0.014976935
116,2023-04-01 14:54:35.942,-0.06890074,-0.013854405,-0.018172728
117,2023-04-01 14:54:35.962,-0.06037863,-0.016517567,-0.023499051
118,2023-04-01 14:54:35.983,-0.031616487,-0.01012598,-0.028825374
119,2023-04-01 14:54:36.005,-0.014572255,-0.004267026,-0.034151692
120,2023-04-01 14:54:36.026,-0.050258618,-0.07563974,-0.048532765
121,2023-04-01 14:54:36.049,-0.1290882,-0.21891782,-0.07782754
122,2023-04-01 14:54:36.068,-0.19726512,-0.29508424,-0.0820886
123,2023-04-01 14:54:36.083,-0.23241884,-0.31159583,-0.043739073
124,2023-04-01 14:54:36.106,-0.25052834,-0.3653917,0.016448366
125,2023-04-01 14:54:36.130,-0.2633115,-0.44901496,0.06811369
126,2023-04-01 14:54:36.147,-0.20738512,-0.46499392,0.073440015
127,2023-04-01 14:54:36.163,-0.014572255,-0.41386122,0.031894702
128,2023-04-01 14:54:36.185,0.34069344,-0.3110632,-0.06131594
129,2023-04-01 14:54:36.204,0.7513529,-0.2466147,-0.19980033
130,2023-04-01 14:54:36.225,1.0395069,-0.2087978,-0.29301095
131,2023-04-01 14:54:36.247,1.1295217,-0.13369666,-0.28608674
132,2023-04-01 14:54:36.264,1.0975639,-0.01491967,-0.23229088
133,2023-04-01 14:54:36.288,1.0027553,0.09480257,-0.15825501
134,2023-04-01 14:54:36.305,0.8291172,0.13261946,-0.07836017
135,2023-04-01 14:54:36.328,0.6272496,0.1416742,-0.021368522
136,2023-04-01 14:54:36.348,0.47971046,0.18588269,0.018046262
137,2023-04-01 14:54:36.366,0.43177354,0.22210167,0.042014714
138,2023-04-01 14:54:36.388,0.4807757,0.32649758,0.049471565
139,2023-04-01 14:54:36.403,0.58943266,0.47989565,0.041482083
140,2023-04-01 14:54:36.429,0.71672904,0.5608543,0.010590326
141,2023-04-01 14:54:36.443,0.85894185,0.601867,-0.032020252
142,2023-04-01 14:54:36.467,0.99582833,0.6348902,-0.084750846
143,2023-04-01 14:54:36.491,1.1076812,0.6892187,-0.12895933
144,2023-04-01 14:54:39.655,0.07597902,-0.062321898,-0.0464035
145,2023-04-01 14:54:39.676,0.4621374,0.23328899,-0.07836144
146,2023-04-01 14:54:39.691,0.41313523,0.25406164,-0.047468767
147,2023-04-01 14:54:39.711,0.12870961,0.007452922,-0.010717143
148,2023-04-01 14:54:39.730,-0.1242907,-0.07936613,0.008457617
149,2023-04-01 14:54:39.750,-0.13867177,0.000528703,0.0015333982
150,2023-04-01 14:54:39.771,0.028042119,0.08734775,-0.03202243
151,2023-04-01 14:54:39.790,0.088762194,0.073499314,-0.05386035
152,2023-04-01 14:54:39.811,-0.1541181,-0.0788335,-0.07569828
153,2023-04-01 14:54:39.829,-0.6052576,-0.24341685,-0.106058314
154,2023-04-01 14:54:39.862,-0.90406424,-0.29827797,-0.16784365
155,2023-04-01 14:54:39.870,-0.8502684,-0.28815797,-0.2988712
156,2023-04-01 14:54:39.891,-0.6782282,-0.3238443,-0.47730297
157,2023-04-01 14:54:39.909,-0.711784,-0.3914886,-0.61845046
158,2023-04-01 14:54:39.932,-0.9504033,-0.43836024,-0.6402884
159,2023-04-01 14:54:39.950,-1.2683847,-0.6455542,-0.5795683
160,2023-04-01 14:54:39.977,-1.505406,-0.783506,-0.53962094
161,2023-04-01 14:54:39.998,-1.5133955,-0.75048274,-0.4746398
162,2023-04-01 14:54:40.016,-1.3940859,-0.705209,-0.36172178
163,2023-04-01 14:54:40.036,-1.3424206,-0.6870995,-0.22856373
164,2023-04-01 14:54:40.058,-1.3791753,-0.59495574,-0.107122555
165,2023-04-01 14:54:40.074,-1.2891605,-0.49428827,-0.08208884
166,2023-04-01 14:54:40.090,-0.9418843,-0.53210515,-0.14387417
167,2023-04-01 14:54:40.115,-0.43535098,-0.52837676,-0.18914792
168,2023-04-01 14:54:40.131,-0.042801023,-0.46552613,-0.18541948
169,2023-04-01 14:54:40.153,0.053072777,-0.400545,-0.13215627
170,2023-04-01 14:54:40.177,-0.11097795,-0.33875966,-0.035217203
171,2023-04-01 14:54:40.195,-0.4060562,-0.27431116,0.063852385
172,2023-04-01 14:54:40.212,-0.65053445,-0.17683949,0.15120408
173,2023-04-01 14:54:40.233,-0.6761008,-0.07617198,0.23802313
174,2023-04-01 14:54:40.255,-0.45985207,-0.015451907,0.2673179
175,2023-04-01 14:54:40.274,-0.057182096,0.00052706036,0.18902096
176,2023-04-01 14:54:40.293,0.36040157,0.013310234,0.07663556
177,2023-04-01 14:54:40.313,0.53936595,0.037811317,0.015915489
178,2023-04-01 14:54:40.335,0.39129424,0.037811317,0.008458637
179,2023-04-01 14:54:40.358,0.035495915,0.080421895,0.06758081
180,2023-04-01 14:54:40.375,-0.14879484,0.074562944,0.13309458
181,2023-04-01 14:54:40.395,0.024310635,-0.058062483,0.109658755
182,2023-04-01 14:54:40.411,0.34335735,-0.23915745,-0.0016613756
183,2023-04-01 14:54:40.435,0.55108386,-0.3840334,-0.16731
184,2023-04-01 14:54:40.449,0.56013864,-0.36805442,-0.2828912
185,2023-04-01 14:54:40.475,0.44402483,-0.21625426,-0.28981543
186,2023-04-01 14:54:40.492,0.36306474,0.04047448,-0.332426
187,2023-04-01 14:54:40.514,0.2698541,0.3286285,-0.41764715
188,2023-04-01 14:54:40.532,-0.033746276,0.38988122,-0.36438394
189,2023-04-01 14:54:40.554,-0.33468348,0.45273182,-0.14813523
190,2023-04-01 14:54:40.573,-0.3069866,0.50173396,-0.03894563
191,2023-04-01 14:54:40.590,0.01632115,0.40159914,-0.011248756
192,2023-04-01 14:54:40.614,0.48237434,-0.025039285,-0.018705606
193,2023-04-01 14:54:40.634,0.90954536,-0.22477637,-0.039478265
194,2023-04-01 14:54:40.655,0.96067804,0.11557562,0.13415985
195,2023-04-01 14:54:40.672,0.6192608,0.29773584,0.35147378
196,2023-04-01 14:54:40.694,0.20593822,0.1549904,0.4345644
197,2023-04-01 14:54:40.717,0.0008748167,0.044735536,0.41112858
198,2023-04-01 14:54:40.734,0.0088643,0.009581808,0.4063349
199,2023-04-01 14:54:40.753,0.12018444,0.05112712,0.39994332
200,2023-04-01 14:54:40.770,0.29275727,0.05112712,0.33815798
201,2023-04-01 14:54:40.792,0.5383007,0.06337766,0.25506735
202,2023-04-01 14:54:40.810,0.7928989,0.15392514,0.17623779
203,2023-04-01 14:54:40.834,0.9175348,0.19440518,0.11285455
204,2023-04-01 14:54:40.853,0.8200632,0.19493781,0.040949203
205,2023-04-01 14:54:40.873,0.54256177,0.19333991,-0.01231402
206,2023-04-01 14:54:40.892,0.27411515,0.18854623,-0.036282472
207,2023-04-01 14:54:40.913,0.1329676,0.25299475,-0.06397935
208,2023-04-01 14:54:40.934,0.07757386,0.39360964,-0.053326704
209,2023-04-01 14:54:40.951,-0.038007334,0.5416814,-0.01231402
210,2023-04-01 14:54:40.973,-0.31923714,0.5054624,0.022307074
211,2023-04-01 14:54:40.989,-0.60792387,0.21411258,0.07557029
212,2023-04-01 14:54:41.014,-0.55039954,-0.06551933,0.10752823
213,2023-04-01 14:54:41.032,-0.30538872,-0.3259765,0.15280198
214,2023-04-01 14:54:41.052,-0.15678433,-0.53476834,0.15919356
215,2023-04-01 14:54:41.075,-0.11523901,-0.65141475,0.032427087
216,2023-04-01 14:54:41.095,-0.22176303,-0.6668598,-0.13109182
217,2023-04-01 14:54:41.108,-0.6361509,-0.63117343,-0.25839093
218,2023-04-01 14:54:41.131,-1.4180549,-0.55980074,-0.18169188
219,2023-04-01 14:54:41.152,-2.0268538,-0.3952174,-0.04800119
220,2023-04-01 14:54:41.184,-2.0156684,-0.26205933,-0.039479073
221,2023-04-01 14:54:41.187,-1.6098026,-0.28016883,-0.081024386
222,2023-04-01 14:54:41.207,-1.1794357,-0.35953104,-0.10126441
223,2023-04-01 14:54:41.225,-0.74321,-0.2679183,-0.14334236
224,2023-04-01 14:54:41.251,-0.21270828,-0.12890127,-0.16837607
225,2023-04-01 14:54:41.270,0.19795117,-0.020776926,-0.18968137
226,2023-04-01 14:54:41.289,0.32418498,0.05166106,-0.26851094
227,2023-04-01 14:54:41.309,0.19635327,0.12622957,-0.33508995
228,2023-04-01 14:54:41.333,-0.10351868,0.23808233,-0.30526257
229,2023-04-01 14:54:41.352,-0.33787686,0.29454133,-0.19500768
230,2023-04-01 14:54:41.372,-0.29633155,0.30838978,-0.06557805
231,2023-04-01 14:54:41.390,-0.087007076,0.30253083,-0.012314828
232,2023-04-01 14:54:41.412,0.11059948,0.3004003,0.0063272994
233,2023-04-01 14:54:41.432,0.19954906,0.3004003,0.031361014
234,2023-04-01 14:54:41.451,0.14468795,0.2391476,0.031893644
235,2023-04-01 14:54:41.471,0.069054164,0.21624441,0.00046834466
236,2023-04-01 14:54:41.487,0.05733626,0.24926762,0.008990461
237,2023-04-01 14:54:41.512,0.04082466,0.212516,0.071308434
238,2023-04-01 14:54:41.532,0.03603097,0.08521689,0.103266366
239,2023-04-01 14:54:41.554,0.25387755,-0.14381497,0.06811264
240,2023-04-01 14:54:41.573,0.78917295,-0.2253077,-0.012314828
241,2023-04-01 14:54:41.592,1.2733357,0.0031915242,-0.083687544
242,2023-04-01 14:54:41.613,1.2158086,0.12942389,-0.13215616
243,2023-04-01 14:54:41.629,0.7183301,0.3099862,-0.14493933
244,2023-04-01 14:54:41.652,0.35986862,0.613054,-0.09593718
245,2023-04-01 14:54:41.667,0.40194654,0.6205108,-0.0187055
246,2023-04-01 14:54:41.692,0.65281636,0.46072114,0.05053669
247,2023-04-01 14:54:41.706,0.96760195,0.30838832,0.13629048
248,2023-04-01 14:54:41.731,1.3218025,0.20292714,0.23322955
249,2023-04-01 14:54:41.752,1.5827923,0.22103663,0.3168528
250,2023-04-01 14:54:41.770,1.6568282,0.18162185,0.35680023
251,2023-04-01 14:54:41.788,1.5417796,0.029821662,0.29661277
252,2023-04-01 14:54:41.810,1.1662738,-0.10493429,0.27264434
253,2023-04-01 14:54:41.830,0.5484204,-0.10972798,0.35893077
254,2023-04-01 14:54:41.852,-0.040670812,-0.043148953,0.40313923
255,2023-04-01 14:54:41.867,-0.31870484,-0.05167107,0.35680023
256,2023-04-01 14:54:41.888,-0.30379114,-0.06924793,0.27104643
257,2023-04-01 14:54:41.912,-0.17755729,-0.04741001,0.14960629
258,2023-04-01 14:54:41.931,-0.031083433,-0.0063973283,0.0292314
259,2023-04-01 14:54:41.950,0.090356715,0.01011427,-0.031488676
260,2023-04-01 14:54:41.966,0.104205154,0.0074511096,-0.040543422
261,2023-04-01 14:54:41.992,-0.108847745,-0.05912792,-0.043739215
262,2023-04-01 14:54:42.003,-0.44600394,-0.07404162,-0.022433925
263,2023-04-01 14:54:42.024,-0.6846232,-0.07350899,0.028698768
264,2023-04-01 14:54:42.042,-0.7458759,-0.03995316,0.054797746
265,2023-04-01 14:54:42.064,-0.7192443,0.039941676,0.08302725
266,2023-04-01 14:54:42.084,-0.7639854,0.062312227,0.12936626
267,2023-04-01 14:54:42.105,-0.8364234,-0.023974193,0.17197683
268,2023-04-01 14:54:42.128,-0.84441286,-0.120380625,0.2587959
269,2023-04-01 14:54:42.147,-0.8364234,-0.22477654,0.29128647
270,2023-04-01 14:54:42.166,-0.72457063,-0.35899988,0.18262948
271,2023-04-01 14:54:42.190,-0.4667766,-0.47777686,0.0020671554
272,2023-04-01 14:54:42.208,-0.28408375,-0.5614001,-0.12469932
273,2023-04-01 14:54:42.230,-0.49553874,-0.47777686,-0.1177751
274,2023-04-01 14:54:42.251,-1.068651,-0.2838987,-0.07250136
275,2023-04-01 14:54:42.269,-1.5048767,-0.19974282,-0.05918555
276,2023-04-01 14:54:42.289,-1.5283126,-0.22051549,-0.0123139145
277,2023-04-01 14:54:42.309,-1.3333691,-0.22797233,0.10752834
278,2023-04-01 14:54:42.329,-0.883295,-0.060725816,0.094212525
279,2023-04-01 14:54:42.348,-0.16850254,0.03887641,-0.08102348
280,2023-04-01 14:54:42.369,0.43124133,0.022897443,-0.2253668
281,2023-04-01 14:54:42.387,0.64535946,0.03141956,-0.33988273
282,2023-04-01 14:54:42.409,0.56706256,0.11078176,-0.4187123
283,2023-04-01 14:54:42.428,0.3731844,0.24979877,-0.40805966
284,2023-04-01 14:54:42.450,0.21073161,0.30252936,-0.29833743
285,2023-04-01 14:54:42.475,0.20487265,0.29187673,-0.15452671
286,2023-04-01 14:54:42.488,0.33749807,0.27696303,-0.04267395
287,2023-04-01 14:54:42.505,0.42538238,0.26258194,0.030296665
288,2023-04-01 14:54:42.527,0.3279107,0.1890787,0.07503777
289,2023-04-01 14:54:42.550,0.16705576,0.023430075,0.03881878
290,2023-04-01 14:54:42.567,0.14521784,-0.1283701,-0.022966558
291,2023-04-01 14:54:42.589,0.2639948,-0.17417648,-0.029358145
292,2023-04-01 14:54:42.607,0.47065613,-0.011191019,-0.0032591668
293,,,,
294,,,,
295,,,,
296,,,,
297,,,,
298,,,,
299,,,,
300,,,,
301,,,,
302,,,,
