2023-04-10 16:24:13.766,0.804,0.32,2.389
2023-04-10 16:24:13.786,1.113,0.869,1.509
2023-04-10 16:24:13.806,0.53,0.24,0.575
2023-04-10 16:24:13.826,-0.111,-0.621,-0.034
2023-04-10 16:24:13.846,-0.427,-0.96,-0.385
2023-04-10 16:24:13.866,-0.713,-0.705,-0.465
2023-04-10 16:24:13.886,-1.159,0.16,-0.423
2023-04-10 16:24:13.906,-1.136,0.819,-0.179
2023-04-10 16:24:13.926,-0.896,0.949,-0.061
2023-04-10 16:24:13.946,-0.476,0.305,-0.053
2023-04-10 16:24:13.966,0.015,-0.587,0.004
2023-04-10 16:24:13.986,0.088,-0.899,0.05
2023-04-10 16:24:14.006,-0.053,-0.366,-0.023
2023-04-10 16:24:14.026,0.038,0.61,0.05
2023-04-10 16:24:14.046,-0.366,1.345,0.149
2023-04-10 16:24:14.066,-1.147,1.425,0.252
2023-04-10 16:24:14.086,-1.204,0.995,0.046
2023-04-10 16:24:14.106,0.164,2.1,-0.495
2023-04-10 16:24:14.126,1.204,2.431,-0.85
2023-04-10 16:24:14.146,1.437,0.191,-0.229
2023-04-10 16:24:14.166,1.025,-0.553,1.326
2023-04-10 16:24:14.186,0.065,0.556,2.717
2023-04-10 16:24:14.206,2.024,3.872,4.242
2023-04-10 16:24:14.226,8.129,17.325,3.792
2023-04-10 16:24:14.246,12.565,41.505,-1.044
2023-04-10 16:24:14.266,9.375,54.935,-3.533
2023-04-10 16:24:14.286,0.617,39.63,-3.224
2023-04-10 16:24:14.306,4.527,29.539,-2.389
2023-04-10 16:24:14.326,6.452,16.799,2.66
2023-04-10 16:24:14.346,6.955,-32.595,10.103
2023-04-10 16:24:14.366,7.329,-49.116,17.931
2023-04-10 16:24:14.386,5.953,-44.28,24.2
2023-04-10 16:24:14.406,15.8,-47.542,34.337
2023-04-10 16:24:14.426,97.123,0.747,77.706
2023-04-10 16:24:14.446,52.71,-4.177,78.75
2023-04-10 16:24:14.466,25.259,-14.402,77.081
2023-04-10 16:24:14.486,11.059,-14.402,71.094
2023-04-10 16:24:14.506,-25.008,-49.322,59.939
2023-04-10 16:24:14.526,-36.593,-79.543,61.216
2023-04-10 16:24:14.546,-36.105,-98.655,67.188
2023-04-10 16:24:14.566,-34.531,-96.402,78.335
2023-04-10 16:24:14.586,-30.743,-92.813,94.924
2023-04-10 16:24:14.606,-30.758,-88.72,103.377
2023-04-10 16:24:14.626,-45.972,-90.438,109.333
2023-04-10 16:24:14.646,-54.409,-102.782,123.228
2023-04-10 16:24:14.666,-61.944,-120.652,124.874
2023-04-10 16:24:14.686,-67.462,-124.874,124.718
2023-04-10 16:24:14.706,-70.488,-124.806,124.813
2023-04-10 16:24:14.726,-93.197,-124.752,124.874
2023-04-10 16:24:14.746,-109.886,-124.874,124.874
2023-04-10 16:24:14.766,-107.355,-124.874,124.874
2023-04-10 16:24:14.786,-100.796,-124.874,124.874
2023-04-10 16:24:14.806,-81.57,-124.874,124.566
2023-04-10 16:24:14.826,-46.094,-115.232,108.689
2023-04-10 16:24:14.846,-21.986,-63.239,70.96
2023-04-10 16:24:14.866,-12.073,-26.193,45.606
2023-04-10 16:24:14.886,-10.091,-14.878,33.331
2023-04-10 16:24:14.906,-14.104,-4.897,24.893
2023-04-10 16:24:14.926,-14.672,11.28,20.602
2023-04-10 16:24:14.946,-11.361,38.213,14.809
2023-04-10 16:24:14.966,-5.373,66.216,6.563
2023-04-10 16:24:14.986,9.466,97.107,-5.85
2023-04-10 16:24:15.006,24.768,122.561,-22.671
2023-04-10 16:24:15.086,48.678,99.261,-24.851
2023-04-10 16:24:15.106,37.325,83.304,-30.457
2023-04-10 16:24:15.146,-34.676,-24.741,3.655
2023-04-10 16:24:15.166,-19.196,-8.155,14.802
2023-04-10 16:24:15.186,-13.59,18.209,10.572
2023-04-10 16:24:15.206,-13.62,21.311,-0.084
2023-04-10 16:24:15.226,-11.029,15.648,-9.935
2023-04-10 16:24:15.246,-6.814,12.332,-17.832
2023-04-10 16:24:15.266,-2.287,13.182,-22.264
2023-04-10 16:24:15.286,4.55,13.487,-27.984
2023-04-10 16:24:15.306,15.503,20.621,-34.386
2023-04-10 16:24:15.326,19.962,29.577,-37.626
2023-04-10 16:24:15.346,19.055,31.597,-38.529
2023-04-10 16:24:15.366,16.482,26.509,-40.415
2023-04-10 16:24:15.386,21.437,16.764,-40.583
2023-04-10 16:24:15.406,27.386,6.871,-39.234
2023-04-10 16:24:15.426,22.881,-9.909,-41.902
2023-04-10 16:24:15.446,13.582,-24.451,-46.715
2023-04-10 16:24:15.466,7.363,-29.04,-49.878
2023-04-10 16:24:15.486,7.561,-28.365,-50.808
2023-04-10 16:24:15.506,12.698,-29.649,-49.794
2023-04-10 16:24:15.526,18.346,-27.264,-49.181
2023-04-10 16:24:15.546,27.904,-19.089,-46.947
2023-04-10 16:24:15.566,33.003,-19.733,-46.09
2023-04-10 16:24:15.586,30.095,-30.972,-49.101
2023-04-10 16:24:15.606,27.546,-36.181,-52.9
2023-04-10 16:24:15.626,26.517,-33.83,-54.508
2023-04-10 16:24:15.646,21.582,-38.639,-54.878
2023-04-10 16:24:15.666,19.394,-41.498,-53.54
2023-04-10 16:24:15.686,24.901,-24.817,-52.912
2023-04-10 16:24:15.706,15.675,-25.454,-51.46
2023-04-10 16:24:15.726,3.659,-43.197,-42.912
2023-04-10 16:24:15.746,-1.665,-44.646,-28.354
2023-04-10 16:24:15.766,-4.6,-27.119,-17.809
2023-04-10 16:24:15.786,-6.296,3.457,-12.424
2023-04-10 16:24:15.806,-17.572,18.338,-14.348
2023-04-10 16:24:15.826,-22.565,7.248,-17.565
2023-04-10 16:24:15.846,-13.99,-8.941,-16.349
2023-04-10 16:24:15.866,-1.391,-20.175,-9.764
2023-04-10 16:24:15.886,1.639,-27.191,0.884
2023-04-10 16:24:15.906,-4.722,-23.468,15.556
2023-04-10 16:24:15.926,-19.15,3.651,26.997
2023-04-10 16:24:15.946,-21.071,41.502,25.194
2023-04-10 16:24:15.966,-24.367,60.644,10.602
2023-04-10 16:24:15.986,-20.534,60.808,-2.119
2023-04-10 16:24:16.006,-27.058,32.893,-16.574
2023-04-10 16:24:16.026,-37.954,-7.626,-29.623
2023-04-10 16:24:16.046,-37.454,-41.136,-29.848
2023-04-10 16:24:16.066,-29.737,-42.188,-21.204
2023-04-10 16:24:16.086,-10.282,-2.82,-21.178
2023-04-10 16:24:16.106,14.657,55.118,-35.252
2023-04-10 16:24:16.126,42.938,90.644,-47.717
2023-04-10 16:24:16.146,69.748,60.244,-44.413
2023-04-10 16:24:16.166,68.258,-6.467,-30.24
2023-04-10 16:24:16.186,25.629,-21.909,-15.751
2023-04-10 16:24:16.206,-10.354,65.423,-21.338
2023-04-10 16:24:16.226,-10.492,124.874,-29.634
2023-04-10 16:24:16.246,-12.283,43.319,-23.354
2023-04-10 16:24:16.266,-13.811,-41.643,-7.161
2023-04-10 16:24:16.286,3.441,-41.223,5.915
2023-04-10 16:24:16.306,14.756,-22.146,15.385
2023-04-10 16:24:16.326,13.35,-29.486,24.745
2023-04-10 16:24:16.346,-2.066,-60.183,23.883
2023-04-10 16:24:16.366,-14.604,-58.51,14.588
2023-04-10 16:24:16.386,-12.248,-14.009,11.905
2023-04-10 16:24:16.406,-24.996,8.068,11.818
2023-04-10 16:24:16.426,-28.281,-17.485,10.972
2023-04-10 16:24:16.446,-12.005,-22.744,9.855
2023-04-10 16:24:16.466,-4.508,-10.896,4.432
2023-04-10 16:24:16.486,20.358,-7.923,8.296
2023-04-10 16:24:16.506,20.743,-6.193,8.746
2023-04-10 16:24:16.526,5.335,-6.38,8.022
2023-04-10 16:24:16.546,-5.427,-1.395,6.159
2023-04-10 16:24:16.566,-2.317,9.646,4.569
2023-04-10 16:24:16.586,-1.204,16.521,-0.503
2023-04-10 16:24:16.606,-2.1,8.864,-2.157
2023-04-10 16:24:16.626,5.179,1.662,-1.444
2023-04-10 16:24:16.646,7.466,2.412,-4.954
2023-04-10 16:24:16.666,18.819,4.002,-9.752
2023-04-10 16:24:16.686,25.069,-4.752,-20.408
2023-04-10 16:24:16.706,36.94,-24.158,-28.647
2023-04-10 16:24:16.726,24.116,-26.776,-20.823
2023-04-10 16:24:16.746,-51.326,-37.42,-16.845
2023-04-10 16:24:16.766,-57.039,-36.223,-3.944
2023-04-10 16:24:16.786,-16.959,16.715,-2.652
2023-04-10 16:24:16.806,-0.953,28.178,-12.454
2023-04-10 16:24:16.826,13.251,9.074,-10.03
2023-04-10 16:24:16.846,16.875,12.279,-2.443
2023-04-10 16:24:16.866,14.451,21.593,-0.126
2023-04-10 16:24:16.886,14.524,6.296,0.865
2023-04-10 16:24:16.906,9.15,-22.039,5.107
2023-04-10 16:24:16.926,-7.176,-46.463,14.017
2023-04-10 16:24:16.946,-28.72,-36.41,17.245
2023-04-10 16:24:16.966,-34.108,15.587,14.402
2023-04-10 16:24:16.986,-30.297,67.268,10.93
2023-04-10 16:24:17.006,-31.917,75.572,5.61
2023-04-10 16:24:17.026,-38.418,45.61,-0.972
2023-04-10 16:24:17.046,-47.008,5.103,-7.523
2023-04-10 16:24:17.066,-53.19,-26.62,-13.06
2023-04-10 16:24:17.086,-53.06,-35.903,-15.595
2023-04-10 16:24:17.106,-46.78,-17.309,-17.82
2023-04-10 16:24:17.126,-38.354,22.283,-18.434
2023-04-10 16:24:17.146,-28.834,66.7,-18.746
2023-04-10 16:24:17.166,-35.08,84.413,-25.469
2023-04-10 16:24:17.186,-31.014,61.94,-31.212
2023-04-10 16:24:17.206,-22.706,20.24,-38.274
2023-04-10 16:24:17.226,-13.982,-12.767,-38.422
2023-04-10 16:24:17.246,0.77,-14.684,-36.7
2023-04-10 16:24:17.266,21.33,-0.396,-33.601
2023-04-10 16:24:17.286,12.565,-6.463,-17.839
2023-04-10 16:24:17.306,-6.166,30.122,4.341
2023-04-10 16:24:17.326,-7.923,119.173,12.165
2023-04-10 16:24:17.346,4.992,124.874,9.059
2023-04-10 16:24:17.366,-10.332,77.088,-2.367
2023-04-10 16:24:17.386,-21.852,-11.383,-0.316
2023-04-10 16:24:17.406,-4.718,-35.103,17.839
2023-04-10 16:24:17.426,7.797,-28.224,35.484
2023-04-10 16:24:17.446,7.325,-47.321,43.498
2023-04-10 16:24:17.466,6.86,-46.018,41.452
2023-04-10 16:24:17.486,12.729,12.309,31.273
2023-04-10 16:24:17.506,21.517,49.405,24.889
2023-04-10 16:24:17.526,7.713,5.644,15.762
2023-04-10 16:24:17.546,-5.057,-43.51,5.545
2023-04-10 16:24:17.566,0.541,-36.315,-1.33
2023-04-10 16:24:17.586,13.815,-14.074,-4.066
2023-04-10 16:24:17.606,12.649,-6.784,-4.474
2023-04-10 16:24:17.626,6.94,0.587,-1.303
2023-04-10 16:24:17.646,-9.017,6.143,2.588
2023-04-10 16:24:17.666,-20.168,4.173,8.095
2023-04-10 16:24:17.686,-25.499,6.239,11.905
2023-04-10 16:24:17.706,-26.776,11.658,8.963
2023-04-10 16:24:17.726,-32.957,13.807,4.177
2023-04-10 16:24:17.746,-35.011,10.122,3.857
2023-04-10 16:24:17.766,-32.504,5.564,5.008
2023-04-10 16:24:17.786,-24.642,12.134,1.052
2023-04-10 16:24:17.806,-16.178,16.959,-6.768
2023-04-10 16:24:17.826,-10.983,3.232,-15.865
2023-04-10 16:24:17.846,-10.816,-14.539,-25.652
2023-04-10 16:24:17.866,14.39,-20.473,-31.429
2023-04-10 16:24:17.886,45.949,-9.44,-21.364
2023-04-10 16:24:17.906,-1.551,3.133,-3.925
2023-04-10 16:24:17.926,-52.645,-19.398,7.954
2023-04-10 16:24:17.946,-64.539,-17.321,1.048
2023-04-10 16:24:17.966,-37.226,45.091,-17.447
2023-04-10 16:24:17.986,-11.928,57.191,-25.56
2023-04-10 16:24:18.006,-10.659,7.553,-15.328
2023-04-10 16:24:18.026,-22.046,-19.729,4.371
2023-04-10 16:24:18.046,-34.276,-14.699,16.57
2023-04-10 16:24:18.066,-39.047,-3.518,13.746
2023-04-10 16:24:18.086,-49.28,5.034,2.801
2023-04-10 16:24:18.106,-61.273,9.234,-5.899
2023-04-10 16:24:18.126,-75.438,12.557,-10.678
2023-04-10 16:24:18.146,-90.248,24.596,-10.61
2023-04-10 16:24:18.166,-97.732,26.014,-8.685
2023-04-10 16:24:18.186,-105.282,10.617,-7.851
2023-04-10 16:24:18.206,-117.763,-4.234,-9.958
2023-04-10 16:24:18.226,-124.874,-12.489,-13.133
2023-04-10 16:24:18.246,-124.874,-7.729,-11.787
2023-04-10 16:24:18.266,-124.764,14.276,-5.419
2023-04-10 16:24:18.286,-124.874,46.894,-2.47
2023-04-10 16:24:18.306,-124.489,64.154,-12.241
2023-04-10 16:24:18.326,-117.622,40.24,-27.439
2023-04-10 16:24:18.346,-114.916,-5.141,-38.007
2023-04-10 16:24:18.366,-120.686,-22.5,-34.981
2023-04-10 16:24:18.386,-124.398,-5.648,-22.976
2023-04-10 16:24:18.406,-121.723,22.123,-18.441
2023-04-10 16:24:18.426,-100.602,42.466,-19.886
2023-04-10 16:24:18.446,-70.884,26.886,-12.801
2023-04-10 16:24:18.466,-59.516,-5.358,0.008
2023-04-10 16:24:18.486,-76.38,17.241,9.276
2023-04-10 16:24:18.506,-121.688,33.007,20.899
2023-04-10 16:24:18.526,-124.874,-8.864,45.911
2023-04-10 16:24:18.546,-124.226,-86.482,56.04
2023-04-10 16:24:18.566,-117.656,-104.802,53.068
2023-04-10 16:24:18.586,-92.321,-26.566,37.607
2023-04-10 16:24:18.606,-57.195,82.656,33.361
2023-04-10 16:24:18.626,-56.73,109.973,25.678
2023-04-10 16:24:18.646,-80.217,38.491,15.111
2023-04-10 16:24:18.666,-87.149,-30.743,9.23
2023-04-10 16:24:18.686,-86.117,-40.335,5.202
2023-04-10 16:24:18.706,-87.832,-9.432,-3.933
2023-04-10 16:24:18.726,-88.876,13.742,-4.665
2023-04-10 16:24:18.746,-98.373,27.42,4.909
2023-04-10 16:24:18.766,-107.416,42.9,15.454
2023-04-10 16:24:18.806,-112.675,20.069,18.544
2023-04-10 16:24:18.826,-100.694,18.178,15.21
2023-04-10 16:24:18.846,-86.608,22.851,12.104
2023-04-10 16:24:18.866,-86.776,26.441,7.771
2023-04-10 16:24:18.886,-91.353,33.239,8.716
2023-04-10 16:24:18.906,-90.865,22.348,13.887
2023-04-10 16:24:18.926,-102.405,-20.198,15.659
2023-04-10 16:24:18.946,-107.79,-39.478,20.587
2023-04-10 16:24:18.966,-95.739,-7.062,26.62
2023-04-10 16:24:18.986,-73.117,48.377,32.389
2023-04-10 16:24:19.006,-51.745,89.726,32.988
2023-04-10 16:24:19.026,-52.595,88.849,27.195
2023-04-10 16:24:19.046,-68.952,75.32,17.873
2023-04-10 16:24:19.066,-75.587,85.537,1.048
2023-04-10 16:24:19.086,-80.678,87.325,-20.819
2023-04-10 16:24:19.106,-93.319,70.751,-39.649
2023-04-10 16:24:19.126,-94.909,57.969,-56.109
2023-04-10 16:24:19.146,-82.008,38.944,-62.912
2023-04-10 16:24:19.166,-70.831,-10.724,-43.937
2023-04-10 16:24:19.186,-99.268,-79.546,-26.883
2023-04-10 16:24:19.206,-124.874,-124.874,5.061
2023-04-10 16:24:19.226,-124.874,-84.691,70.393
2023-04-10 16:24:19.246,-111.254,118.754,66.197
2023-04-10 16:24:19.266,-35.877,124.874,35.495
2023-04-10 16:24:19.286,-13.792,72.47,21.555
2023-04-10 16:24:19.306,-18.712,4.421,20.743
2023-04-10 16:24:19.326,-16.414,23.338,21.082
2023-04-10 16:24:19.346,-32.87,30.949,17.877
2023-04-10 16:24:19.366,-47.824,3.845,12.031
2023-04-10 16:24:19.386,-48.399,-18.75,3.655
2023-04-10 16:24:19.406,-48.582,-19.493,-1.326
2023-04-10 16:24:19.426,-53.563,-9.47,2.851
2023-04-10 16:24:19.446,-63.285,7.355,13.67
2023-04-10 16:24:19.466,-70.252,32.039,26.452
2023-04-10 16:24:19.486,-55.32,49.013,33.472
2023-04-10 16:24:19.506,-34.627,42.877,26.852
2023-04-10 16:24:19.526,-13.262,20.553,15.271
2023-04-10 16:24:19.546,-11.212,-4.295,2.824
2023-04-10 16:24:19.566,-13.293,0.133,-4.409
2023-04-10 16:24:19.586,-14.394,14.261,-4.2
2023-04-10 16:24:19.606,-15.633,16.791,-1.612
2023-04-10 16:24:19.626,-17.123,9.71,-1.193
2023-04-10 16:24:19.646,-23.266,-2.443,-2.424
2023-04-10 16:24:19.666,-33.929,-11.242,-2.511
2023-04-10 16:24:19.686,-44.52,-14.931,-3.213
2023-04-10 16:24:19.706,-50.854,-17.607,-6.471
2023-04-10 16:24:19.726,-48.175,-8.681,-10.983
2023-04-10 16:24:19.746,-37.774,0.808,-13.304
2023-04-10 16:24:19.766,-27.546,-3.678,-11.402
2023-04-10 16:24:19.786,-23.098,-4.893,-8.826
2023-04-10 16:24:19.806,-18.411,4.729,-6.326
2023-04-10 16:24:19.826,-15.716,14.402,-1.254
2023-04-10 16:24:19.846,-23.518,28.723,1.421
2023-04-10 16:24:19.866,-26.905,41.399,0.873
2023-04-10 16:24:19.886,-32.527,47.435,-5.469
2023-04-10 16:24:19.906,-37.005,43.826,-13.35
2023-04-10 16:24:19.926,-38.727,31.383,-17.195
2023-04-10 16:24:19.946,-46.345,11.372,-15.701
2023-04-10 16:24:19.966,-59.482,-6.288,-10.072
2023-04-10 16:24:19.986,-66.216,-3.971,2.069
2023-04-10 16:24:20.006,-51.662,28.018,17.367
2023-04-10 16:24:20.026,-36.761,59.459,26.822
2023-04-10 16:24:20.046,-41.044,70.614,22.55
2023-04-10 16:24:20.066,-41.452,67.492,14.036
2023-04-10 16:24:20.086,-38.826,42.995,7.424
2023-04-10 16:24:20.106,-42.458,7.744,1.09
2023-04-10 16:24:20.126,-43.567,-12.912,-0.598
2023-04-10 16:24:20.146,-43.941,-15.678,1.189
2023-04-10 16:24:20.166,-41.894,-6.208,3.289
2023-04-10 16:24:20.186,-31.555,24.318,2.656
2023-04-10 16:24:20.206,-15.911,64.249,2.29
2023-04-10 16:24:20.226,-3.727,77.13,0.091
2023-04-10 16:24:20.246,-2.344,40.171,-2.641
2023-04-10 16:24:20.266,-20.869,21.353,-19.245
2023-04-10 16:24:20.286,-26.216,32.146,-34.31
2023-04-10 16:24:20.306,-32.98,2.229,-45.675
2023-04-10 16:24:20.326,-27.553,-20.37,-54.722
2023-04-10 16:24:20.346,-3.266,-15.244,-51.787
2023-04-10 16:24:20.366,-0.21,-37.409,-33.99
2023-04-10 16:24:20.386,-22.473,-19.287,-8.54
2023-04-10 16:24:20.406,-36.608,87.496,-11.383
2023-04-10 16:24:20.426,-4.238,124.874,-26.761
2023-04-10 16:24:20.446,0.991,57.458,-21.867
2023-04-10 16:24:20.466,-1.852,-44.257,-1.646
2023-04-10 16:24:20.486,2.237,-57.542,13.891
2023-04-10 16:24:20.506,6.452,-11.742,19.093
2023-04-10 16:24:20.526,18.418,35.949,26.921
2023-04-10 16:24:20.546,17.214,37.576,29.04
2023-04-10 16:24:20.566,-9.722,-11.048,17.889
2023-04-10 16:24:20.586,-24.806,-32.229,11.871
2023-04-10 16:24:20.606,-16.006,-41.303,12.725
2023-04-10 16:24:20.626,-0.168,-51.966,6.208
2023-04-10 16:24:20.646,-7.824,-56.341,-11.894
2023-04-10 16:24:20.666,-2.805,-49.79,-20.69
2023-04-10 16:24:20.686,6.418,-45.419,-13.655
2023-04-10 16:24:20.706,0.781,-46.761,-3.468
2023-04-10 16:24:20.726,-11.963,-36.658,6.155
2023-04-10 16:24:20.746,-13.506,-24.276,15.111
2023-04-10 16:24:20.766,-10.819,-19.829,16.239
2023-04-10 16:24:20.786,-1.018,-2.321,10.358
2023-04-10 16:24:20.806,8.681,14.52,0.663
2023-04-10 16:24:20.826,6.048,3.304,-5.377
2023-04-10 16:24:20.846,-1.963,-22.473,-8.712
2023-04-10 16:24:20.866,-4.508,-25.892,-13.742
2023-04-10 16:24:20.886,1.071,-10.899,-17.976
2023-04-10 16:24:20.906,6.075,-10.301,-23.819
2023-04-10 16:24:20.926,20.495,-24.337,-31.841
2023-04-10 16:24:20.946,25.819,-52.534,-26.471
2023-04-10 16:24:20.966,10.309,-46.021,-5.88
2023-04-10 16:24:20.986,0.08,-18.659,8.765
2023-04-10 16:24:21.006,-0.56,8.357,10.332
2023-04-10 16:24:21.026,-5.473,30.671,2.713
2023-04-10 16:24:21.046,-0.488,25.335,-3.88
2023-04-10 16:24:21.066,19.985,0.945,-1.532
2023-04-10 16:24:21.086,22.146,-29.398,7.085
2023-04-10 16:24:21.106,5.232,-64.623,18.037
2023-04-10 16:24:21.126,-7.534,-64.646,25.328
2023-04-10 16:24:21.146,-13.815,-13.064,22.931
2023-04-10 16:24:21.166,-20.183,35.739,14.158
2023-04-10 16:24:21.186,-26.185,62.073,3.689
2023-04-10 16:24:21.206,-29.977,57.374,-0.701
2023-04-10 16:24:21.226,-35.084,22.1,0.023
2023-04-10 16:24:21.246,-39.95,-9.851,0.339
2023-04-10 16:24:21.266,-33.457,-13.582,-1.048
2023-04-10 16:24:21.286,-24.905,-1.421,-8.403
2023-04-10 16:24:21.306,-12.961,16.894,-14.779
2023-04-10 16:24:21.326,-1.623,41.086,-16.559
2023-04-10 16:24:21.346,0.133,58.54,-20.598
2023-04-10 16:24:21.366,-1.761,53.918,-28.159
2023-04-10 16:24:21.386,-4.432,30.869,-37.721
2023-04-10 16:24:21.406,-1.707,8.78,-43.533
2023-04-10 16:24:21.426,-1.315,7.591,-48.148
2023-04-10 16:24:21.446,21.258,21.864,-52.287
2023-04-10 16:24:21.466,50.076,-1.978,-41.669
2023-04-10 16:24:21.486,3.689,-62.675,-17.188
2023-04-10 16:24:21.506,-20.671,7.351,-0.252
2023-04-10 16:24:21.526,5.553,124.874,16.78
2023-04-10 16:24:21.546,5.918,124.874,9.924
2023-04-10 16:24:21.566,7.595,86.463,3.114
2023-04-10 16:24:21.586,1.86,19.325,9.581
2023-04-10 16:24:21.606,25.072,-5.335,26.482
2023-04-10 16:24:21.626,37.13,-24.318,31.208
2023-04-10 16:24:21.646,20.332,-30.614,17.199
2023-04-10 16:24:21.666,25.427,3.529,8.216
2023-04-10 16:24:21.686,45.949,6.2,5.804
2023-04-10 16:24:21.706,51.65,-36.17,3.438
2023-04-10 16:24:21.726,56.608,-44.379,5.793
2023-04-10 16:24:21.746,62.74,-19.379,5.755
2023-04-10 16:24:21.766,75.084,-1.791,12.05
2023-04-10 16:24:21.786,64.817,3.38,17.626
2023-04-10 16:24:21.806,44.71,1.311,20.328
2023-04-10 16:24:21.826,29.676,8.068,17.778
2023-04-10 16:24:21.846,38.457,25.777,16.475
2023-04-10 16:24:21.866,41.086,16.879,13.617
2023-04-10 16:24:21.886,44.425,-0.015,9.505
2023-04-10 16:24:21.906,35.537,-2.054,5.038
2023-04-10 16:24:21.926,29.268,-20.324,0.808
2023-04-10 16:24:21.946,36.09,-20.522,-3.678
2023-04-10 16:24:21.966,49.463,-10.846,-9.836
2023-04-10 16:24:21.986,58.727,-28.396,-17.923
2023-04-10 16:24:22.006,49.127,-45.03,-13.864
2023-04-10 16:24:22.026,35.686,-14.146,3.308
2023-04-10 16:24:22.046,24.017,1.322,11.25
2023-04-10 16:24:22.066,31.181,2.915,6.799
2023-04-10 16:24:22.086,41.056,0.156,4.611
2023-04-10 16:24:22.106,48.35,-21.566,10.114
2023-04-10 16:24:22.126,65.686,-34.405,24.082
2023-04-10 16:24:22.146,76.643,-40.694,39.352
2023-04-10 16:24:22.166,65.252,-53.506,50.484
2023-04-10 16:24:22.186,38.201,-55.381,55.141
2023-04-10 16:24:22.206,11.383,-20.869,53.655
2023-04-10 16:24:22.226,-5.393,12.759,44.661
2023-04-10 16:24:22.246,-11.704,21.498,27.294
2023-04-10 16:24:22.266,-3.236,4.668,14.466
2023-04-10 16:24:22.286,9.059,-28.403,7.599
2023-04-10 16:24:22.306,28.491,-55.03,3.906
2023-04-10 16:24:22.326,48.007,-59.931,0.438
2023-04-10 16:24:22.346,56.212,-47.146,-7.45
2023-04-10 16:24:22.366,63.735,-28.243,-12.976
2023-04-10 16:24:22.386,73.281,-8.559,-15.229
2023-04-10 16:24:22.406,75.278,3.887,-19.066
2023-04-10 16:24:22.426,70.499,-2.378,-26.837
2023-04-10 16:24:22.446,65.301,-16.928,-36.803
2023-04-10 16:24:22.466,59.489,-28.563,-43.495
2023-04-10 16:24:22.486,82.477,-25.888,-37.58
2023-04-10 16:24:22.506,101.353,-57.462,-18.46
2023-04-10 16:24:22.526,53.948,-91.208,-10.091
2023-04-10 16:24:22.546,36.955,-14.017,18.921
2023-04-10 16:24:22.566,23.601,102.382,32.66
2023-04-10 16:24:22.586,42.866,124.874,21.559
2023-04-10 16:24:22.606,94.76,53.289,25.61
2023-04-10 16:24:22.626,123.864,-18.708,40.065
2023-04-10 16:24:22.646,124.874,-4.688,58.803
2023-04-10 16:24:22.666,121.547,1.296,76.513
2023-04-10 16:24:22.686,80.351,-62.736,75.4
2023-04-10 16:24:22.706,55.918,-77.778,61.01
2023-04-10 16:24:22.726,82.748,-47.706,52.622
2023-04-10 16:24:22.746,124.07,-48.636,49.287
2023-04-10 16:24:22.766,124.874,-58.651,49.428
2023-04-10 16:24:22.786,124.23,-36.822,58.194
2023-04-10 16:24:22.806,124.779,1.555,71.395
2023-04-10 16:24:22.826,124.874,12.302,83.468
2023-04-10 16:24:22.846,117.694,-24.909,88.617
2023-04-10 16:24:22.866,97.763,-78.186,75.465
2023-04-10 16:24:22.886,100.05,-103.521,51.185
2023-04-10 16:24:22.906,111.78,-81.368,32.226
2023-04-10 16:24:22.926,103.643,-48.902,22.336
2023-04-10 16:24:22.946,75.252,-44.032,28.582
2023-04-10 16:24:22.966,48.479,-49.897,42.553
2023-04-10 16:24:22.986,42.332,-45.926,51.616
2023-04-10 16:24:23.006,53.438,-49.893,61.829
2023-04-10 16:24:23.026,51.288,-77.458,65.526
2023-04-10 16:24:23.046,47.95,-110.065,60.473
2023-04-10 16:24:23.066,54.444,-85.941,42.207
2023-04-10 16:24:23.086,77.207,-24.95,23.274
2023-04-10 16:24:23.106,95.739,-9.082,16.81
2023-04-10 16:24:23.126,105.953,-39.135,21.38
2023-04-10 16:24:23.146,110.495,-76.871,27.98
2023-04-10 16:24:23.166,106.387,-108.777,33.632
2023-04-10 16:24:23.186,94.074,-105.137,34.024
2023-04-10 16:24:23.206,89.703,-64.604,30.69
2023-04-10 16:24:23.226,88.327,-33.99,19.257
2023-04-10 16:24:23.246,74.017,-36.376,2.447
2023-04-10 16:24:23.266,67.55,-65.541,-7.435
2023-04-10 16:24:23.286,70.854,-81.787,-10.187
2023-04-10 16:24:23.306,74.127,-63.54,-11.124
2023-04-10 16:24:23.326,79.855,-41.928,-11.139
2023-04-10 16:24:23.346,78.178,-49.158,-13.121
2023-04-10 16:24:23.366,67.302,-76.894,-18.293
2023-04-10 16:24:23.386,57.999,-93.117,-24.848
2023-04-10 16:24:23.406,55.107,-83.88,-29.806
2023-04-10 16:24:23.426,55.362,-59.063,-31.361
2023-04-10 16:24:23.446,54.829,-38.838,-30.252
2023-04-10 16:24:23.466,61.021,-23.598,-27.98
2023-04-10 16:24:23.486,87.664,-1.966,-27.614
2023-04-10 16:24:23.506,124.874,-10.667,-18.777
2023-04-10 16:24:23.526,120.816,-50.366,13.529
2023-04-10 16:24:23.546,105.774,-14.851,60.046
2023-04-10 16:24:23.566,51.646,13.396,46.837
2023-04-10 16:24:23.586,-24.413,-47.367,4.207
2023-04-10 16:24:23.606,36.921,-37.054,-34.127
2023-04-10 16:24:23.626,118.529,-7.195,-48.03
2023-04-10 16:24:23.646,103.068,-5.034,-39.451
2023-04-10 16:24:23.666,75.362,15.221,-27.893
2023-04-10 16:24:23.686,67.207,-4.413,-13.929
2023-04-10 16:24:23.706,55.949,-48.571,2.683
2023-04-10 16:24:23.726,53.598,-52.046,21.406
2023-04-10 16:24:23.746,64.874,-25.789,31.09
2023-04-10 16:24:23.766,62.611,17.149,17.691
2023-04-10 16:24:23.786,57.168,44.977,-6.604
2023-04-10 16:24:23.806,57.691,23.986,-12.988
2023-04-10 16:24:23.826,65.64,-15.857,5.915
2023-04-10 16:24:23.846,66.246,-40.762,28.056
2023-04-10 16:24:23.866,49.12,-48.853,37.012
2023-04-10 16:24:23.886,30.396,-43.693,34.79
2023-04-10 16:24:23.906,27.031,-23.712,26.204
2023-04-10 16:24:23.926,30.842,3.838,16.49
2023-04-10 16:24:23.946,32.622,9.066,14.741
2023-04-10 16:24:23.966,34.672,-11.589,18.834
2023-04-10 16:24:23.986,26.684,-25.777,16.105
2023-04-10 16:24:24.006,22.763,-14.615,7.104
2023-04-10 16:24:24.026,28.258,-1.517,1.856
2023-04-10 16:24:24.046,43.228,2.611,6.936
2023-04-10 16:24:24.066,50.053,2.218,15.042
2023-04-10 16:24:24.086,42.222,0.015,19.447
2023-04-10 16:24:24.106,25.187,-12.405,14.554
2023-04-10 16:24:24.126,11.723,-35.507,3.053
2023-04-10 16:24:24.146,5.305,-41.726,-7.896
2023-04-10 16:24:24.166,6.147,-44.752,-12.881
2023-04-10 16:24:24.186,12.161,-50.08,-10.011
2023-04-10 16:24:24.206,20.175,-44.768,-1.787
2023-04-10 16:24:24.226,17.214,-42.069,7.55
2023-04-10 16:24:24.246,14.775,-51.361,14.771
2023-04-10 16:24:24.266,11.852,-72.481,17.767
2023-04-10 16:24:24.286,-5.232,-102.523,11.574
2023-04-10 16:24:24.306,-15.72,-117.691,7.157
2023-04-10 16:24:24.326,-10.45,-111.124,0.652
2023-04-10 16:24:24.346,-3.098,-93.38,-7.683
2023-04-10 16:24:24.366,-1.502,-78.773,-8.834
2023-04-10 16:24:24.386,-0.347,-73.624,-4.954
2023-04-10 16:24:24.406,3.144,-67.313,0.541
2023-04-10 16:24:24.426,10.282,-57.172,7.389
2023-04-10 16:24:24.446,21.353,-41.502,12.351
2023-04-10 16:24:24.466,39.954,-9.207,7.854
2023-04-10 16:24:24.486,56.456,30.922,-2.854
2023-04-10 16:24:24.506,62.378,77.694,-11.749
2023-04-10 16:24:24.526,62.774,103.521,-21.197
2023-04-10 16:24:24.546,60.137,92.767,-32.553
2023-04-10 16:24:24.566,70.278,94.383,-46.418
2023-04-10 16:24:24.586,61.925,88.586,-60.404
2023-04-10 16:24:24.606,36.635,57.721,-66.784
2023-04-10 16:24:24.626,35.499,47.492,-67.645
2023-04-10 16:24:24.646,52.165,83.617,-79.592
2023-04-10 16:24:24.666,83.788,124.874,-94.12
2023-04-10 16:24:24.686,88.087,124.874,-95.373
2023-04-10 16:24:24.706,81.959,123.986,-84.585
2023-04-10 16:24:24.726,88.864,124.874,-68.921
2023-04-10 16:24:24.746,114.063,124.874,-60.877
2023-04-10 16:24:24.766,124.874,124.859,-58.54
2023-04-10 16:24:24.786,123.514,124.874,-58.422
2023-04-10 16:24:24.806,102.21,101.593,-54.432
2023-04-10 16:24:24.826,75.37,69.604,-49.055
2023-04-10 16:24:24.846,45.499,56.955,-44.127
2023-04-10 16:24:24.866,17.077,39.577,-31.227
2023-04-10 16:24:24.886,-3.628,5.236,-10.396
2023-04-10 16:24:24.906,-12.534,-24.322,4.573
2023-04-10 16:24:24.926,-15.72,-38.418,4.398
2023-04-10 16:24:24.946,-12.889,-35.206,-4.447
2023-04-10 16:24:24.966,-6.399,-24.718,-13.438
2023-04-10 16:24:24.986,-10.434,-25.777,-23.384
2023-04-10 16:24:25.006,-27.584,-41.864,-33.552
2023-04-10 16:24:25.026,-51.181,-61.421,-39.505
2023-04-10 16:24:25.046,-74.657,-80.111,-40.015
2023-04-10 16:24:25.066,-81.555,-88.22,-37.614
2023-04-10 16:24:25.086,-67.938,-81.185,-35.8
2023-04-10 16:24:25.106,-50.286,-60.93,-34.646
2023-04-10 16:24:25.126,-39.566,-41.482,-35.061
2023-04-10 16:24:25.146,-40.8,-35.732,-36.433
2023-04-10 16:24:25.166,-44.028,-25.957,-39.832
2023-04-10 16:24:25.186,-35.004,-31.12,-39.943
2023-04-10 16:24:25.206,-18.255,-13.769,-39.493
2023-04-10 16:24:25.226,-9.798,6.57,-38.247
2023-04-10 16:24:25.246,12.043,34.844,-25.716
2023-04-10 16:24:25.266,21.913,41.662,-9.745
2023-04-10 16:24:25.286,23.544,44.005,2.725
2023-04-10 16:24:25.306,20.465,41.277,5.598
2023-04-10 16:24:25.326,17.447,48.026,-1.402
2023-04-10 16:24:25.346,19.337,47.34,-5.686
2023-04-10 16:24:25.366,8.171,9.844,-4.748
2023-04-10 16:24:25.386,1.78,-11.258,-9.341
2023-04-10 16:24:25.406,0.549,-18.525,-13.537
2023-04-10 16:24:25.426,0.652,-22.961,-13.697
2023-04-10 16:24:25.446,2.694,-20.739,-8.548
2023-04-10 16:24:25.466,2.572,-20.29,-2.046
2023-04-10 16:24:25.486,-5.77,-29.043,2.649
2023-04-10 16:24:25.506,-14.661,-33.559,4.863
2023-04-10 16:24:25.526,-17.447,-29.505,5.179
2023-04-10 16:24:25.546,-14.771,-21.105,3.769
2023-04-10 16:24:25.566,-8.255,-12.767,2.656
2023-04-10 16:24:25.586,-3.582,-4.848,0.606
2023-04-10 16:24:25.606,-0.278,2.569,-3.007
2023-04-10 16:24:25.626,-1.418,0.568,-7.195
2023-04-10 16:24:25.646,-2.428,-0.819,-11.883
2023-04-10 16:24:25.666,-0.476,0.835,-13.258
2023-04-10 16:24:25.686,-0.057,-1.361,-11.646
2023-04-10 16:24:25.706,-1.391,1.818,-9.889
2023-04-10 16:24:25.726,-1.01,8.342,-9.672
2023-04-10 16:24:25.746,2.42,15.332,-9.665
2023-04-10 16:24:25.766,5.019,19.013,-9.649
2023-04-10 16:24:25.786,5.038,13.594,-9.623
2023-04-10 16:24:25.806,3.998,4.649,-10.412
2023-04-10 16:24:25.826,3.232,-1.574,-11.753
2023-04-10 16:24:25.846,1.391,-4.44,-13.495
