-565.028442382812,-260.224914550781,2327.5283203125,-561.73291015625,-436.937103271484,2324.71899414062,-559.648559570312,-578.145263671875,2319.63208007812,-566.417236328125,-793.053955078125,2313.2861328125,-597.830444335937,-757.039794921875,2321.92724609375,-719.846984863281,-713.85888671875,2379.4482421875,-816.397644042968,-478.730804443359,2481.23193359375,-756.369567871093,-349.044525146484,2661.19799804687,-829.002258300781,-288.435791015625,2673.59399414062,-801.960815429687,-189.631744384765,2704.71508789062,-764.099853515625,-216.751312255859,2692.61328125,-533.406982421875,-757.970092773437,2304.76098632812,-410.036682128906,-720.712524414062,2285.5244140625,-309.775939941406,-462.953948974609,2322.11474609375,-295.882385253906,-319.817657470703,2505.07446289062,-313.808044433593,-220.742950439453,2484.6845703125,-298.744995117187,-135.000747680664,2425.56176757812,-320.482177734375,-245.298919677734,2381.71484375,-653.711669921875,-262.151123046875,2344.66040039062,-599.818481445312,130.687789916992,2334.29736328125,-552.232421875,505.09146118164,2298.828125,-561.221069335937,595.69287109375,2460.58129882812,-485.058898925781,-258.487976074218,2312.07958984375,-551.130859375,129.206253051757,2360.28198242187,-619.797302246093,499.588287353515,2290.6982421875,-599.303466796875,604.154663085937,2424.15454101562,-565.517883300781,-873.303955078125,2323.76123046875,-529.451477050781,-879.9873046875,2478.68969726562,-561.43017578125,-920.502075195312,2458.40551757812,-642.46875,-930.902587890625,2363.00415039062,-510.4052734375,-917.85498046875,2449.86157226562,-482.774353027343,-937.354614257812,2324.52783203125
-564.994262695312,-264.385070800781,2326.642578125,-560.974914550781,-438.810272216796,2325.78076171875,-558.601745605468,-578.179077148437,2320.6591796875,-563.562316894531,-790.383056640625,2315.68505859375,-594.815795898437,-755.042114257812,2324.16796875,-719.474609375,-722.8486328125,2378.65014648437,-816.994934082031,-499.067352294921,2494.6142578125,-766.575561523437,-360.978851318359,2667.353515625,-826.506469726562,-289.022064208984,2677.28344726562,-801.244384765625,-188.834838867187,2699.44409179687,-764.964233398437,-226.960632324218,2692.83154296875,-531.311767578125,-755.537719726562,2306.89404296875,-408.830322265625,-721.212158203125,2287.89184570312,-313.572143554687,-464.197723388671,2314.25561523437,-279.705749511718,-259.805633544921,2413.43798828125,-302.37451171875,-173.810150146484,2364.73559570312,-327.840087890625,-75.5289611816406,2342.80029296875,-335.564575195312,-188.104400634765,2313.0009765625,-652.589233398437,-266.485412597656,2343.20751953125,-598.1044921875,121.174041748046,2337.46704101562,-552.549621582031,491.248657226562,2306.34716796875,-543.441345214843,595.6904296875,2456.5966796875,-486.005981445312,-262.491119384765,2311.70556640625,-555.358459472656,118.854148864746,2363.83666992187,-624.793212890625,484.391815185546,2296.59887695312,-611.74609375,595.926696777343,2422.3095703125,-561.965942382812,-869.519775390625,2326.48779296875,-528.8154296875,-881.566040039062,2479.6259765625,-560.944641113281,-920.211303710937,2457.93383789062,-639.718627929687,-925.812622070312,2362.36279296875,-510.415405273437,-918.4697265625,2450.30639648437,-481.720397949218,-934.544311523437,2326.46630859375
-555.475341796875,-263.569793701171,2323.67333984375,-556.859130859375,-437.862152099609,2324.73193359375,-558.915893554687,-577.116943359375,2320.1513671875,-563.8466796875,-789.092529296875,2314.4248046875,-595.156005859375,-753.80908203125,2322.6708984375,-720.151733398437,-722.548583984375,2376.56640625,-822.561279296875,-502.388153076171,2494.60571289062,-764.697998046875,-373.454406738281,2671.7373046875,-818.519470214843,-296.523864746093,2677.69702148437,-801.485473632812,-193.712982177734,2694.56274414062,-765.391906738281,-237.816345214843,2693.23657226562,-531.527954101562,-754.258422851562,2306.11450195312,-409.380920410156,-719.767700195312,2286.14428710937,-311.132995605468,-464.80044555664,2317.9990234375,-293.095703125,-289.91763305664,2465.46630859375,-310.238708496093,-198.193756103515,2426.05102539062,-311.557312011718,-110.438430786132,2370.69067382812,-324.817932128906,-220.244110107421,2347.625,-643.218139648437,-262.779754638671,2339.0537109375,-595.205688476562,125.386642456054,2339.30151367187,-553.539306640625,495.921417236328,2313.03247070312,-556.23046875,593.6455078125,2467.76586914062,-476.353881835937,-264.282196044921,2309.80419921875,-573.13623046875,109.603218078613,2368.8984375,-648.689636230468,472.057037353515,2294.0908203125,-649.228759765625,582.571411132812,2421.14794921875,-562.382690429687,-868.1865234375,2324.9716796875,-529.190246582031,-880.722778320312,2477.90209960937,-561.29736328125,-919.259155273437,2456.11987304687,-640.039733886718,-924.54296875,2360.6640625,-510.821838378906,-917.493041992187,2448.48120117187,-482.215026855468,-933.144165039062,2324.69775390625
-551.486206054687,-262.347625732421,2325.09936523437,-554.933654785156,-437.40835571289,2327.30615234375,-558.673828125,-577.280395507812,2322.9169921875,-562.516296386718,-790.25927734375,2317.09912109375,-594.118896484375,-754.984375,2325.5517578125,-720.085815429687,-728.682250976562,2381.47680664062,-825.533813476562,-510.94692993164,2504.11669921875,-757.609680175781,-388.455139160156,2683.57885742187,-808.172729492187,-308.710235595703,2679.46801757812,-800.75244140625,-203.296752929687,2688.47412109375,-765.210083007812,-250.940277099609,2694.80249023437,-530.27685546875,-755.087280273437,2308.60546875,-407.471557617187,-721.38623046875,2287.51611328125,-309.9091796875,-464.982696533203,2320.943359375,-301.702941894531,-309.923187255859,2491.33715820312,-317.047912597656,-213.398559570312,2462.99072265625,-300.167297363281,-131.398941040039,2400.87280273437,-322.667907714843,-237.359558105468,2368.95483398437,-639.835693359375,-260.42935180664,2339.25390625,-598.066040039062,130.280456542968,2338.68383789062,-562.329345703125,503.187530517578,2312.548828125,-554.550537109375,606.685852050781,2464.33251953125,-471.817504882812,-264.077453613281,2312.33569335937,-574.520629882812,110.333267211914,2370.09130859375,-651.734191894531,474.524871826171,2296.57275390625,-660.971130371093,587.480895996093,2422.17626953125,-560.568603515625,-869.71484375,2327.65380859375,-528.275512695312,-882.33544921875,2481.51513671875,-560.673522949218,-920.846557617187,2459.48315429687,-639.215942382812,-925.716430664062,2363.09912109375,-509.905639648437,-919.44970703125,2452.12426757812,-480.504089355468,-935.554565429687,2327.97119140625
-552.835083007812,-262.951385498046,2325.7177734375,-556.827453613281,-437.896575927734,2326.7919921875,-561.334350585937,-577.608520507812,2321.1279296875,-563.503295898437,-790.50048828125,2316.494140625,-595.327758789062,-755.455078125,2324.88916015625,-719.948852539062,-728.103515625,2383.05078125,-827.263244628906,-511.230804443359,2505.20703125,-748.543212890625,-400.253723144531,2687.53686523437,-798.102905273437,-320.186645507812,2680.1748046875,-799.696411132812,-214.332397460937,2685.25463867187,-764.145690917968,-263.086944580078,2696.44580078125,-531.603759765625,-755.143920898437,2307.67138671875,-408.716125488281,-720.930053710937,2288.490234375,-310.337768554687,-464.795806884765,2320.0439453125,-308.198425292968,-328.454986572265,2505.7373046875,-322.019409179687,-229.44921875,2487.04760742187,-294.573364257812,-149.561340332031,2426.07299804687,-322.14990234375,-250.256866455078,2384.72290039062,-640.475158691406,-260.842651367187,2343.43701171875,-595.780517578125,129.267684936523,2339.7509765625,-559.271179199218,501.435821533203,2308.23315429687,-543.1337890625,594.534484863281,2465.83642578125,-473.80615234375,-264.852996826171,2309.73974609375,-574.2802734375,108.381217956542,2376.57299804687,-653.67626953125,471.999755859375,2303.82763671875,-655.122314453125,581.595581054687,2432.55151367187,-560.877563476562,-869.827026367187,2327.4677734375,-528.383056640625,-882.204345703125,2481.20043945312,-560.723754882812,-920.770629882812,2459.27026367187,-639.332763671875,-925.8828125,2363.0576171875,-510.001159667968,-919.297973632812,2451.84814453125,-480.754333496093,-935.488525390625,2327.7568359375
-554.830322265625,-266.447967529296,2327.06640625,-557.880676269531,-440.227142333984,2327.30029296875,-561.411560058593,-579.005981445312,2321.39013671875,-564.4775390625,-790.467041015625,2318.15942382812,-596.055114746093,-755.460327148437,2325.74682617187,-720.040893554687,-726.568115234375,2382.20971679687,-830.688537597656,-514.524047851562,2505.7919921875,-743.188842773437,-408.928253173828,2685.37451171875,-790.476196289062,-328.037689208984,2680.79248046875,-798.673400878906,-223.139282226562,2684.04858398437,-762.62939453125,-273.090270996093,2697.56079101562,-532.492004394531,-755.555053710937,2309.68286132812,-410.227294921875,-722.698120117187,2290.0234375,-302.074340820312,-472.30435180664,2319.220703125,-309.835083007812,-343.327056884765,2508.06396484375,-322.111755371093,-244.333984375,2492.18481445312,-293.413818359375,-160.823547363281,2438.25073242187,-321.727355957031,-258.341400146484,2392.97631835937,-642.249450683593,-264.892333984375,2342.7646484375,-568.729919433593,117.526573181152,2364.24780273437,-511.425720214843,484.226928710937,2329.94140625,-509.790283203125,594.288208007812,2475.52124023437,-476.000610351562,-267.85073852539,2312.91064453125,-582.326416015625,101.983268737792,2373.748046875,-656.091064453125,462.493286132812,2293.3779296875,-666.754028320312,576.489196777343,2416.20971679687,-562.415954589843,-869.191040039062,2329.623046875,-528.706481933593,-883.1181640625,2481.86083984375,-560.736450195312,-921.390502929687,2459.8896484375,-639.612548828125,-925.875244140625,2364.96020507812,-510.437255859375,-919.462036132812,2452.09716796875,-482.360412597656,-933.810424804687,2328.40966796875
-553.781005859375,-265.273162841796,2328.1728515625,-556.095703125,-439.23745727539,2328.79956054687,-559.0625,-578.171142578125,2322.92724609375,-560.780029296875,-789.845825195312,2318.8623046875,-592.577087402343,-755.039794921875,2326.7529296875,-717.984008789062,-731.41748046875,2382.87231445312,-828.559997558593,-522.703002929687,2512.62329101562,-737.262573242187,-418.69741821289,2691.52807617187,-782.62646484375,-336.650817871093,2686.18432617187,-798.831359863281,-232.605163574218,2682.22509765625,-762.368408203125,-283.474456787109,2698.75561523437,-529.031005859375,-754.658447265625,2310.35986328125,-406.57373046875,-722.567260742187,2289.814453125,-301.941528320312,-470.676605224609,2321.45556640625,-313.593627929687,-346.114837646484,2513.31787109375,-325.477966308593,-246.656219482421,2499.54174804687,-292.494079589843,-164.869750976562,2445.21826171875,-322.056945800781,-261.221771240234,2397.12646484375,-641.355041503906,-264.052551269531,2343.53979492187,-567.693725585937,117.935333251953,2376.3447265625,-512.825012207031,486.445495605468,2356.36938476562,-512.296813964843,599.9423828125,2499.52954101562,-474.811706542968,-266.373779296875,2314.31567382812,-583.650085449218,103.151397705078,2375.09692382812,-660.5498046875,462.682312011718,2291.56518554687,-677.375366210937,580.979736328125,2409.78466796875,-558.150634765625,-868.678833007812,2330.01171875,-527.2314453125,-883.914794921875,2482.87744140625,-559.600830078125,-921.541870117187,2460.166015625,-637.014038085937,-924.1787109375,2363.81225585937,-509.100463867187,-920.4833984375,2453.21850585937,-479.17822265625,-934.789794921875,2329.82666015625
-554.350341796875,-264.158142089843,2328.9375,-556.07421875,-440.99917602539,2328.6884765625,-558.211120605468,-582.260131835937,2323.2255859375,-559.592102050781,-797.412719726562,2318.37646484375,-592.090087890625,-762.101806640625,2325.97631835937,-717.703247070312,-734.197509765625,2385.33227539062,-827.932739257812,-523.577270507812,2521.44775390625,-735.078247070312,-422.131927490234,2705.69506835937,-772.758911132812,-334.989990234375,2695.80859375,-798.907409667968,-231.88491821289,2683.21630859375,-761.012573242187,-287.259002685546,2699.6533203125,-527.230834960937,-761.574829101562,2310.3818359375,-403.73828125,-724.292846679687,2291.56005859375,-302.150024414062,-466.100799560546,2321.91845703125,-321.201965332031,-341.583251953125,2517.72265625,-331.527770996093,-240.19839477539,2504.40209960937,-289.048217773437,-163.018737792968,2446.75244140625,-321.937561035156,-259.695587158203,2395.36889648437,-643.805786132812,-263.304290771484,2341.85034179687,-578.958374023437,124.826568603515,2393.17211914062,-518.984680175781,498.092590332031,2423.39794921875,-528.090759277343,597.619873046875,2579.91577148437,-473.684448242187,-264.928070068359,2317.29370117187,-581.404846191406,111.281448364257,2380.607421875,-651.111450195312,478.069519042968,2294.076171875,-674.023986816406,597.78857421875,2413.80493164062,-556.996215820312,-877.578002929687,2329.49609375,-526.356018066406,-884.068725585937,2485.67431640625,-559.072143554687,-923.64306640625,2464.65063476562,-637.242553710937,-932.09130859375,2366.61962890625,-507.704711914062,-922.870483398437,2457.80249023437,-476.606994628906,-944.51806640625,2333.57421875
-559.342834472656,-256.691619873046,2335.650390625,-556.646545410156,-436.471038818359,2333.5625,-555.642944335937,-580.016967773437,2325.96044921875,-555.656188964843,-798.831420898437,2325.04174804687,-588.829528808593,-763.005981445312,2332.56201171875,-719.403930664062,-741.884643554687,2389.68432617187,-816.698791503906,-500.466827392578,2488.80346679687,-742.839721679687,-342.550140380859,2644.537109375,-800.656494140625,-359.570648193359,2720.60693359375,-779.492797851562,-253.783050537109,2705.72119140625,-778.512634277343,-233.017913818359,2714.74145507812,-523.109130859375,-762.338134765625,2315.80224609375,-395.113891601562,-731.1962890625,2301.10205078125,-303.195068359375,-463.441619873046,2320.97290039062,-269.238464355468,-238.109558105468,2385.08569335937,-310.809448242187,-166.807159423828,2320.9951171875,-356.00634765625,-78.2005310058593,2281.4326171875,-350.280944824218,-174.465301513671,2307.54663085937,-649.55419921875,-258.247497558593,2353.12036132812,-585.1552734375,132.725219726562,2429.26147460937,-530.3916015625,511.544067382812,2476.10083007812,-511.881591796875,616.909851074218,2631.68603515625,-477.995300292968,-255.288604736328,2319.89697265625,-582.102233886718,126.282562255859,2397.48095703125,-653.356201171875,498.490966796875,2306.787109375,-670.29443359375,627.89404296875,2421.44580078125,-552.321533203125,-880.099853515625,2337.79565429687,-524.052917480468,-888.644775390625,2497.03588867187,-557.721374511718,-928.038940429687,2474.74291992187,-635.618347167968,-934.2265625,2373.65283203125,-505.375610351562,-928.222045898437,2468.68237304687,-472.013488769531,-949.78759765625,2342.74560546875
-559.363037109375,-256.554626464843,2335.76318359375,-556.7216796875,-436.211639404296,2333.71411132812,-555.77783203125,-579.656372070312,2326.06201171875,-556.144836425781,-798.317138671875,2324.626953125,-589.235473632812,-762.480834960937,2332.2353515625,-719.611572265625,-741.355346679687,2389.55908203125,-817.734680175781,-501.837982177734,2491.88232421875,-745.050354003906,-344.306396484375,2648.31567382812,-802.607238769531,-361.85903930664,2724.37622070312,-781.895935058593,-256.07470703125,2709.37915039062,-781.003234863281,-235.018341064453,2718.3466796875,-523.563720703125,-761.879760742187,2315.47119140625,-395.594482421875,-730.986206054687,2300.84326171875,-302.767028808593,-463.865325927734,2322.1787109375,-272.326904296875,-239.807220458984,2391.693359375,-313.703002929687,-167.603424072265,2328.611328125,-359.260803222656,-78.6979522705078,2290.35327148437,-352.468078613281,-175.436279296875,2313.7763671875,-649.512756347656,-258.079132080078,2353.22119140625,-584.901794433593,132.711685180664,2428.64282226562,-530.028930664062,511.34375,2474.67529296875,-510.627014160156,615.466796875,2630.830078125,-478.070983886718,-255.179931640625,2320.0205078125,-582.676025390625,126.059799194335,2397.12280273437,-654.087646484375,498.028869628906,2306.72265625,-671.388549804687,627.205444335937,2421.40185546875,-552.940307617187,-879.56494140625,2337.17895507812,-524.598876953125,-888.496215820312,2496.27172851562,-558.301879882812,-927.775634765625,2473.92602539062,-636.216552734375,-933.643798828125,2372.94189453125,-505.996154785156,-928.002563476562,2467.8359375,-472.76123046875,-949.303955078125,2341.916015625
-557.382568359375,-257.460845947265,2340.12329101562,-555.489379882812,-436.712249755859,2338.79150390625,-554.860961914062,-579.908325195312,2332.9921875,-554.373413085937,-797.964111328125,2326.5087890625,-587.452270507812,-762.5361328125,2335.24633789062,-718.682312011718,-741.827758789062,2389.86206054687,-814.16162109375,-514.0390625,2516.74682617187,-785.592346191406,-344.872253417968,2674.48461914062,-802.148071289062,-350.682525634765,2769.63818359375,-779.454772949218,-260.874847412109,2712.99658203125,-781.528747558593,-225.623321533203,2725.443359375,-522.104736328125,-761.2744140625,2317.904296875,-396.043273925781,-726.6396484375,2298.63623046875,-304.418640136718,-459.899444580078,2321.0703125,-228.700805664062,-237.263061523437,2341.03393554687,-300.255187988281,-162.286193847656,2330.44775390625,-355.29736328125,-71.3157348632812,2339.63818359375,-358.589782714843,-192.216552734375,2316.53857421875,-647.442749023437,-258.536895751953,2356.93310546875,-586.647216796875,133.752716064453,2421.98046875,-535.163330078125,512.896850585937,2459.333984375,-521.613952636718,612.432250976562,2618.53344726562,-476.171447753906,-256.490509033203,2324.96484375,-592.325012207031,120.343955993652,2402.25903320312,-666.860656738281,492.344909667968,2318.7021484375,-685.123779296875,616.34033203125,2438.23291015625,-550.731323242187,-879.275146484375,2337.11840820312,-524.26416015625,-888.666748046875,2496.12133789062,-558.108154296875,-927.432861328125,2473.4287109375,-634.820922851562,-932.274169921875,2371.85009765625,-505.869506835937,-928.270629882812,2467.91064453125,-471.623229980468,-949.796142578125,2342.62548828125
-550.353698730468,-254.567199707031,2342.57568359375,-553.114135742187,-435.268524169921,2340.43115234375,-556.21728515625,-579.562744140625,2333.60400390625,-555.75927734375,-799.433837890625,2328.12109375,-589.195556640625,-763.658813476562,2336.353515625,-720.311706542968,-741.671020507812,2393.7783203125,-830.032104492187,-523.035034179687,2529.91040039062,-776.717956542968,-373.675720214843,2703.28271484375,-806.318054199218,-335.043212890625,2787.8251953125,-785.48583984375,-261.173400878906,2709.77416992187,-780.193664550781,-235.321166992187,2725.77978515625,-523.10400390625,-762.500244140625,2319.6669921875,-396.603820800781,-726.564086914062,2298.3154296875,-297.396240234375,-460.838653564453,2328.54150390625,-283.102783203125,-258.835510253906,2453.46362304687,-288.769592285156,-166.895385742187,2402.99487304687,-308.368896484375,-64.2669219970703,2377.296875,-351.551696777343,-210.339447021484,2335.8330078125,-641.324096679687,-253.367309570312,2358.56372070312,-578.620483398437,137.843627929687,2445.18334960937,-524.009643554687,517.251953125,2502.58325195312,-506.025512695312,616.386901855468,2663.41650390625,-468.321716308593,-255.649261474609,2328.15869140625,-589.690307617187,123.876686096191,2401.34790039062,-663.378112792968,500.049896240234,2320.91845703125,-688.873901367187,625.24169921875,2439.94140625,-552.260009765625,-881.36083984375,2339.251953125,-524.049926757812,-889.543579101562,2499.3671875,-558.006591796875,-929.091186523437,2477.0478515625,-636.215087890625,-935.355834960937,2375.373046875,-505.386413574218,-929.479858398437,2471.01440429687,-471.792785644531,-951.674438476562,2344.53662109375
-541.971801757812,-246.832824707031,2350.30102539062,-548.237182617187,-430.86050415039,2347.43408203125,-554.557434082031,-577.647705078125,2338.0244140625,-554.236328125,-801.672485351562,2332.08984375,-588.192626953125,-765.221435546875,2340.92919921875,-722.818237304687,-742.865112304687,2397.05615234375,-861.489013671875,-536.950073242187,2537.54467773437,-775.378601074218,-402.856994628906,2716.2138671875,-805.456359863281,-337.145385742187,2784.45678710937,-790.515747070312,-259.797271728515,2705.49658203125,-777.4189453125,-255.454376220703,2726.75073242187,-521.051635742187,-764.037841796875,2323.14721679687,-391.307373046875,-733.10986328125,2297.8916015625,-235.0185546875,-488.25357055664,2288.15478515625,-232.411071777343,-312.937683105468,2455.595703125,-265.434814453125,-213.826538085937,2432.35205078125,-289.613708496093,-111.781341552734,2400.38696289062,-321.927917480468,-240.356353759765,2360.59716796875,-634.467407226562,-243.951293945312,2367.4775390625,-561.869995117187,145.843994140625,2483.90966796875,-498.780944824218,526.9453125,2566.07495117187,-462.583984375,645.162475585937,2714.76782226562,-458.564331054687,-249.431243896484,2334.81201171875,-600.4306640625,132.576385498046,2400.720703125,-678.75,513.798706054687,2312.38110351562,-717.64453125,653.30908203125,2415.71923828125,-550.569274902343,-885.168823242187,2343.26098632812,-522.762329101562,-891.44189453125,2506.66235351562,-557.466918945312,-931.84912109375,2484.27978515625,-636.625549316406,-939.195922851562,2380.33837890625,-503.820983886718,-932.631225585937,2478.4345703125,-469.01953125,-957.194091796875,2350.07348632812
-553.605041503906,-247.775024414062,2355.52734375,-553.439697265625,-430.14956665039,2347.6513671875,-553.655151367187,-575.886108398437,2340.0361328125,-553.629028320312,-797.66845703125,2327.4013671875,-587.425720214843,-761.727416992187,2336.41552734375,-720.774047851562,-742.042114257812,2393.20678710937,-848.50341796875,-532.333374023437,2533.40991210937,-780.522705078125,-416.536163330078,2729.08569335937,-804.021911621093,-337.091247558593,2782.4130859375,-793.46337890625,-259.812744140625,2704.05297851562,-775.967041015625,-268.84048461914,2727.81298828125,-520.449157714843,-760.201293945312,2320.50244140625,-392.439514160156,-726.825805664062,2295.87744140625,-279.237426757812,-464.986602783203,2336.23315429687,-277.69873046875,-304.966918945312,2515.52563476562,-289.768005371093,-203.790832519531,2485.99682617187,-268.422424316406,-116.380340576171,2425.05541992187,-316.200622558593,-249.119750976562,2378.46704101562,-643.826538085937,-248.881774902343,2379.26000976562,-579.980529785156,135.514831542968,2505.56713867187,-525.025024414062,512.354431152343,2596.24682617187,-511.266906738281,568.925659179687,2778.87670898437,-472.248413085937,-246.777038574218,2334.12670898437,-577.834594726562,138.96337890625,2420.64575195312,-571.961791992187,506.160919189453,2273.59619140625,-603.852783203125,641.82958984375,2381.669921875,-550.436767578125,-880.742065429687,2336.0361328125,-523.767028808593,-888.039916992187,2498.111328125,-558.290161132812,-927.759033203125,2475.51782226562,-636.252807617187,-933.986450195312,2372.03637695312,-505.089538574218,-928.82275390625,2469.99877929687,-470.068115234375,-952.66064453125,2342.80786132812
-547.055541992187,-246.343811035156,2358.16674804687,-549.657470703125,-428.22915649414,2350.57202148437,-552.716674804687,-573.41845703125,2340.79833984375,-553.730529785156,-794.59326171875,2327.86181640625,-587.112915039062,-758.6455078125,2337.62548828125,-720.109191894531,-740.623168945312,2394.7998046875,-871.276794433593,-544.343994140625,2529.52319335937,-781.253540039062,-438.512908935546,2721.142578125,-802.495483398437,-355.246643066406,2768.80639648437,-797.131225585937,-264.532135009765,2706.34545898437,-774.196899414062,-290.984558105468,2727.42016601562,-520.6630859375,-757.328491210937,2320.33203125,-392.443664550781,-727.610473632812,2294.10473632812,-226.439331054687,-493.488067626953,2308.04833984375,-225.266723632812,-352.880584716796,2502.15625,-251.037109375,-250.40005493164,2496.822265625,-262.30419921875,-155.531768798828,2445.62817382812,-301.648071289062,-272.480377197265,2399.482421875,-637.007751464843,-246.051330566406,2381.97802734375,-573.714904785156,137.91275024414,2506.36059570312,-520.88671875,514.423950195312,2595.19116210937,-485.601135253906,614.915283203125,2753.95458984375,-465.941711425781,-246.607604980468,2336.6953125,-575.439270019531,136.957901000976,2422.91674804687,-571.18798828125,501.226348876953,2271.4013671875,-601.738159179687,651.338134765625,2357.84252929687,-550.65185546875,-877.471557617187,2336.27685546875,-523.929077148437,-887.901489257812,2497.73095703125,-558.40673828125,-927.047729492187,2474.4609375,-636.25,-931.202880859375,2371.21459960937,-505.351745605468,-928.037963867187,2468.89428710937,-470.540405273437,-949.372680664062,2341.57421875
-540.704162597656,-245.925354003906,2362.94677734375,-544.192749023437,-427.875946044921,2363.92211914062,-549.441833496093,-572.906005859375,2353.63061523437,-553.1748046875,-793.281494140625,2332.03002929687,-586.114196777343,-757.34521484375,2343.14111328125,-719.704650878906,-730.714233398437,2395.18286132812,-886.71533203125,-536.748168945312,2513.2763671875,-788.130004882812,-451.188385009765,2710.59887695312,-804.031372070312,-367.532409667968,2759.55932617187,-797.120910644531,-269.75552368164,2709.15014648437,-773.569580078125,-305.043395996093,2726.02954101562,-519.645751953125,-756.181274414062,2326.02221679687,-392.631408691406,-726.645141601562,2294.5380859375,-209.943908691406,-505.339752197265,2282.46752929687,-198.088317871093,-391.335784912109,2492.85864257812,-229.067993164062,-290.778442382812,2503.53540039062,-248.321411132812,-192.530456542968,2462.12719726562,-285.617126464843,-296.961975097656,2415.5263671875,-631.46826171875,-244.076599121093,2383.18798828125,-511.487976074218,146.02815246582,2396.95654296875,-408.897216796875,522.193237304687,2379.91137695312,-384.793029785156,600.301818847656,2552.64526367187,-458.858154296875,-247.592468261718,2344.69458007812,-605.991088867187,128.438125610351,2402.66625976562,-661.403930664062,495.1748046875,2268.61181640625,-675.740112304687,618.596801757812,2393.00854492187,-551.143737792968,-876.42333984375,2337.18798828125,-523.98095703125,-888.286254882812,2498.400390625,-558.413818359375,-927.27978515625,2474.8671875,-636.487426757812,-930.657470703125,2371.83422851562,-505.393737792968,-928.09228515625,2469.15454101562,-470.883728027343,-948.15087890625,2341.60375976562
-535.239440917968,-249.136657714843,2359.15551757812,-539.494384765625,-426.81460571289,2361.55737304687,-545.97265625,-568.368530273437,2350.94873046875,-556.130981445312,-783.6806640625,2332.95629882812,-587.042724609375,-747.545166015625,2344.06469726562,-716.949401855468,-716.022827148437,2393.20654296875,-877.135620117187,-523.792114257812,2508.046875,-777.779174804687,-446.947052001953,2702.00561523437,-800.70263671875,-371.17333984375,2756.19653320312,-798.07568359375,-273.73989868164,2710.48803710937,-773.59228515625,-304.666870117187,2726.09692382812,-522.532104492187,-748.466796875,2325.8193359375,-396.826904296875,-725.266357421875,2297.06005859375,-204.240966796875,-521.898193359375,2281.31640625,-182.308959960937,-422.651947021484,2492.09228515625,-213.69140625,-325.428253173828,2507.35278320312,-230.916564941406,-226.172210693359,2474.96801757812,-267.078063964843,-323.088714599609,2427.22241210937,-623.409912109375,-246.731262207031,2380.90112304687,-531.403686523437,140.597305297851,2405.29248046875,-455.970703125,514.20556640625,2400.28979492187,-448.830993652343,594.870483398437,2568.45263671875,-455.732299804687,-251.305725097656,2339.54663085937,-593.083984375,117.132255554199,2403.8056640625,-677.46484375,475.737152099609,2291.31689453125,-689.10400390625,593.984313964843,2415.29736328125,-556.298034667968,-864.833984375,2339.08251953125,-525.797973632812,-887.744506835937,2494.56567382812,-559.160400390625,-924.725830078125,2469.48486328125,-637.698120117187,-922.0986328125,2370.60498046875,-507.51806640625,-923.918334960937,2462.7177734375,-476.379211425781,-933.218872070312,2336.2919921875
-533.956298828125,-250.275451660156,2362.54711914062,-539.249694824218,-425.92691040039,2364.57299804687,-546.894348144531,-565.65576171875,2352.04077148437,-557.233642578125,-778.401000976562,2332.78637695312,-587.781372070312,-742.692504882812,2343.8779296875,-716.599609375,-717.078125,2394.66845703125,-875.789794921875,-530.718505859375,2513.12133789062,-770.153076171875,-452.955291748046,2700.189453125,-793.536010742187,-376.775451660156,2751.64282226562,-801.326293945312,-278.630187988281,2711.18774414062,-772.257690429687,-312.418518066406,2724.63818359375,-523.9228515625,-743.596313476562,2326.10375976562,-398.245666503906,-725.664428710937,2300.29125976562,-196.2841796875,-535.6220703125,2294.966796875,-175.425964355468,-445.72622680664,2507.1328125,-210.501342773437,-350.391235351562,2517.72119140625,-219.327270507812,-250.691864013671,2487.24975585937,-251.625793457031,-346.453338623046,2436.8681640625,-621.197082519531,-247.402099609375,2383.72705078125,-538.568237304687,137.205200195312,2411.46508789062,-469.29052734375,507.669189453125,2410.9306640625,-456.435119628906,604.311340332031,2567.61865234375,-455.287414550781,-252.866455078125,2343.44848632812,-585.542358398437,113.485961914062,2406.73046875,-669.402465820312,471.437744140625,2307.3046875,-687.762084960937,593.757751464843,2423.619140625,-557.564575195312,-858.678466796875,2338.30615234375,-526.826293945312,-886.387573242187,2491.09155273437,-559.899536132812,-922.123046875,2465.22290039062,-637.920043945312,-916.32080078125,2367.88818359375,-508.864501953125,-921.0888671875,2458.37084960937,-478.545043945312,-926.141235351562,2333.01879882812
-533.789916992187,-246.481170654296,2365.0078125,-542.652587890625,-420.434112548828,2367.05688476562,-552.246948242187,-558.917602539062,2355.97729492187,-560.576538085937,-769.776000976562,2335.8984375,-591.278259277343,-734.66650390625,2346.62280273437,-719.027709960937,-707.071899414062,2395.61059570312,-874.856811523437,-526.93359375,2522.365234375,-773.478515625,-455.073638916015,2711.68310546875,-791.938842773437,-372.832702636718,2753.33666992187,-802.632507324218,-277.138519287109,2710.22241210937,-771.978820800781,-314.554290771484,2724.35620117187,-527.745361328125,-734.994506835937,2329.86499023437,-403.428527832031,-717.133178710937,2303.1494140625,-199.005798339843,-533.3232421875,2305.40185546875,-178.802001953125,-455.918853759765,2520.31958007812,-211.093994140625,-361.156921386718,2535.32299804687,-209.627380371093,-264.233581542968,2498.4775390625,-246.275207519531,-355.429779052734,2441.9736328125,-620.973999023437,-241.83413696289,2382.42163085937,-537.86474609375,138.549606323242,2416.85424804687,-463.436096191406,504.435272216796,2428.39501953125,-443.743530273437,598.504272460937,2584.02392578125,-455.172058105468,-250.671600341796,2349.30517578125,-569.826171875,118.016677856445,2407.43627929687,-657.216003417968,484.012817382812,2377.3310546875,-643.832275390625,589.486999511718,2507.78173828125,-560.35302734375,-849.36669921875,2341.04125976562,-527.766357421875,-886.281005859375,2490.00708007812,-560.57373046875,-920.264770507812,2462.52294921875,-639.152465820312,-908.99072265625,2367.55444335937,-510.088684082031,-918.346923828125,2455.20678710937,-481.555786132812,-915.046264648437,2330.54760742187
-536.482543945312,-243.086944580078,2372.109375,-542.323425292968,-416.256378173828,2372.03735351562,-549.813354492187,-553.87109375,2358.12084960937,-560.711059570312,-763.299438476562,2336.2119140625,-590.811401367187,-728.098999023437,2347.2109375,-717.15771484375,-696.740234375,2395.46630859375,-871.957275390625,-517.33642578125,2521.48779296875,-774.814331054687,-453.683685302734,2714.49658203125,-791.596069335937,-370.745635986328,2754.31640625,-802.736633300781,-276.333892822265,2709.87255859375,-772.099487304687,-313.759002685546,2724.4619140625,-527.627014160156,-729.057250976562,2330.52099609375,-403.288330078125,-712.898681640625,2306.189453125,-197.297180175781,-533.180786132812,2313.2890625,-184.83544921875,-468.137908935546,2531.572265625,-213.565979003906,-373.382263183593,2549.884765625,-201.170288085937,-278.581451416015,2511.16284179687,-241.543518066406,-364.921600341796,2448.07470703125,-623.178588867187,-240.170135498046,2389.92651367187,-545.046630859375,139.399856567382,2421.42504882812,-474.993347167968,504.166351318359,2431.84765625,-449.303955078125,590.878662109375,2589.72314453125,-458.304931640625,-245.717163085937,2356.04272460937,-568.615051269531,123.104331970214,2407.49487304687,-657.295104980468,487.226287841796,2384.216796875,-644.140625,589.394226074218,2516.16650390625,-561.472778320312,-842.509155273437,2340.59497070312,-528.540283203125,-884.52978515625,2487.24047851562,-561.288696289062,-917.31982421875,2458.82641601562,-639.787231445312,-902.697631835937,2365.10888671875,-511.096923828125,-915.170043945312,2451.439453125,-483.162658691406,-907.452026367187,2327.53564453125
-534.999694824218,-239.302947998046,2379.12353515625,-542.856079101562,-412.486663818359,2380.67309570312,-551.089782714843,-550.064331054687,2366.0263671875,-565.6083984375,-758.81298828125,2339.119140625,-595.2255859375,-723.27685546875,2350.46459960937,-722.287170410156,-687.3896484375,2393.65307617187,-874.39697265625,-506.936492919921,2521.76733398437,-783.660400390625,-450.467498779296,2720.2060546875,-791.19287109375,-364.363983154296,2756.06127929687,-800.672912597656,-271.112213134765,2708.732421875,-771.750305175781,-311.034210205078,2725.1455078125,-531.775756835937,-725.075317382812,2334.72900390625,-407.627990722656,-709.947875976562,2308.44750976562,-198.921264648437,-533.2763671875,2318.2998046875,-188.518615722656,-474.534942626953,2538.607421875,-215.062194824218,-379.520385742187,2559.07446289062,-197.012634277343,-285.904174804687,2519.54174804687,-239.292785644531,-369.539733886718,2452.70043945312,-622.824279785156,-235.22021484375,2390.14526367187,-545.074829101562,144.397521972656,2424.666015625,-474.457336425781,509.247039794921,2436.04663085937,-441.828063964843,608.095458984375,2585.400390625,-455.804443359375,-242.984466552734,2369.18481445312,-567.724487304687,127.105552673339,2408.27368164062,-657.31591796875,491.400573730468,2387.83837890625,-645.750854492187,591.472412109375,2521.65405273437,-567.940734863281,-838.118408203125,2341.666015625,-530.072387695312,-883.210083007812,2486.29077148437,-562.299438476562,-916.348388671875,2457.62426757812,-643.494018554687,-901.858032226562,2366.11499023437,-512.374877929687,-912.147583007812,2449.18017578125,-487.632568359375,-899.781494140625,2324.8994140625
-538.109924316406,-234.054504394531,2395.76806640625,-543.733215332031,-406.55630493164,2396.66674804687,-553.339294433593,-542.577026367187,2375.5693359375,-568.75830078125,-749.082641601562,2340.46362304687,-598.050659179687,-714.074951171875,2353.306640625,-724.896911621093,-682.739379882812,2398.6298828125,-863.29541015625,-497.152679443359,2532.32983398437,-784.462280273437,-442.669403076171,2735.22094726562,-784.200439453125,-356.042572021484,2769.48388671875,-799.411010742187,-271.864044189453,2709.39819335937,-772.292602539062,-303.918151855468,2725.09790039062,-534.957153320312,-715.47900390625,2337.3095703125,-411.354064941406,-699.842651367187,2311.5283203125,-221.239379882812,-518.67724609375,2383.90063476562,-215.052551269531,-470.04263305664,2605.77221679687,-231.928771972656,-373.934844970703,2628.99682617187,-182.902160644531,-310.313415527343,2564.91430664062,-236.049194335937,-389.898406982421,2488.35888671875,-623.894653320312,-231.152099609375,2416.11474609375,-548.873413085937,148.679824829101,2426.06982421875,-483.068420410156,512.700927734375,2413.42578125,-442.652160644531,604.660400390625,2564.28100585937,-460.754089355468,-236.671722412109,2377.42016601562,-568.106262207031,133.460144042968,2411.40258789062,-660.223999023437,495.033508300781,2385.3623046875,-645.688903808593,592.415161132812,2519.93798828125,-571.394165039062,-828.062744140625,2339.81494140625,-532.02685546875,-878.673095703125,2481.43212890625,-564.205078125,-910.640380859375,2451.85498046875,-646.01123046875,-892.924682617187,2362.21484375,-514.612609863281,-905.814819335937,2443.15209960937,-491.270812988281,-888.2236328125,2319.81396484375
-542.581420898437,-231.832397460937,2411.63061523437,-545.38134765625,-405.166870117187,2409.0888671875,-552.252502441406,-541.935302734375,2387.673828125,-573.535888671875,-746.774536132812,2341.82299804687,-602.052307128906,-711.406860351562,2356.1357421875,-728.302856445312,-668.567504882812,2395.18579101562,-862.50341796875,-475.261199951171,2524.57885742187,-795.735107421875,-433.22720336914,2735.71655273437,-781.741577148437,-349.189849853515,2774.42993164062,-796.529174804687,-269.991119384765,2707.08349609375,-772.135070800781,-295.390716552734,2724.99340820312,-538.538635253906,-713.966186523437,2340.75634765625,-414.895812988281,-696.174560546875,2313.74853515625,-219.962585449218,-522.804809570312,2396.32104492187,-222.197021484375,-492.137664794921,2622.4912109375,-237.020385742187,-397.217712402343,2652.86376953125,-182.061706542968,-332.116912841796,2594.59765625,-235.573181152343,-403.662078857421,2509.44140625,-628.735656738281,-230.744140625,2432.3232421875,-550.54833984375,150.341430664062,2436.65869140625,-481.115600585937,515.333251953125,2422.42578125,-441.658874511718,603.268676757812,2576.87768554687,-464.892456054687,-232.813720703125,2392.970703125,-569.699645996093,140.553146362304,2418.3740234375,-663.693359375,501.633361816406,2374.18603515625,-646.879150390625,603.186767578125,2506.32690429687,-578.5712890625,-825.860107421875,2337.14379882812,-534.213623046875,-875.200073242187,2478.50708007812,-565.772705078125,-908.572631835937,2449.369140625,-650.348510742187,-894.049194335937,2360.97436523437,-516.375732421875,-901.683471679687,2439.66870117187,-496.092407226562,-882.930419921875,2315.37426757812
-561.566467285156,-208.880584716796,2445.9521484375,-553.273803710937,-387.101379394531,2428.97705078125,-553.734985351562,-526.942749023437,2397.79174804687,-571.018798828125,-738.164306640625,2346.29077148437,-601.124206542968,-702.7763671875,2362.59375,-732.349548339843,-660.65576171875,2402.94213867187,-856.625732421875,-438.861785888671,2514.4140625,-822.198974609375,-364.451965332031,2732.50659179687,-749.506408691406,-351.727111816406,2795.04418945312,-774.563842773437,-293.351501464843,2707.02783203125,-767.24560546875,-251.409088134765,2720.634765625,-535.8349609375,-703.22509765625,2345.0625,-408.553894042968,-672.948364257812,2326.73388671875,-274.366760253906,-432.30679321289,2390.70361328125,-216.137023925781,-240.576446533203,2515.275390625,-242.588195800781,-149.834533691406,2471.52416992187,-212.871704101562,-251.089324951171,2487.27661132812,-299.900756835937,-280.673919677734,2401.20849609375,-646.645141601562,-215.999877929687,2479.13452148437,-614.784790039062,177.5732421875,2402.85571289062,-594.16259765625,547.950134277343,2302.2861328125,-537.793518066406,690.984741210937,2410.82421875,-484.847290039062,-202.460845947265,2416.03002929687,-574.6298828125,189.105880737304,2416.05859375,-681.124145507812,561.740905761718,2390.66455078125,-619.172546386718,690.048095703125,2489.04907226562,-574.071899414062,-819.908203125,2339.78271484375,-531.748596191406,-878.398681640625,2484.15893554687,-565.369506835937,-910.376342773437,2452.40063476562,-651.195861816406,-888.356079101562,2360.9296875,-513.968627929687,-904.8681640625,2443.11694335937,-490.934387207031,-881.258178710937,2315.6982421875
-579.155578613281,-175.579162597656,2473.41479492187,-559.390991210937,-360.385681152343,2444.86474609375,-553.440307617187,-505.701263427734,2406.82788085937,-559.761108398437,-729.1484375,2357.89379882812,-593.29443359375,-693.354614257812,2374.11962890625,-736.783020019531,-661.282104492187,2407.05224609375,-869.540405273437,-420.88394165039,2504.10961914062,-841.572265625,-329.802520751953,2729.23974609375,-766.011596679687,-333.392425537109,2796.90478515625,-771.102111816406,-301.014617919921,2687.83325195312,-751.995971679687,-242.215850830078,2727.27172851562,-524.827880859375,-690.632080078125,2355.7861328125,-395.162231445312,-645.0634765625,2337.79174804687,-289.273864746093,-382.390594482421,2426.48706054687,-236.764709472656,-171.330810546875,2544.72778320312,-260.525939941406,-80.1487274169921,2489.380859375,-231.49755859375,-184.542449951171,2517.50927734375,-308.015686035156,-236.72817993164,2428.13256835937,-659.824890136718,-191.873931884765,2523.04663085937,-630.583984375,225.974700927734,2573.97216796875,-691.763427734375,619.975952148437,2513.6591796875,-624.899475097656,781.27587890625,2605.85766601562,-506.412475585937,-160.885437011718,2428.65942382812,-529.729736328125,259.641906738281,2445.27319335937,-658.003051757812,639.589233398437,2372.86450195312,-605.665161132812,796.03515625,2448.95288085937,-558.424194335937,-815.099365234375,2353.03833007812,-525.884033203125,-893.617919921875,2499.53466796875,-563.363464355468,-920.188354492187,2462.52514648437,-647.181213378906,-879.369750976562,2366.8056640625,-508.826293945312,-919.4677734375,2454.6513671875,-477.681945800781,-886.135864257812,2324.30712890625
-554.699829101562,-203.403228759765,2440.9248046875,-552.760864257812,-360.609680175781,2426.16552734375,-555.653198242187,-484.875457763671,2404.10961914062,-563.044311523437,-670.442749023437,2354.74487304687,-590.724487304687,-640.864013671875,2370.27124023437,-702.36572265625,-603.450439453125,2416.59765625,-763.402954101562,-398.828643798828,2535.8916015625,-783.341674804687,-232.394500732421,2654.40893554687,-786.055725097656,-147.768142700195,2644.65063476562,-745.330932617187,-75.7837829589843,2596.62109375,-795.526123046875,-142.478958129882,2593.66943359375,-533.531494140625,-638.223754882812,2353.83935546875,-426.481994628906,-594.818359375,2339.49365234375,-329.179382324218,-380.972229003906,2422.64233398437,-256.773498535156,-205.738677978515,2507.89794921875,-273.88720703125,-116.497634887695,2495.0625,-313.269348144531,-31.4221649169921,2488.078125,-310.100402832031,-139.470458984375,2472.36572265625,-628.8662109375,-207.283630371093,2472.51318359375,-642.73046875,145.597869873046,2443.50903320312,-661.347534179687,480.327667236328,2395.67578125,-637.3251953125,567.367736816406,2534.751953125,-487.820678710937,-199.904144287109,2412.44018554687,-504.904846191406,153.644836425781,2412.41015625,-538.750244140625,493.434143066406,2390.00927734375,-460.725463867187,586.25048828125,2482.59350585937,-562.490844726562,-742.369750976562,2347.408203125,-519.072509765625,-783.39990234375,2476.48266601562,-548.314636230468,-814.631103515625,2451.50439453125,-627.175109863281,-803.961059570312,2372.39868164062,-503.552978515625,-808.51513671875,2441.4765625,-487.679260253906,-794.735961914062,2327.4287109375
-560.753479003906,-176.402374267578,2455.48217773437,-552.304260253906,-339.163604736328,2439.04248046875,-550.895874023437,-468.119903564453,2416.28784179687,-559.931274414062,-660.069458007812,2363.27563476562,-588.384948730468,-629.380004882812,2379.82641601562,-711.246215820312,-594.300903320312,2409.86767578125,-768.217529296875,-390.877288818359,2550.40966796875,-776.906982421875,-248.645782470703,2708.66821289062,-790.828308105468,-164.837738037109,2684.18627929687,-757.749267578125,-99.3277740478515,2617.4228515625,-785.073974609375,-164.971527099609,2624.70581054687,-529.130615234375,-626.813842773437,2362.49609375,-417.0927734375,-586.10302734375,2343.24536132812,-326.042846679687,-364.867706298828,2441.23974609375,-249.78173828125,-180.055450439453,2522.080078125,-271.887878417968,-90.7245483398437,2497.71362304687,-307.435180664062,-4.2215576171875,2470.0791015625,-306.278381347656,-97.3546905517578,2481.79907226562,-633.996704101562,-184.22378540039,2495.2744140625,-653.233581542968,179.980148315429,2541.08251953125,-704.411315917968,526.370971679687,2512.81420898437,-662.358154296875,652.89453125,2621.4912109375,-494.706909179687,-169.349517822265,2419.59936523437,-537.922058105468,195.245971679687,2414.61547851562,-600.278564453125,543.744018554687,2388.623046875,-537.078735351562,661.906127929687,2472.81982421875,-559.823852539062,-734.608154296875,2354.94580078125,-483.205322265625,-810.70556640625,2455.47900390625,-526.368530273437,-832.210571289062,2437.71313476562,-626.394104003906,-792.44384765625,2393.41723632812,-485.667297363281,-830.405151367187,2412.32275390625,-506.330871582031,-793.640014648437,2299.65747070312
-553.698669433593,-114.223541259765,2459.919921875,-547.289916992187,-289.716369628906,2457.005859375,-548.920166015625,-428.474639892578,2435.5888671875,-560.100402832031,-637.123291015625,2390.619140625,-590.535034179687,-602.885498046875,2405.78198242187,-726.079956054687,-577.215454101562,2433.60229492187,-773.693725585937,-344.902923583984,2566.92333984375,-779.97314453125,-161.603363037109,2702.93017578125,-772.2177734375,-78.0111541748046,2658.89990234375,-732.334289550781,-8.12984466552734,2589.31762695312,-773.073791503906,-76.4113006591796,2610.44018554687,-526.611206054687,-601.962768554687,2388.40063476562,-405.306335449218,-569.227661132812,2357.17065429687,-312.478210449218,-327.881164550781,2457.03198242187,-250.593017578125,-139.979629516601,2576.72998046875,-259.175537109375,-51.4678649902343,2526.62768554687,-313.067016601562,12.7767715454101,2464.16870117187,-265.913391113281,-58.9892425537109,2502.86743164062,-638.345764160156,-117.807327270507,2489.58203125,-648.157592773437,265.211730957031,2581.92431640625,-685.894897460937,636.649780273437,2532.15576171875,-672.480590820312,781.746337890625,2645.20874023437,-477.36865234375,-110.991897583007,2433.17260742187,-475.963256835937,281.442687988281,2464.57275390625,-532.318237304687,649.549682617187,2385.90209960937,-499.870239257812,792.83642578125,2470.80590820312,-560.830688476562,-717.424560546875,2386.35302734375,-477.458374023437,-825.911865234375,2465.75366210937,-524.938598632812,-842.334838867187,2443.12182617187,-632.47998046875,-786.835327148437,2412.62182617187,-482.169921875,-834.0771484375,2415.69995117187,-507.163757324218,-763.905883789062,2310.39770507812
-551.426391601562,-116.850372314453,2475.65380859375,-541.73046875,-281.583923339843,2464.67700195312,-537.862426757812,-412.125823974609,2444.06396484375,-556.595886230468,-605.71142578125,2392.30932617187,-583.836975097656,-573.084350585937,2408.36987304687,-701.988647460937,-533.186889648437,2453.19580078125,-758.56103515625,-311.489074707031,2568.40576171875,-807.07568359375,-124.845703125,2663.4765625,-766.940612792968,-45.1859130859375,2660.07104492187,-737.549194335937,24.9937667846679,2594.92163085937,-738.7421875,-20.5140991210937,2620.73999023437,-523.760498046875,-573.832641601562,2391.57470703125,-408.43505859375,-538.765502929687,2373.33544921875,-316.420349121093,-311.098022460937,2461.82836914062,-239.771667480468,-121.433120727539,2536.37939453125,-258.467895507812,-28.2912902832031,2550.962890625,-305.759216308593,27.4965591430664,2485.04516601562,-299.575256347656,-13.7072143554687,2519.18017578125,-631.692077636718,-123.287399291992,2501.35717773437,-649.223510742187,246.201034545898,2531.29272460937,-670.107299804687,600.186340332031,2538.29296875,-619.0673828125,659.762084960937,2693.22875976562,-479.047302246093,-111.045822143554,2452.4755859375,-482.698974609375,252.605987548828,2380.552734375,-500.910034179687,597.846313476562,2286.0615234375,-445.296508789062,703.013793945312,2392.72338867187,-560.368591308593,-680.95068359375,2384.62866210937,-458.505798339843,-755.521606445312,2463.69946289062,-497.510986328125,-783.070678710937,2443.40502929687,-608.685424804687,-760.361083984375,2412.82543945312,-460.472351074218,-766.31982421875,2417.01123046875,-499.709777832031,-713.403564453125,2314.97094726562
-547.174560546875,-97.3627319335937,2491.42944335937,-543.11279296875,-262.785705566406,2481.69604492187,-544.711303710937,-392.72378540039,2455.7333984375,-560.220642089843,-587.426879882812,2405.34375,-588.009643554687,-555.135009765625,2421.43505859375,-708.47314453125,-522.963989257812,2467.19946289062,-760.715759277343,-296.129333496093,2575.54541015625,-806.246765136718,-105.009414672851,2664.07861328125,-772.856689453125,-23.3785858154296,2679.1064453125,-739.539489746093,47.4328536987304,2616.21948242187,-741.401489257812,8.15845489501953,2640.67724609375,-527.928100585937,-554.866455078125,2404.12475585937,-413.304992675781,-520.587646484375,2379.29736328125,-316.216857910156,-294.282592773437,2467.61474609375,-235.165832519531,-105.204559326171,2540.42553710937,-236.720031738281,-18.2508392333984,2581.85327148437,-269.423950195312,68.6097717285156,2548.33227539062,-289.460876464843,10.7590560913085,2556.25463867187,-629.07666015625,-100.633666992187,2512.84228515625,-668.674194335937,266.78271484375,2470.55126953125,-705.891906738281,613.623901367187,2402.15087890625,-699.615234375,758.218017578125,2498.84423828125,-473.319885253906,-94.4131774902343,2472.1201171875,-471.833801269531,264.203063964843,2374.93041992187,-483.591369628906,602.880187988281,2255.78881835937,-455.662353515625,744.953735351562,2324.20629882812,-562.634521484375,-662.947021484375,2398.19287109375,-461.731689453125,-751.272216796875,2463.822265625,-503.211547851562,-774.361083984375,2442.59057617187,-614.345825195312,-742.47314453125,2420.10278320312,-466.354309082031,-756.763793945312,2416.29125976562,-506.916381835937,-690.787719726562,2322.3720703125
-546.0703125,-58.6788787841796,2503.2919921875,-541.245971679687,-228.399536132812,2494.27612304687,-542.351745605468,-361.833099365234,2468.37060546875,-562.270751953125,-559.556640625,2410.74487304687,-590.109619140625,-526.368530273437,2428.22875976562,-713.870849609375,-486.99673461914,2469.39111328125,-754.073364257812,-267.392364501953,2609.10302734375,-788.814331054687,-82.3795471191406,2724.96728515625,-778.59033203125,2.65406036376953,2692.00146484375,-737.91162109375,84.4901275634765,2644.53466796875,-745.7275390625,18.188117980957,2656.74951171875,-528.47509765625,-526.813842773437,2410.49487304687,-409.336364746093,-494.362091064453,2389.005859375,-308.523071289062,-264.54052734375,2484.03125,-224.371826171875,-72.6444244384765,2562.77490234375,-236.403930664062,15.9445037841796,2604.85864257812,-237.074035644531,116.295440673828,2591.61694335937,-268.780090332031,35.0176239013671,2600.80908203125,-630.097534179687,-62.2293395996093,2525.16625976562,-669.203979492187,315.134460449218,2484.6982421875,-707.130126953125,671.217163085937,2415.97509765625,-700.907836914062,819.044555664062,2515.90380859375,-470.29931640625,-55.4772491455078,2483.56665039062,-529.866760253906,308.709686279296,2388.29443359375,-602.961059570312,650.82568359375,2272.61328125,-577.581726074218,797.747680664062,2341.56176757812,-566.311950683593,-636.702514648437,2401.10131835937,-445.919372558593,-644.850219726562,2495.40014648437,-473.353271484375,-689.829711914062,2487.04516601562,-587.357543945312,-716.546875,2457.27124023437,-441.945617675781,-670.550537109375,2453.50732421875,-493.205505371093,-668.509643554687,2339.66333007812
-541.205444335937,-33.1067199707031,2508.65551757812,-534.341186523437,-203.889465332031,2504.5693359375,-535.284057617187,-338.800323486328,2482.65844726562,-555.901245117187,-537.85498046875,2425.7421875,-583.931213378906,-504.133331298828,2442.58056640625,-712.3935546875,-466.532623291015,2471.75170898437,-760.9638671875,-247.896850585937,2613.07055664062,-801.931335449218,-64.2326354980468,2731.361328125,-784.38427734375,22.5194091796875,2705.2529296875,-739.0927734375,108.318038940429,2669.0595703125,-745.802490234375,44.2316703796386,2682.97875976562,-521.6494140625,-505.210418701171,2425.8779296875,-401.76904296875,-478.082489013671,2398.02001953125,-308.0087890625,-244.556732177734,2495.41186523437,-229.826293945312,-49.8439178466796,2576.87744140625,-240.089660644531,37.0847930908203,2623.89086914062,-253.008972167968,135.021896362304,2599.37060546875,-276.773681640625,57.3615989685058,2621.8193359375,-623.831665039062,-37.1012268066406,2536.8056640625,-663.189575195312,343.936828613281,2515.65942382812,-704.941040039062,704.157958984375,2461.53393554687,-688.094482421875,851.48095703125,2562.74340820312,-466.697692871093,-29.5047302246093,2483.27124023437,-498.122436523437,345.522094726562,2410.904296875,-550.872802734375,697.141967773437,2306.71240234375,-517.189147949218,845.184204101562,2371.77001953125,-560.42822265625,-615.459106445312,2416.51220703125,-457.484375,-598.153076171875,2529.7216796875,-476.149291992187,-647.678588867187,2521.0029296875,-578.6640625,-694.527221679687,2475.66845703125,-442.537353515625,-625.520751953125,2491.17456054687,-473.507202148437,-638.810302734375,2370.22192382812
-535.249755859375,-19.3782424926757,2514.34252929687,-540.692138671875,-178.976379394531,2509.94458007812,-548.772521972656,-305.11181640625,2491.63330078125,-578.20556640625,-495.35073852539,2464.5048828125,-600.492248535156,-461.850677490234,2482.03686523437,-700.54248046875,-409.067962646484,2541.94702148437,-787.26806640625,-187.467834472656,2609.78857421875,-746.19677734375,-53.4277038574218,2763.0185546875,-763.858093261718,29.2581939697265,2746.11352539062,-749.901672363281,93.9529342651367,2675.53344726562,-745.473754882812,42.6871032714843,2684.33276367187,-547.109130859375,-465.613555908203,2454.33569335937,-447.611877441406,-429.79898071289,2402.51904296875,-339.119018554687,-207.06396484375,2355.74853515625,-240.102172851562,-91.4111938476562,2500.84204101562,-173.282653808593,-43.773208618164,2544.25805664062,-260.786926269531,-8.63414764404296,2531.88208007812,-256.006164550781,17.6247024536132,2554.69165039062,-614.343505859375,-17.2362976074218,2534.49072265625,-624.968139648437,338.73876953125,2493.5791015625,-636.573608398437,674.426147460937,2426.13525390625,-619.438598632812,802.586547851562,2533.00732421875,-463.927307128906,-21.3097381591796,2496.17407226562,-447.671081542968,335.198974609375,2466.75170898437,-469.35693359375,663.789672851562,2359.93603515625,-440.973937988281,790.871948242187,2442.79223632812,-583.833374023437,-568.278198242187,2464.95825195312,-460.776306152343,-538.385375976562,2533.2734375,-474.996032714843,-586.42236328125,2531.783203125,-574.23486328125,-640.92138671875,2523.56518554687,-456.661804199218,-564.08642578125,2494.94873046875,-519.225463867187,-584.18603515625,2397.75756835937
-531.393981933593,8.72334289550781,2521.51245117187,-528.133422851562,-155.156799316406,2523.31396484375,-529.325561523437,-285.111236572265,2506.46118164062,-547.01708984375,-479.17642211914,2463.82153320312,-574.31640625,-446.119842529296,2477.6142578125,-694.027282714843,-404.378448486328,2511.95190429687,-755.333679199218,-185.128875732421,2624.38256835937,-796.618041992187,-6.2183837890625,2732.55615234375,-775.530395507812,78.9068298339843,2720.85302734375,-743.655395507812,166.967300415039,2687.89331054687,-725.476684570312,103.056343078613,2711.8359375,-514.42333984375,-447.65640258789,2462.32275390625,-400.9189453125,-418.121856689453,2433.24755859375,-307.975158691406,-193.495910644531,2521.77221679687,-230.466064453125,-6.20223999023437,2595.8349609375,-193.357727050781,44.825870513916,2667.20922851562,-255.689758300781,119.6821975708,2661.322265625,-192.758605957031,76.2627563476562,2636.8974609375,-613.427978515625,7.27751922607421,2538.46411132812,-631.003479003906,373.026275634765,2503.51025390625,-647.338806152343,718.530395507812,2440.75366210937,-639.256530761718,853.768920898437,2546.93383789062,-457.420349121093,10.0270843505859,2506.22631835937,-443.776062011718,375.596527099609,2471.80810546875,-452.690551757812,720.475830078125,2387.1279296875,-415.521362304687,849.134155273437,2471.6640625,-550.684936523437,-554.025146484375,2459.6328125,-430.196960449218,-546.108276367187,2544.59594726562,-454.281677246093,-591.487182617187,2542.23779296875,-563.632263183593,-626.170654296875,2522.05932617187,-426.758605957031,-574.576416015625,2506.68115234375,-481.323181152343,-586.479614257812,2400.03466796875
-541.124816894531,38.992805480957,2517.83349609375,-529.970825195312,-120.149490356445,2535.60009765625,-526.745544433593,-248.351654052734,2530.94653320312,-543.579833984375,-436.666839599609,2481.84301757812,-511.540161132812,-406.363006591796,2481.97119140625,-396.933654785156,-367.177337646484,2438.69311523437,-294.713317871093,-144.649169921875,2395.65380859375,-342.82177734375,27.0904388427734,2287.30419921875,-340.095397949218,91.8993530273437,2229.87036132812,-384.90185546875,177.518890380859,2219.21240234375,-406.8974609375,131.561813354492,2243.23315429687,-569.438293457031,-405.241943359375,2499.6572265625,-679.91259765625,-365.688232421875,2514.88305664062,-753.473876953125,-167.866516113281,2655.01416015625,-774.034118652343,37.7612838745117,2699.20141601562,-793.02685546875,108.072036743164,2757.49267578125,-750.297302246093,190.827880859375,2736.0986328125,-751.982238769531,133.932998657226,2622.6171875,-462.67236328125,41.8313636779785,2494.00634765625,-501.993774414062,268.428253173828,2216.78759765625,-486.885437011718,588.607666015625,2342.31372070312,-504.750183105468,727.98193359375,2249.216796875,-611.868896484375,36.4331436157226,2539.3193359375,-738.885131835937,272.207275390625,2299.02587890625,-695.061401367187,603.139892578125,2396.8486328125,-743.955139160156,724.538208007812,2313.65014648437,-553.168823242187,-503.35659790039,2452.47729492187,-533.495361328125,-399.447967529296,2353.892578125,-508.980163574218,-442.84829711914,2346.7099609375,-469.990478515625,-526.028686523437,2414.31884765625,-555.053344726562,-437.794403076171,2338.66918945312,-616.483520507812,-526.788818359375,2385.607421875
-537.046875,50.1601600646972,2530.87890625,-530.987670898437,-107.020217895507,2550.58740234375,-530.628723144531,-233.722900390625,2547.76611328125,-545.054809570312,-417.913360595703,2492.25244140625,-513.74560546875,-387.667938232421,2493.61279296875,-401.399536132812,-346.065643310546,2451.390625,-306.484252929687,-124.360443115234,2405.20336914062,-356.363098144531,42.8883590698242,2295.59326171875,-335.490234375,93.9845886230468,2230.212890625,-387.419494628906,173.449966430664,2215.81201171875,-411.72705078125,142.14436340332,2239.77319335937,-570.986022949218,-387.843688964843,2510.91357421875,-681.4111328125,-354.316040039062,2529.2919921875,-754.937683105468,-151.993499755859,2656.79833984375,-782.6044921875,53.0760307312011,2683.95654296875,-779.144409179687,101.222648620605,2762.42602539062,-754.847412109375,188.155654907226,2734.87426757812,-733.974304199218,121.838691711425,2734.9970703125,-458.298461914062,50.8074150085449,2511.83032226562,-485.460266113281,265.181701660156,2229.255859375,-477.713500976562,583.332824707031,2348.82543945312,-490.720153808593,720.375,2255.22583007812,-608.057800292968,49.5765037536621,2548.05517578125,-727.694152832031,262.9638671875,2290.32836914062,-688.005004882812,587.701477050781,2395.16967773437,-732.350341796875,709.955810546875,2314.2734375,-553.710327148437,-482.736053466796,2460.76147460937,-538.886596679687,-363.543090820312,2383.55590820312,-511.349975585937,-402.758666992187,2370.23291015625,-468.98095703125,-492.56118774414,2423.4267578125,-556.822998046875,-399.536376953125,2361.27905273437,-612.234313964843,-498.094573974609,2389.02807617187
-537.581115722656,50.9532661437988,2521.703125,-530.526000976562,-87.8775787353515,2543.85131835937,-530.12158203125,-200.286712646484,2549.125,-537.584838867187,-369.614135742187,2524.318359375,-511.283386230468,-341.673461914062,2519.50561523437,-420.699890136718,-296.656280517578,2469.60815429687,-332.016967773437,-102.742095947265,2424.08520507812,-379.973449707031,33.9556198120117,2312.26953125,-350.199035644531,80.2396926879882,2259.890625,-379.983703613281,152.962661743164,2226.83325195312,-407.915832519531,123.050117492675,2249.16064453125,-560.742431640625,-341.846954345703,2538.82177734375,-656.279052734375,-303.746856689453,2552.52758789062,-742.135620117187,-114.466720581054,2630.99536132812,-783.663696289062,63.2452850341796,2598.80981445312,-785.712951660156,91.9361572265625,2675.390625,-761.818359375,154.566314697265,2725.68041992187,-737.619506835937,113.911308288574,2657.71044921875,-471.241333007812,49.8869857788085,2493.88745117187,-473.991577148437,348.696502685546,2391.52856445312,-453.311279296875,648.464477539062,2420.4755859375,-483.807739257812,746.017944335937,2313.69677734375,-597.402648925781,51.9147796630859,2546.78564453125,-673.047729492187,344.381561279296,2455.68969726562,-652.705932617187,647.517456054687,2483.05078125,-707.796508789062,738.454223632812,2398.25659179687,-544.164306640625,-430.86538696289,2505.37084960937,-518.220458984375,-318.071350097656,2453.61376953125,-496.368225097656,-353.011627197265,2437.73974609375,-468.398742675781,-441.869964599609,2474.16357421875,-535.876220703125,-345.232635498046,2428.77587890625,-593.809814453125,-430.302276611328,2438.44848632812
-536.684265136718,70.9651184082031,2526.4990234375,-526.2568359375,-64.8892211914062,2557.11938476562,-523.9189453125,-175.860168457031,2569.14526367187,-526.812072753906,-344.272430419921,2546.5537109375,-501.658264160156,-315.850433349609,2540.93481445312,-414.978454589843,-268.711517333984,2488.15063476562,-332.68212890625,-74.0626983642578,2441.984375,-404.735290527343,43.6284561157226,2324.00415039062,-357.769653320312,77.6401138305664,2275.84838867187,-379.119323730468,144.114837646484,2228.10375976562,-407.926330566406,124.267944335937,2248.42309570312,-550.300659179687,-317.249603271484,2561.1083984375,-646.545166015625,-283.537567138671,2575.17504882812,-747.128112792968,-94.7901458740234,2628.43774414062,-784.624084472656,64.3062133789062,2544.26879882812,-777.326599121093,115.333961486816,2606.9560546875,-778.971252441406,149.176940917968,2682.87744140625,-758.415893554687,112.280097961425,2610.06665039062,-472.258666992187,69.0000305175781,2495.84106445312,-504.826232910156,361.512603759765,2388.23559570312,-488.44189453125,658.358032226562,2424.3994140625,-532.380615234375,759.7724609375,2328.0185546875,-594.779663085937,72.7371063232421,2554.14453125,-669.002075195312,360.849182128906,2456.80786132812,-630.5888671875,658.301879882812,2497.265625,-681.114990234375,757.042846679687,2420.447265625,-531.906127929687,-405.421966552734,2528.56860351562,-513.953979492187,-304.166076660156,2456.13525390625,-485.420532226562,-337.132354736328,2451.80859375,-451.94140625,-409.579193115234,2510.78369140625,-523.34716796875,-338.303009033203,2436.47314453125,-569.363037109375,-427.34683227539,2458.20776367187
-518.990173339843,104.212692260742,2555.12890625,-520.216125488281,-36.2000732421875,2576.10278320312,-512.733764648437,-147.747161865234,2595.70263671875,-524.757202148437,-318.234588623046,2570.40405273437,-502.489624023437,-289.1318359375,2557.037109375,-433.449279785156,-242.872619628906,2479.34985351562,-323.736083984375,-55.0867462158203,2446.765625,-432.807067871093,64.5300064086914,2358.08837890625,-383.717956542968,88.7785873413086,2304.474609375,-380.343811035156,133.473693847656,2231.09033203125,-411.297302246093,115.10277557373,2259.751953125,-541.861572265625,-291.251739501953,2593.27905273437,-636.990173339843,-263.293487548828,2626.7734375,-748.765258789062,-81.7735748291015,2695.81201171875,-802.337646484375,34.4241485595703,2559.56103515625,-789.102661132812,106.910858154296,2596.6865234375,-782.683959960937,168.691177368164,2654.0107421875,-767.881469726562,104.179710388183,2597.65405273437,-495.42138671875,93.8726272583007,2487.28344726562,-523.31689453125,398.0537109375,2396.76245117187,-466.976013183593,695.396728515625,2363.35620117187,-564.452392578125,798.6767578125,2317.9912109375,-540.2431640625,113.53677368164,2616.3076171875,-557.630859375,429.453338623046,2582.03784179687,-467.168151855468,721.980346679687,2551.89990234375,-542.501281738281,834.397094726562,2529.49658203125,-536.407287597656,-379.859954833984,2553.30224609375,-521.179443359375,-296.962738037109,2457.13208007812,-495.472351074218,-333.337677001953,2456.84936523437,-458.839599609375,-395.749145507812,2527.13989257812,-535.784118652343,-333.979827880859,2446.5654296875,-585.363586425781,-412.811859130859,2493.458984375
-521.699829101562,121.322959899902,2551.04150390625,-515.549560546875,-16.5682067871093,2588.30883789062,-504.742126464843,-125.852676391601,2619.9970703125,-519.299499511718,-298.450775146484,2603.6162109375,-496.352905273437,-270.239562988281,2588.76806640625,-419.855590820312,-233.248321533203,2511.93310546875,-305.73876953125,-52.6210174560546,2453.67895507812,-424.717468261718,60.5174980163574,2366.55200195312,-385.475708007812,86.7186279296875,2305.49169921875,-380.061584472656,134.103363037109,2233.216796875,-412.589721679687,111.172958374023,2265.06665039062,-536.248168945312,-269.836395263671,2625.05395507812,-632.68408203125,-242.464141845703,2657.57934570312,-749.505249023437,-58.5948181152343,2716.4052734375,-782.531005859375,25.0836868286132,2551.0732421875,-785.051025390625,105.022003173828,2573.59057617187,-790.086120605468,177.053741455078,2618.65283203125,-774.403686523437,110.330192565917,2576.615234375,-497.457397460937,104.347900390625,2484.23168945312,-687.915466308593,283.609497070312,2298.44458007812,-592.513549804687,574.538330078125,2282.14404296875,-683.98046875,673.500244140625,2215.96752929687,-543.560302734375,136.630111694335,2611.287109375,-601.35205078125,373.710174560546,2403.54321289062,-402.857238769531,606.1103515625,2454.38647460937,-441.834289550781,728.989868164062,2404.78271484375,-531.867309570312,-361.157348632812,2589.64331054687,-481.147399902343,-279.965606689453,2503.51635742187,-464.593688964843,-321.641387939453,2504.55053710937,-456.010681152343,-394.148132324218,2575.19140625,-501.790405273437,-312.258148193359,2487.70166015625,-575.938049316406,-379.352661132812,2519.71655273437
-495.153015136718,123.833938598632,2799.5595703125,-499.924255371093,-12.9687805175781,2738.37353515625,-501.986633300781,-124.166702270507,2693.6611328125,-504.68017578125,-291.438446044921,2620.82250976562,-476.293395996093,-262.538269042968,2628.29907226562,-363.347961425781,-222.892913818359,2618.0185546875,-251.704467773437,-23.7708740234375,2660.7392578125,-256.143005371093,156.37841796875,2586.42114257812,-234.23779296875,225.512481689453,2550.50512695312,-268.458740234375,309.410400390625,2544.423828125,-296.337036132812,265.065002441406,2549.38842773437,-531.740356445312,-265.750793457031,2638.9833984375,-635.802490234375,-235.526824951171,2660.74487304687,-731.393615722656,-41.6289978027343,2757.0,-766.914916992187,152.442169189453,2763.27172851562,-764.405883789062,200.198257446289,2836.11279296875,-800.890441894531,271.321655273437,2875.83911132812,-798.957763671875,240.67610168457,2759.1787109375,-423.594604492187,132.910980224609,2773.6845703125,-428.978149414062,467.052856445312,2812.70190429687,-399.13232421875,728.2900390625,2997.78857421875,-423.732177734375,877.498779296875,2953.9599609375,-559.680419921875,115.648773193359,2822.89208984375,-590.838195800781,433.398193359375,2927.88305664062,-538.526733398437,675.245727539062,3138.48388671875,-578.4970703125,813.188598632812,3119.55883789062,-507.886840820312,-349.07974243164,2583.66943359375,-538.440002441406,-243.128143310546,2505.70239257812,-513.568237304687,-277.826965332031,2485.94799804687,-445.723876953125,-351.954895019531,2521.35595703125,-556.641479492187,-280.870422363281,2494.08740234375,-581.341552734375,-376.766510009765,2542.24365234375
-453.255004882812,175.44985961914,2778.66796875,-466.3173828125,26.1522827148437,2749.64013671875,-478.39990234375,-93.4328918457031,2728.5009765625,-489.791564941406,-270.784088134765,2674.408203125,-459.402465820312,-244.559326171875,2686.5615234375,-340.996887207031,-214.679321289062,2693.5546875,-207.347595214843,-19.6444244384765,2696.58911132812,-211.908386230468,128.971466064453,2565.14428710937,-229.629699707031,207.362854003906,2546.99536132812,-259.703735351562,294.786376953125,2547.97583007812,-281.121276855468,231.112396240234,2553.81616210937,-516.514038085937,-238.919067382812,2681.85034179687,-624.052001953125,-207.6875,2692.92065429687,-733.77685546875,-20.567771911621,2797.76391601562,-730.78955078125,163.642028808593,2717.47436523437,-756.708129882812,207.97900390625,2789.81176757812,-785.934631347656,263.825866699218,2855.27880859375,-799.821716308593,245.579498291015,2761.67114257812,-392.413452148437,161.052520751953,2825.33862304687,-316.211120605468,494.103698730468,2850.0166015625,-418.642517089843,759.158569335937,3012.5732421875,-367.859497070312,910.607421875,2999.17456054687,-508.118408203125,188.432556152343,2736.5830078125,-349.839599609375,476.170227050781,2640.451171875,-454.699890136718,716.720947265625,2841.88940429687,-417.819580078125,859.514404296875,2842.73193359375,-492.795837402343,-333.352233886718,2643.39868164062,-484.298950195312,-256.643768310546,2529.60864257812,-458.865478515625,-297.21450805664,2530.53930664062,-414.239562988281,-358.41421508789,2608.18872070312,-503.189392089843,-296.357849121093,2524.537109375,-554.338562011718,-371.942352294921,2589.64501953125
-514.482421875,122.463508605957,2480.56713867187,-497.745361328125,10.3151702880859,2548.28759765625,-484.148559570312,-78.4228363037109,2603.86791992187,-467.547119140625,-217.713287353515,2682.31811523437,-494.918273925781,-195.658233642578,2673.31518554687,-593.937744140625,-167.975158691406,2698.38037109375,-723.629638671875,-11.1535949707031,2677.44311523437,-774.638000488281,151.796203613281,2695.53295898437,-795.649597167968,215.596496582031,2671.66577148437,-763.540161132812,287.448638916015,2657.34545898437,-742.744018554687,225.203063964843,2646.01000976562,-445.974670410156,-194.514221191406,2664.083984375,-352.555053710937,-170.034027099609,2651.75903320312,-221.196411132812,-8.31203460693359,2645.37036132812,-167.347961425781,138.563919067382,2721.26904296875,-113.201477050781,188.883392333984,2700.595703125,-126.585876464843,253.492965698242,2657.83203125,-156.453186035156,168.774856567382,2654.95971679687,-580.891967773437,119.656372070312,2492.33129882812,-620.488525390625,412.021759033203,2520.41137695312,-644.175537109375,563.378173828125,2282.18286132812,-671.222412109375,680.558715820312,2351.25732421875,-454.598022460937,124.994827270507,2469.958984375,-416.4873046875,417.401580810546,2496.24145507812,-500.665954589843,589.162231445312,2283.32958984375,-467.803955078125,684.64794921875,2361.33081054687,-459.902893066406,-264.460968017578,2719.91040039062,-438.194641113281,-208.619506835937,2822.67919921875,-456.127258300781,-245.91030883789,2824.8642578125,-511.074829101562,-296.871551513671,2768.37158203125,-418.554260253906,-241.002502441406,2816.97094726562,-391.277709960937,-295.211395263671,2741.30493164062
-496.133972167968,165.09846496582,2550.2509765625,-465.843078613281,40.501724243164,2676.37817382812,-444.145751953125,-71.5204925537109,2763.87622070312,-401.154479980468,-246.639495849609,2887.94018554687,-439.871337890625,-216.999694824218,2879.9208984375,-569.085327148437,-165.13296508789,2917.11938476562,-714.821838378906,61.914695739746,2847.64819335937,-785.990112304687,280.599914550781,2805.36840820312,-784.787963867187,292.614501953125,2709.0439453125,-755.93994140625,372.333129882812,2640.63525390625,-788.470520019531,308.283721923828,2670.69409179687,-377.454833984375,-219.669525146484,2853.46215820312,-276.856018066406,-185.511291503906,2774.14379882812,-226.507568359375,63.0164794921875,2646.55224609375,-184.381164550781,269.454406738281,2538.48999023437,-141.289428710937,334.934997558593,2607.6357421875,-169.854431152343,426.21743774414,2559.5009765625,-156.789123535156,386.956237792968,2590.91137695312,-585.998046875,162.697113037109,2569.46069335937,-674.02880859375,454.408111572265,2304.79345703125,-760.982788085937,616.937622070312,1965.96984863281,-791.864013671875,801.9697265625,1944.05261230468,-415.099609375,167.263885498046,2532.92895507812,-352.541748046875,537.410583496093,2385.88793945312,-398.184143066406,804.968994140625,2106.14892578125,-358.687194824218,973.641723632812,2119.74169921875,-380.678833007812,-303.550231933593,2943.8330078125,-320.977416992187,-211.35595703125,3062.912109375,-344.727783203125,-260.345001220703,3077.75122070312,-435.048889160156,-336.088592529296,3028.36083984375,-296.989379882812,-257.097869873046,3055.64086914062,-283.597534179687,-344.944671630859,2957.91040039062
-536.888305664062,107.111228942871,2555.8095703125,-516.391418457031,13.5878372192382,2629.70776367187,-498.154357910156,-57.8143157958984,2692.30249023437,-475.251647949218,-168.620330810546,2786.427734375,-499.882507324218,-147.333892822265,2779.76928710937,-575.124328613281,-107.981613159179,2826.478515625,-672.883666992187,44.8081359863281,2873.32055664062,-713.340270996093,191.695007324218,2912.18359375,-737.8203125,247.646087646484,2889.1279296875,-712.400024414062,303.638671875,2849.3212890625,-725.846923828125,273.168029785156,2868.10278320312,-458.832458496093,-154.187438964843,2761.08056640625,-376.618469238281,-140.598358154296,2729.384765625,-265.626953125,8.8922119140625,2687.31689453125,-248.857543945312,141.541305541992,2773.77905273437,-221.767578125,193.397186279296,2812.73291015625,-242.185241699218,259.381225585937,2833.06909179687,-270.35009765625,199.295867919921,2850.87353515625,-593.595703125,113.463592529296,2579.57763671875,-596.851684570312,384.707061767578,2571.08056640625,-655.207275390625,508.714782714843,2350.87622070312,-650.510192871093,633.86669921875,2371.9541015625,-485.752746582031,101.383018493652,2534.376953125,-412.118591308593,360.941436767578,2507.82861328125,-526.339599609375,507.2451171875,2322.77465820312,-517.950317382812,622.35498046875,2304.53271484375,-463.074584960937,-203.935729980468,2827.30786132812,-377.503662109375,-188.528717041015,2761.68017578125,-374.36376953125,-176.119415283203,2797.400390625,-429.348510742187,-149.34504699707,2857.78051757812,-372.216674804687,-210.385711669921,2788.5966796875,-421.930541992187,-260.530883789062,2842.4794921875
-498.499633789062,159.645767211914,2645.50170898437,-458.584838867187,62.0780639648437,2719.76342773437,-434.963317871093,-21.2000656127929,2775.74365234375,-421.824768066406,-165.630157470703,2835.66748046875,-404.609069824218,-146.095306396484,2811.64501953125,-321.546813964843,-135.8125,2751.06030273437,-234.326782226562,37.1241760253906,2702.28247070312,-337.959106445312,93.2554779052734,2583.06762695312,-363.042175292968,115.084106445312,2521.92602539062,-427.438415527343,152.125549316406,2497.83129882812,-424.6484375,124.247840881347,2533.36401367187,-442.371154785156,-136.924224853515,2840.89916992187,-527.332397460937,-105.000900268554,2869.1396484375,-653.460815429687,38.8767318725585,2938.4814453125,-766.312255859375,147.411895751953,2872.88208007812,-769.041442871093,184.042449951171,2807.56420898437,-812.324523925781,181.456634521484,2744.21606445312,-832.744567871093,201.392211914062,2811.68041992187,-462.925415039062,136.000244140625,2595.31469726562,-713.2744140625,262.656433105468,2524.5419921875,-695.556030273437,504.116394042968,2390.92578125,-800.407531738281,545.26806640625,2315.77880859375,-530.578491210937,180.967956542968,2690.75732421875,-728.203125,273.491058349609,2501.20776367187,-675.166137695312,525.959716796875,2393.81079101562,-760.642944335937,578.117858886718,2319.69458007812,-423.011169433593,-222.597045898437,2851.13549804687,-395.432922363281,-141.784439086914,2772.40942382812,-374.2626953125,-176.250244140625,2771.654296875,-351.466369628906,-239.997467041015,2833.39819335937,-409.650268554687,-173.528900146484,2758.6787109375,-463.240234375,-244.945190429687,2790.23388671875
-322.719299316406,242.708114624023,3132.23364257812,-345.913452148437,104.645919799804,3064.55712890625,-365.820129394531,-3.67784881591796,3006.90991210937,-393.338562011718,-163.063049316406,2908.69580078125,-360.117309570312,-138.107116699218,2918.62744140625,-240.876708984375,-109.954956054687,2895.97094726562,-107.333312988281,89.5753326416015,2915.1064453125,-45.5270385742187,279.716156005859,2885.23022460937,-21.763671875,327.56396484375,2820.50146484375,-0.5692138671875,363.846313476562,2736.21557617187,-30.9117431640625,363.782684326171,2798.71411132812,-417.031311035156,-136.335617065429,2932.70166015625,-526.734741210937,-106.333267211914,2946.96801757812,-688.386352539062,69.653091430664,3002.87646484375,-764.756103515625,258.705108642578,2984.591796875,-792.844909667968,310.392059326171,2915.99389648437,-818.080200195312,376.176055908203,2855.95043945312,-778.994323730468,296.669311523437,2888.5146484375,-248.330810546875,243.909255981445,3104.28881835937,-239.401123046875,587.724975585937,3045.44873046875,-175.717590332031,843.89794921875,3249.21533203125,-188.643310546875,1002.74243164062,3213.68041992187,-389.798706054687,241.625,3157.43286132812,-434.925231933593,587.002319335937,3170.365234375,-336.210876464843,804.274047851562,3408.275390625,-359.311645507812,952.713500976562,3407.3740234375,-405.730651855468,-215.925323486328,2862.64038085937,-370.872009277343,-105.130950927734,2784.37841796875,-371.865539550781,-148.582778930664,2762.22192382812,-358.057922363281,-253.398040771484,2794.34423828125,-409.553771972656,-125.456909179687,2773.24072265625,-486.155456542968,-193.220764160156,2824.0458984375
-382.107360839843,182.893035888671,3195.97314453125,-373.74951171875,79.8069915771484,3100.16381835937,-373.104919433593,7.5567626953125,3013.6611328125,-377.198852539062,-141.343627929687,2928.53637695312,-350.159301757812,-115.616592407226,2938.89208984375,-241.574829101562,-84.6970062255859,2942.72924804687,-101.061218261718,81.1699981689453,2963.51098632812,-56.04931640625,253.083587646484,2918.64672851562,-29.2488403320312,310.092712402343,2875.96215820312,-12.8319702148437,364.16064453125,2811.94409179687,-35.43798828125,337.299072265625,2858.42333984375,-402.513610839843,-118.675857543945,2947.71215820312,-498.969116210937,-95.1415405273437,2978.41552734375,-654.0341796875,57.5782928466796,3024.68432617187,-730.632690429687,223.756591796875,2993.59594726562,-775.207153320312,272.827514648437,3041.74169921875,-822.95947265625,335.47802734375,3070.70825195312,-795.006713867187,253.8056640625,3039.69409179687,-315.843200683593,204.855865478515,3178.12255859375,-309.534240722656,511.851440429687,3254.26000976562,-298.876831054687,762.085083007812,3423.61108398437,-306.911499023437,895.177978515625,3359.28247070312,-441.860656738281,163.088165283203,3212.06958007812,-452.736450195312,385.51528930664,3436.29150390625,-454.150451660156,583.597961425781,3668.89599609375,-488.157104492187,712.355712890625,3640.31030273437,-380.545715332031,-191.390350341796,2887.90307617187,-382.567749023437,-64.4597778320312,2890.90478515625,-350.379699707031,-83.5620574951171,2867.33740234375,-302.058715820312,-171.24722290039,2870.8515625,-389.538879394531,-81.3782501220703,2854.34326171875,-422.006103515625,-172.69970703125,2817.92529296875
-347.953186035156,231.372131347656,3242.27490234375,-339.287231445312,126.553955078125,3149.99560546875,-336.905517578125,50.0106315612793,3068.46166992187,-335.964660644531,-94.2093200683593,2977.95361328125,-309.923950195312,-68.5299987792968,2989.79296875,-202.055114746093,-39.9464721679687,3000.60375976562,-59.4202880859375,122.571083068847,3015.251953125,-30.5748291015625,282.243347167968,2933.02661132812,1.054443359375,346.59375,2909.32177734375,32.3165283203125,413.7470703125,2868.15502929687,22.273681640625,352.902160644531,2890.33056640625,-361.955017089843,-73.0825958251953,2997.38696289062,-458.906188964843,-67.9429626464843,3032.20092773437,-637.011108398437,48.7749633789062,3090.68969726562,-714.693481445312,207.436614990234,3038.50439453125,-764.029296875,271.747192382812,3044.99291992187,-823.473266601562,326.703674316406,3064.60888671875,-786.333984375,249.564453125,3040.64965820312,-282.276611328125,252.932037353515,3223.953125,-328.169250488281,558.080017089843,3281.89770507812,-329.835571289062,767.350463867187,3496.93237304687,-362.016296386718,906.861938476562,3463.94677734375,-407.176574707031,211.930603027343,3258.79638671875,-459.760986328125,484.487823486328,3404.791015625,-434.04345703125,641.118774414062,3663.14428710937,-479.254699707031,768.346557617187,3669.65673828125,-337.379150390625,-142.234237670898,2935.5751953125,-351.612365722656,-18.4772491455078,2954.6484375,-342.912536621093,-31.5370330810546,2913.65161132812,-296.152160644531,-109.118713378906,2872.66772460937,-379.722778320312,-35.9448852539062,2931.171875,-416.989135742187,-130.489364624023,2915.95776367187
-325.524719238281,238.856979370117,3273.77465820312,-318.165161132812,140.549743652343,3186.18286132812,-315.468505859375,66.9250793457031,3110.77026367187,-311.4521484375,-76.8582611083984,3039.60717773437,-287.470581054687,-51.1027069091796,3048.22216796875,-187.036743164062,-19.1687545776367,3055.90161132812,-55.7862548828125,137.216979980468,3062.38452148437,-26.2526245117187,283.663818359375,2978.27758789062,-20.2212524414062,333.184326171875,2927.50708007812,5.7872314453125,398.011291503906,2888.77026367187,-12.4422607421875,370.23681640625,2922.5673828125,-336.402648925781,-55.7613525390625,3055.8681640625,-427.542053222656,-49.0374603271484,3089.0078125,-599.613037109375,57.6318168640136,3137.30029296875,-692.670043945312,196.030151367187,3089.05102539062,-740.178955078125,250.677017211914,3063.94848632812,-804.216491699218,295.499114990234,3056.6142578125,-758.657958984375,239.086441040039,3062.67553710937,-263.778381347656,259.262451171875,3256.06103515625,-219.81982421875,542.174194335937,3330.87890625,-190.117736816406,723.772827148437,3545.63598632812,-156.588195800781,854.681274414062,3515.38916015625,-381.2041015625,220.456451416015,3289.748046875,-396.023864746093,391.891693115234,3530.10400390625,-404.050170898437,549.8466796875,3768.13403320312,-410.497497558593,675.935424804687,3751.02954101562,-311.737915039062,-125.938262939453,3004.43627929687,-333.319580078125,-9.3822021484375,3012.00317382812,-325.767211914062,-24.7600402832031,2974.34326171875,-277.814514160156,-97.9014129638671,2940.6982421875,-359.345153808593,-29.7933959960937,2992.80395507812,-388.083618164062,-122.183074951171,2988.57690429687
-311.3310546875,249.913040161132,3301.19018554687,-304.726318359375,150.251800537109,3220.95703125,-301.691955566406,73.7191772460937,3152.95947265625,-295.313720703125,-74.1883239746093,3104.08154296875,-272.4990234375,-47.7679595947265,3108.59326171875,-176.611328125,-11.1172180175781,3109.20947265625,-57.9204711914062,146.702941894531,3089.58471679687,-19.8629150390625,284.555847167968,3004.2099609375,-2.7138671875,343.257293701171,2971.93603515625,11.5255126953125,397.537139892578,2918.34643554687,-21.1312255859375,376.190979003906,2964.55004882812,-319.863159179687,-52.1751403808593,3117.11596679687,-407.978149414062,-42.0323028564453,3149.54345703125,-578.715637207031,64.1249694824218,3171.068359375,-664.312927246093,169.043182373046,3070.50659179687,-716.032348632812,221.134155273437,3058.056640625,-776.224304199218,267.971282958984,3057.43505859375,-731.876159667968,222.775421142578,3068.44702148437,-251.714416503906,269.181396484375,3282.16357421875,-161.46435546875,540.622802734375,3310.82397460937,-143.955810546875,739.859985351562,3499.193359375,-121.579650878906,868.529418945312,3466.91796875,-365.090026855468,232.537902832031,3318.34716796875,-422.301147460937,424.400726318359,3524.22241210937,-475.722473144531,605.4501953125,3727.8125,-507.408447265625,722.196166992187,3701.61181640625,-294.832580566406,-126.195114135742,3076.951171875,-299.514526367187,-11.9258728027343,3061.59106445312,-296.590270996093,-34.7406616210937,3028.62890625,-262.350341796875,-116.94287109375,3009.70947265625,-328.396179199218,-31.1131591796875,3048.24731445312,-368.605651855468,-114.784103393554,3063.56958007812
-291.924987792968,239.026092529296,3399.88916015625,-293.311218261718,141.77554321289,3314.28662109375,-295.207336425781,65.5103759765625,3244.220703125,-299.201843261718,-83.7549896240234,3193.58251953125,-274.527709960937,-58.3545379638671,3197.2080078125,-180.1474609375,-19.1274032592773,3178.99072265625,-58.697021484375,134.272827148437,3134.31958007812,-0.4532470703125,267.684814453125,3049.57373046875,0.157470703125,289.938293457031,2983.27954101562,1.467529296875,293.937194824218,2904.91870117187,-1.8038330078125,337.781494140625,2973.34130859375,-322.137145996093,-60.3104553222656,3208.07861328125,-412.817138671875,-38.3767547607421,3228.52319335937,-570.693603515625,91.2932739257812,3237.2666015625,-673.585021972656,191.320358276367,3145.05078125,-710.015991210937,252.517807006835,3120.60986328125,-760.260070800781,303.398162841796,3149.53173828125,-738.254272460937,227.188125610351,3133.28637695312,-229.578125,253.263519287109,3382.70483398437,-61.9151611328125,475.16372680664,3467.43896484375,79.691162109375,677.245971679687,3595.1728515625,109.193969726562,786.858642578125,3520.17041015625,-348.145935058593,226.187591552734,3415.38500976562,-388.615234375,468.137512207031,3570.85546875,-415.501220703125,692.522583007812,3737.4892578125,-452.703063964843,799.188354492187,3683.56665039062,-302.85986328125,-136.05354309082,3165.81762695312,-234.236511230468,-61.6019287109375,3107.79516601562,-237.340942382812,-99.3298034667968,3092.98486328125,-255.234497070312,-182.311462402343,3128.62573242187,-264.765197753906,-73.3284606933593,3089.2939453125,-349.877990722656,-109.796813964843,3111.20336914062
-245.918334960937,253.296463012695,3476.07641601562,-264.778259277343,148.774917602539,3395.73120117187,-278.436462402343,72.0345153808593,3323.20727539062,-307.056457519531,-77.6195831298828,3267.98657226562,-277.615295410156,-57.6383361816406,3276.51196289062,-171.417846679687,-47.2817687988281,3275.0888671875,-28.4373168945312,89.9949340820312,3217.95336914062,12.349365234375,204.909576416015,3095.04296875,7.2410888671875,238.643798828125,3031.77587890625,1.066650390625,270.399719238281,2957.8876953125,0.5413818359375,288.358093261718,3027.01293945312,-326.97705078125,-48.698974609375,3279.17651367187,-417.008239746093,-9.82757568359375,3283.72290039062,-564.407470703125,137.558013916015,3256.72094726562,-671.02978515625,263.936004638671,3198.41284179687,-719.262329101562,299.109741210937,3149.15405273437,-789.845458984375,334.053527832031,3140.052734375,-733.353637695312,334.883239746093,3162.681640625,-179.070068359375,240.517288208007,3477.00903320312,-17.3800048828125,466.211975097656,3587.572265625,126.905517578125,678.357299804687,3713.044921875,170.859252929687,786.544677734375,3636.10302734375,-306.198425292968,264.820037841796,3475.23510742187,-395.80078125,545.452453613281,3523.51318359375,-419.519958496093,779.652954101562,3690.48608398437,-458.566772460937,889.215209960937,3635.47778320312,-317.561950683593,-129.718872070312,3238.09423828125,-216.491760253906,-118.756484985351,3174.4326171875,-235.026000976562,-156.202606201171,3174.44848632812,-291.340515136718,-203.307708740234,3234.15649414062,-248.443786621093,-125.837356567382,3153.92651367187,-344.960266113281,-115.179016113281,3165.61572265625
-464.585388183593,176.400726318359,2956.59619140625,-355.392761230468,148.442657470703,3045.21728515625,-268.566772460937,115.92788696289,3112.62158203125,-135.314514160156,115.28157043457,3225.26293945312,-174.621398925781,116.626815795898,3227.48291015625,-266.272033691406,149.826675415039,3288.28857421875,-462.418884277343,253.506774902343,3278.20190429687,-470.49609375,423.510498046875,3202.17651367187,-481.386169433593,499.52490234375,3192.56982421875,-487.478271484375,553.472717285156,3124.79077148437,-460.221740722656,511.212493896484,3126.4365234375,-140.188049316406,112.474510192871,3185.98168945312,-85.4478149414062,110.326148986816,3095.59423828125,-92.0089721679687,176.560760498046,2879.31005859375,-138.203125,355.046691894531,2838.80688476562,-135.793090820312,433.736877441406,2811.50610351562,-192.543518066406,495.833984375,2797.0283203125,-171.599914550781,463.146331787109,2868.63354492187,-512.075927734375,160.46533203125,3010.08325195312,-746.285766601562,287.34619140625,2829.62329101562,-943.51953125,264.274139404296,2594.85815429687,-1034.35656738281,337.375701904296,2499.6025390625,-421.761047363281,190.770385742187,2908.3642578125,-513.011108398437,409.081848144531,2690.85693359375,-653.380249023437,510.301086425781,2432.78857421875,-695.556396484375,608.601318359375,2344.77001953125,-85.2930908203125,125.786087036132,3266.4638671875,-80.7169189453125,205.870819091796,3165.25366210937,-48.1948852539062,209.889602661132,3196.0712890625,-40.1976318359375,190.581878662109,3295.78930664062,-49.4334106445312,178.620330810546,3168.02954101562,-32.0150146484375,85.5333709716796,3214.06665039062
-473.662353515625,199.17170715332,2690.44604492187,-378.032348632812,204.604064941406,2807.67846679687,-308.560180664062,223.254852294921,2905.00927734375,-182.479858398437,258.046020507812,3034.74926757812,-191.795043945312,272.780090332031,2996.986328125,-170.339721679687,346.942321777343,2903.42309570312,-243.805053710937,464.665740966796,2714.3984375,-204.149780273437,324.375427246093,2582.18359375,-172.5498046875,284.192260742187,2518.43994140625,-193.222961425781,207.852783203125,2472.05029296875,-202.657531738281,216.413818359375,2523.62377929687,-215.858276367187,233.119201660156,3030.28735351562,-265.853881835937,138.878326416015,3063.03369140625,-410.463684082031,-50.9365997314453,3050.99194335937,-350.581420898437,-68.3646545410156,2861.69873046875,-315.437377929687,-98.929458618164,2787.06005859375,-320.171508789062,-78.1683654785156,2699.486328125,-286.33935546875,-31.0655517578125,2762.98901367187,-421.638854980468,235.679000854492,2646.3173828125,-590.146484375,146.133026123046,2365.2705078125,-803.306274414062,136.387084960937,2120.58984375,-820.440246582031,19.3534622192382,2014.38110351562,-520.57421875,166.251495361328,2730.23901367187,-733.757690429687,199.912658691406,2468.37622070312,-954.517395019531,321.315124511718,2258.24169921875,-1004.50793457031,249.438446044921,2141.08251953125,-128.866394042968,263.041259765625,3078.3994140625,-56.8687133789062,170.713623046875,3008.51196289062,-36.4697875976562,189.359146118164,3047.13916015625,-44.972900390625,282.228759765625,3100.75708007812,-68.6083984375,158.838394165039,3049.11450195312,-146.604248046875,187.376983642578,3123.02563476562
