614.5572509765625,546.0968627929688,2982.77001953125,439.802001953125,539.5623779296875,2970.921630859375,300.2049560546875,539.25927734375,2958.75537109375,112.35359191894533,578.5148315429688,2865.656005859375,148.09384155273438,546.7047119140625,2860.20361328125,234.6822509765625,475.8254089355469,2775.328369140625,486.0588989257813,520.1224365234375,2682.814697265625,329.7913818359375,648.3392944335938,2577.61962890625,302.2913818359375,666.2753295898438,2488.89453125,268.4310607910156,691.2349243164062,2391.423828125,260.36407470703125,646.5464477539062,2455.668212890625,137.792236328125,595.95263671875,2903.098388671875,168.12396240234375,706.9808349609375,2961.80712890625,384.8821411132813,876.4490356445312,2933.116943359375,337.8643798828125,828.072265625,2712.44287109375,295.7135009765625,778.1373291015625,2634.302734375,304.003173828125,691.8916625976562,2692.453857421875,297.8205261230469,714.3283081054688,2772.598388671875,621.4727783203125,503.0865173339844,2904.49169921875,910.0672607421876,596.9663696289062,2654.294921875,1285.704833984375,607.2725830078125,2645.15869140625,1397.39208984375,740.122314453125,2583.895263671875,608.3212280273438,584.8811645507812,3053.35693359375,958.570556640625,762.1471557617188,3069.729248046875,1261.2486572265625,582.3799438476562,3212.387451171875,1414.1737060546875,655.1002197265625,3211.01416015625,48.48835754394531,601.507568359375,2822.83740234375,-5.74264669418335,652.930419921875,2683.77490234375,15.649330139160156,602.2899169921875,2685.1669921875,100.60606384277344,544.0300903320312,2755.172607421875,-30.815980911254883,613.57666015625,2703.933349609375,-47.51179504394531,562.1904907226562,2820.769287109375
615.8201293945312,545.7215576171875,2983.11865234375,441.5253601074219,538.7505493164062,2971.549072265625,302.2569885253906,537.5182495117188,2959.92578125,114.48458099365234,574.5426635742188,2867.036865234375,150.52369689941406,543.2708129882812,2861.55517578125,237.85691833496097,474.1916198730469,2776.5693359375,488.8096618652344,522.9207763671875,2687.281982421875,331.8382568359375,649.2872314453125,2582.192626953125,303.7684631347656,666.9813232421875,2493.86328125,269.56640625,691.6226196289062,2396.7353515625,259.8717956542969,648.5975341796875,2462.08203125,139.61724853515625,592.1697387695312,2904.43212890625,165.08424377441406,702.0313720703125,2966.786865234375,375.0727844238281,879.0833740234375,2940.67041015625,327.3387145996094,831.688232421875,2720.57177734375,293.5445251464844,780.9125366210938,2639.322998046875,304.702880859375,692.757568359375,2693.504150390625,296.08367919921875,712.890625,2773.834716796875,622.718017578125,502.8943481445313,2905.0078125,909.78466796875,597.3317260742188,2654.88720703125,1284.3536376953125,609.0610961914062,2644.320556640625,1394.9207763671875,741.9169311523438,2582.493896484375,609.5999755859375,584.3406982421875,3053.5546875,958.2786865234376,762.4441528320312,3069.594482421875,1258.9398193359375,582.7515869140625,3213.9453125,1411.562255859375,655.0830078125,3213.56787109375,50.53375625610352,596.7737426757812,2824.3388671875,1.591712236404419,636.0169067382812,2679.91796875,21.49656105041504,585.3575439453125,2686.66748046875,102.71613311767578,532.0521240234375,2764.082275390625,-25.0058650970459,599.4746704101562,2702.883544921875,-46.1589241027832,559.9124145507812,2823.176025390625
611.9755859375,548.1569213867188,2981.77001953125,438.2236328125,537.5574340820312,2969.235107421875,299.3273010253906,534.437744140625,2956.3798828125,111.96050262451172,570.6781616210938,2863.17529296875,148.22923278808594,539.8201293945312,2857.566162109375,236.85755920410156,474.0678405761719,2771.671875,489.0632934570313,531.6358032226562,2693.200439453125,331.86444091796875,651.374755859375,2581.704833984375,304.3622741699219,667.1201782226562,2492.996826171875,269.3636779785156,689.6715698242188,2395.837646484375,260.93585205078125,648.2203369140625,2461.320556640625,136.7378387451172,588.1339721679688,2900.783203125,164.71908569335938,698.0819091796875,2961.44140625,375.5012817382813,873.0908203125,2932.917236328125,324.1288757324219,829.9680786132812,2713.16015625,288.6855163574219,775.813720703125,2635.06884765625,305.40313720703125,691.8611450195312,2693.956787109375,295.70684814453125,713.3251342773438,2773.075439453125,620.1741333007812,506.5896606445313,2903.275390625,911.8994750976562,595.6095581054688,2657.623779296875,1285.578125,614.8341674804688,2648.837158203125,1395.5830078125,742.775634765625,2577.311279296875,604.5826416015625,585.6399536132812,3052.552001953125,953.29736328125,761.1470336914062,3077.816162109375,1253.5679931640625,582.5253295898438,3222.651123046875,1406.4085693359375,653.7305908203125,3222.67529296875,48.1131591796875,592.7303466796875,2820.480224609375,0.5766004323959351,648.5372924804688,2681.42626953125,19.315448760986328,597.10205078125,2682.595703125,98.97152709960938,533.9605102539062,2753.643310546875,-26.84069061279297,610.359619140625,2700.19775390625,-49.19620895385742,558.4212646484375,2815.221923828125
605.3988037109375,542.7149658203125,2969.19580078125,433.5715637207031,536.2227172851562,2958.591064453125,296.2158203125,530.0742797851562,2950.5751953125,110.52803802490234,563.335205078125,2859.1123046875,147.737548828125,534.9630126953125,2851.9921875,236.2593994140625,471.9148254394531,2766.87939453125,484.7219543457031,512.6107788085938,2678.4580078125,336.45111083984375,644.8594360351562,2575.075927734375,304.22320556640625,665.4299926757812,2490.31494140625,270.9977722167969,693.2816772460938,2395.40625,264.4645690917969,649.6221313476562,2458.416259765625,133.877685546875,579.1961059570312,2897.537109375,140.3107452392578,678.1956176757812,2976.813720703125,321.8323059082031,880.6256103515625,2976.66015625,289.1904602050781,837.249267578125,2756.44921875,297.5607604980469,795.5337524414062,2665.821044921875,323.10455322265625,701.566650390625,2698.01611328125,300.7908935546875,710.9774169921875,2780.50390625,611.7219848632812,504.61334228515625,2890.069580078125,909.92822265625,595.5039672851562,2661.470947265625,1277.8980712890625,619.7562255859375,2638.990478515625,1397.269775390625,742.8316650390625,2581.294921875,599.697021484375,577.0728759765625,3040.547607421875,943.1455078125,751.9920043945312,3064.427734375,1236.972900390625,577.8438720703125,3215.159423828125,1390.854736328125,639.4515380859375,3230.23388671875,46.89470672607422,584.9225463867188,2817.797119140625,1.8841848373413088,650.323486328125,2684.477783203125,20.071063995361328,599.482666015625,2682.075439453125,97.51939392089844,531.6157836914062,2748.26953125,-25.61137008666992,611.5516357421875,2699.864501953125,-49.289642333984375,552.1730346679688,2809.046630859375
611.0756225585938,543.7456665039062,2980.583251953125,437.0361022949219,531.71240234375,2969.66943359375,297.8534240722656,527.840087890625,2957.806640625,107.87274169921876,563.2750244140625,2868.93359375,144.7490997314453,533.3956298828125,2861.613525390625,231.78038024902344,473.53326416015625,2769.641357421875,484.2971496582031,493.7945251464844,2674.08544921875,338.9100341796875,647.390625,2590.95556640625,304.229248046875,665.1382446289062,2505.0302734375,274.0586242675781,686.3890991210938,2405.80224609375,271.3392028808594,650.7735595703125,2472.154296875,132.95657348632812,579.9556274414062,2906.785400390625,155.38092041015625,687.5494995117188,2974.038330078125,349.94464111328125,883.1190795898438,2972.1259765625,308.07415771484375,831.4680786132812,2751.820556640625,296.4623107910156,791.2274780273438,2659.273681640625,318.9288330078125,698.2493896484375,2700.25048828125,299.30706787109375,701.1689453125,2778.521728515625,618.9204711914062,501.1530456542969,2902.44580078125,908.3386840820312,597.0993041992188,2655.70703125,1281.2392578125,634.7808837890625,2649.210205078125,1399.73486328125,758.8048706054688,2583.8876953125,604.0016479492188,582.1531982421875,3051.04296875,950.2510986328124,764.9459228515625,3065.72802734375,1247.573486328125,592.8255615234375,3225.298583984375,1405.2406005859375,653.232177734375,3228.571533203125,42.7366943359375,585.4472045898438,2828.0537109375,20.899599075317383,620.0367431640625,2676.022705078125,9.18645191192627,568.8870849609375,2691.957275390625,48.373836517333984,493.5604553222656,2782.608154296875,-21.06270217895508,608.937744140625,2702.205322265625,-58.00669479370117,608.8839111328125,2825.14453125
606.8614501953125,546.61083984375,2982.873779296875,432.5091247558594,533.238525390625,2971.187744140625,293.055419921875,524.9430541992188,2960.51416015625,104.25841522216795,564.1614990234375,2869.399658203125,140.72581481933594,533.5022583007812,2862.4365234375,224.77603149414065,472.6901245117187,2767.793701171875,483.76910400390625,499.8310546875,2691.131591796875,335.3335266113281,649.2224731445312,2604.183349609375,308.101806640625,663.8150024414062,2514.779052734375,283.868408203125,683.4450073242188,2413.318115234375,270.92266845703125,643.6287231445312,2480.889404296875,129.31700134277344,580.38330078125,2907.628173828125,153.98486328125,688.2509765625,2974.302490234375,359.2576599121094,873.62548828125,2972.0322265625,318.9731140136719,826.8224487304688,2749.725830078125,296.2347412109375,789.7477416992188,2657.629638671875,316.3975524902344,697.1934204101562,2701.365234375,298.234619140625,696.9075317382812,2777.583251953125,615.4002075195312,503.4718627929687,2904.8408203125,907.4335327148438,597.2243041992188,2658.703857421875,1281.0169677734375,636.7238159179688,2647.302734375,1401.5350341796875,756.5593872070312,2576.719970703125,599.1617431640625,585.5111694335938,3053.2392578125,944.3096923828124,772.423095703125,3069.378173828125,1247.1181640625,605.2454223632812,3226.22509765625,1405.5872802734375,664.860107421875,3227.6171875,39.83285903930664,587.6597290039062,2827.730712890625,28.505937576293945,618.7200317382812,2673.381103515625,11.297036170959473,569.3292236328125,2690.33935546875,39.038822174072266,493.83013916015625,2785.4111328125,-15.61545181274414,612.4310302734375,2697.810302734375,-58.297576904296875,620.1737670898438,2818.986572265625
606.7490844726562,545.2457885742188,2982.732177734375,431.6552429199219,536.4537963867188,2970.848876953125,291.6684265136719,530.7538452148438,2960.603515625,103.77666473388672,568.8983764648438,2865.913330078125,141.02101135253906,538.9544067382812,2859.072021484375,226.34768676757812,472.2023010253906,2769.14111328125,480.35357666015625,493.21429443359375,2673.642822265625,332.3319091796875,651.1546020507812,2600.638916015625,305.94012451171875,666.466552734375,2510.83935546875,285.0577087402344,686.3672485351562,2408.397705078125,271.43841552734375,648.102783203125,2475.652099609375,127.7576675415039,584.7154541015625,2905.15185546875,138.96310424804688,688.0828857421875,2982.3994140625,339.8190612792969,877.0891723632812,3011.44140625,316.0358581542969,833.9711303710938,2785.41064453125,307.1018371582031,804.8336791992188,2687.946533203125,318.2418212890625,701.618896484375,2700.821044921875,298.0552978515625,699.5166625976562,2777.6171875,614.2443237304688,501.5084838867187,2904.65380859375,905.5827026367188,596.9251708984375,2656.68017578125,1280.127685546875,637.7489624023438,2649.576416015625,1405.7801513671875,756.3408203125,2584.8203125,599.990234375,584.6856079101562,3053.13916015625,944.372802734375,775.8018798828125,3056.89208984375,1240.123779296875,608.251220703125,3228.53857421875,1400.1104736328125,663.6046752929688,3241.187255859375,39.71596145629883,592.2936401367188,2823.228271484375,21.60420799255371,649.6911010742188,2676.852294921875,15.423307418823242,595.3109741210938,2683.466796875,59.049652099609375,510.203125,2763.739501953125,-20.194740295410156,629.5702514648438,2697.93994140625,-63.397125244140625,604.4559936523438,2816.91796875
606.497314453125,544.5830688476562,2982.679443359375,431.2343444824219,535.4083862304688,2970.635986328125,291.1141662597656,528.5963134765625,2960.71484375,102.16988372802734,564.364990234375,2866.646484375,139.7899627685547,534.833740234375,2859.682373046875,225.1989593505859,468.9093933105469,2768.972900390625,478.4836120605469,491.1662902832031,2670.994384765625,329.4530029296875,649.1428833007812,2599.32373046875,303.26422119140625,665.79248046875,2509.58935546875,282.1374816894531,687.3047485351562,2407.3984375,269.2981262207031,649.010009765625,2473.980712890625,126.14512634277344,580.5437622070312,2905.809326171875,134.3170166015625,682.1825561523438,2985.92431640625,329.5804138183594,875.8661499023438,3023.912109375,310.23345947265625,838.7238159179688,2796.1357421875,305.44793701171875,812.2515869140625,2697.5048828125,319.8893127441406,708.7212524414062,2703.89599609375,297.52734375,703.829833984375,2780.66650390625,614.1589965820312,500.8537902832031,2904.495361328125,906.188720703125,597.4616088867188,2657.08642578125,1281.109375,639.0137329101562,2651.542236328125,1407.1217041015625,757.93359375,2587.494873046875,599.58837890625,584.0157470703125,3053.18115234375,943.7836303710938,776.3884887695312,3056.75732421875,1238.9906005859375,608.9623413085938,3230.40673828125,1399.1778564453125,664.1592407226562,3243.763916015625,37.58086395263672,586.9470825195312,2824.1484375,12.42355251312256,630.3113403320312,2673.842529296875,5.994880676269531,576.8663940429688,2686.0224609375,52.88624572753906,499.1111755371094,2771.93505859375,-28.476945877075195,612.9658813476562,2698.91943359375,-65.69855499267578,600.1063842773438,2821.963623046875
601.4249877929688,545.7422485351562,2975.479248046875,427.9767150878906,533.6961059570312,2960.059814453125,289.3331604003906,528.0531005859375,2945.282470703125,100.70236206054688,562.1319580078125,2853.76416015625,136.7595672607422,530.9384765625,2848.611572265625,208.3179931640625,435.7027587890625,2775.325439453125,457.385009765625,480.406982421875,2680.111083984375,331.30633544921875,636.982666015625,2574.84130859375,291.1788024902344,661.26123046875,2493.13427734375,274.2220153808594,690.51611328125,2392.9697265625,262.2425537109375,650.4749145507812,2458.404296875,126.12114715576172,580.6807250976562,2890.41650390625,141.89404296875,687.364501953125,2960.59521484375,356.2670593261719,860.1956176757812,2968.61376953125,353.1363220214844,849.3432006835938,2739.09716796875,294.4375915527344,800.2556762695312,2672.50341796875,313.38818359375,705.5269165039062,2710.784423828125,301.1479187011719,722.7485961914062,2777.4658203125,611.3640747070312,499.2885437011719,2899.96923828125,906.5806884765624,600.5823364257812,2663.326904296875,1277.9044189453125,646.6790771484375,2652.70361328125,1407.398681640625,758.9647827148438,2587.7578125,592.4624633789062,587.6316528320312,3043.570068359375,942.3490600585938,762.3914184570312,3054.58154296875,1241.2593994140625,610.5017700195312,3229.695068359375,1400.3822021484375,663.6183471679688,3246.91259765625,36.2985725402832,583.0906372070312,2811.335205078125,18.5700626373291,663.1802978515625,2677.21630859375,18.280309677124023,608.5208740234375,2673.87841796875,67.24118041992188,515.9356079101562,2740.320068359375,-21.331485748291016,635.575927734375,2691.643310546875,-66.44966888427734,585.4746704101562,2800.66796875
605.691650390625,549.2677612304688,2976.40625,430.9196472167969,535.8712768554688,2966.8798828125,291.12237548828125,530.0098876953125,2956.052001953125,100.6710968017578,567.7031860351562,2866.934814453125,135.72413635253906,534.93701171875,2862.071044921875,207.0689392089844,451.1114196777344,2774.503173828125,461.2925109863281,479.4695739746094,2682.304931640625,333.3750305175781,643.1608276367188,2587.8349609375,300.0062255859375,663.3261108398438,2501.48046875,274.2023010253906,690.7960205078125,2402.06396484375,261.5219421386719,644.4510498046875,2467.94775390625,127.67271423339844,586.6967163085938,2902.57763671875,158.1565704345703,698.671875,2959.821044921875,381.73583984375,860.4465942382812,2935.334228515625,371.9915466308594,827.6008911132812,2706.783447265625,296.38409423828125,784.35205078125,2653.6748046875,302.7296142578125,707.8339233398438,2724.571044921875,302.8091125488281,727.4236450195312,2774.8291015625,613.5330200195312,499.9950256347656,2901.839599609375,906.0430297851562,598.7460327148438,2657.19091796875,1279.601318359375,645.303466796875,2654.43115234375,1408.39111328125,757.6387939453125,2585.345703125,598.620849609375,593.6991577148438,3043.646484375,948.0692138671876,774.38818359375,3052.03369140625,1252.46533203125,618.4266357421875,3218.5791015625,1414.021728515625,669.916259765625,3221.94677734375,35.71145248413086,589.5578002929688,2824.94677734375,26.51141929626465,620.0570678710938,2670.078369140625,9.357784271240234,570.5252685546875,2686.9755859375,36.209205627441406,495.42474365234375,2782.884033203125,-18.00641441345215,613.5358276367188,2693.894287109375,-62.6574821472168,621.4129028320312,2814.5771484375
601.5714111328125,547.6519165039062,2969.80859375,427.6617736816406,536.9320678710938,2958.29150390625,288.6139831542969,530.0914916992188,2947.9423828125,95.78032684326172,557.8661499023438,2863.093994140625,132.6016845703125,527.7715454101562,2856.7626953125,204.20989990234375,438.8771057128906,2775.846923828125,456.46295166015625,478.6618347167969,2686.71728515625,334.0579528808594,625.4114990234375,2564.17236328125,293.1197204589844,660.8765869140625,2487.040771484375,272.0340270996094,691.2764892578125,2387.96142578125,263.0376892089844,650.9439697265625,2452.586669921875,121.91270446777344,577.3787841796875,2898.757080078125,137.68336486816406,685.2262573242188,2967.233154296875,348.2591857910156,862.6586303710938,2955.901123046875,350.0003967285156,850.0347900390625,2726.365966796875,300.8493347167969,790.5675659179688,2660.441162109375,309.6251220703125,706.6541748046875,2721.174072265625,302.9798889160156,729.0758056640625,2774.197021484375,609.5023193359375,498.7237854003906,2895.591552734375,907.5288696289062,600.42626953125,2662.406494140625,1279.2894287109375,645.1652221679688,2657.281494140625,1404.937744140625,755.4144897460938,2581.91650390625,594.4197387695312,591.7726440429688,3036.7333984375,942.998291015625,769.73486328125,3042.270263671875,1244.668212890625,616.98095703125,3212.15576171875,1403.1473388671875,674.2197265625,3220.4765625,29.25033950805664,576.6181640625,2822.910888671875,19.34756088256836,627.9851684570312,2674.586181640625,7.849804878234863,575.1759033203125,2683.548095703125,41.39665603637695,490.78515625,2768.1005859375,-24.289567947387695,613.1439819335938,2695.560546875,-71.43022155761719,598.2378540039062,2813.887451171875
602.2948608398438,545.9635009765625,2973.56005859375,427.6163940429687,535.5511474609375,2960.603271484375,288.014404296875,531.4625244140625,2947.47216796875,97.38631439208984,566.3847045898438,2857.826416015625,132.97433471679688,534.2314453125,2852.96435546875,199.02235412597656,437.2071228027344,2775.557861328125,452.7347106933594,480.0137939453125,2687.989990234375,334.25396728515625,630.1892700195312,2563.70458984375,294.22576904296875,664.3726806640625,2484.972900390625,274.3919372558594,695.3646240234375,2385.27099609375,263.6954040527344,652.2433471679688,2449.61376953125,123.9284896850586,585.661865234375,2893.633056640625,145.78375244140625,695.8135375976562,2957.8125,369.2091674804687,857.2009887695312,2930.846435546875,368.0918884277344,840.288818359375,2700.464599609375,297.0644836425781,784.8031616210938,2652.76806640625,308.29718017578125,707.157958984375,2721.740234375,304.82391357421875,735.5015869140625,2770.824951171875,610.751220703125,497.002685546875,2898.901611328125,906.7246704101562,600.164794921875,2660.594970703125,1280.4012451171875,644.3441162109375,2657.04248046875,1409.4481201171875,757.4560546875,2589.9453125,594.6693725585938,590.1136474609375,3040.8828125,943.7280883789062,771.333740234375,3044.95458984375,1246.8446044921875,617.5490112304688,3215.43603515625,1406.6263427734375,673.1193237304688,3226.38427734375,32.26203536987305,587.3370361328125,2815.7001953125,18.82144546508789,643.4871826171875,2668.581298828125,10.289291381835938,589.5758056640625,2675.74462890625,49.039154052734375,503.8817443847656,2757.6044921875,-24.037351608276367,625.4151000976562,2689.217529296875,-70.00015258789062,603.6654052734375,2807.6240234375
601.6985473632812,549.4051513671875,2972.782470703125,426.7823486328125,537.452392578125,2959.488037109375,286.9501037597656,530.8365478515625,2946.76708984375,95.50143432617188,560.20458984375,2855.843505859375,131.937744140625,528.78955078125,2851.482177734375,202.01174926757812,432.2979431152344,2776.462158203125,455.38134765625,488.3775939941406,2693.8017578125,331.80267333984375,635.35595703125,2569.79931640625,292.98248291015625,661.4138793945312,2487.21484375,263.03546142578125,691.2792358398438,2389.480712890625,258.674072265625,651.2390747070312,2454.276611328125,121.49172973632812,580.5714721679688,2891.5869140625,139.28700256347656,689.7996826171875,2959.05029296875,363.95892333984375,850.6047973632812,2933.14404296875,368.3031921386719,840.42626953125,2701.930419921875,297.6929626464844,785.2598266601562,2652.81787109375,308.20318603515625,707.2240600585938,2721.787841796875,304.6416320800781,734.9266967773438,2771.13330078125,610.7774047851562,497.5422668457031,2899.958251953125,904.4786987304688,596.4652099609375,2655.77978515625,1278.9461669921875,640.1698608398438,2662.407958984375,1406.145751953125,751.6944580078125,2588.43896484375,593.51171875,596.1722412109375,3038.451171875,940.3739624023438,783.2587890625,3034.021484375,1239.4359130859375,630.7310180664062,3214.25537109375,1399.19775390625,687.674072265625,3223.7294921875,29.92626953125,579.1387939453125,2813.15087890625,16.71626091003418,664.8678588867188,2680.651611328125,15.663694381713867,609.9751586914062,2675.297607421875,61.84450912475586,513.591796875,2740.008544921875,-24.25308609008789,637.216796875,2693.177490234375,-73.22237396240234,583.6040649414062,2799.95556640625
599.9498291015625,548.120361328125,2972.091552734375,426.8583679199219,535.9707641601562,2957.650146484375,288.46368408203125,527.8568725585938,2945.11083984375,95.51051330566406,552.6654052734375,2861.1494140625,133.06472778320312,523.9169311523438,2853.96875,204.339599609375,433.3973388671875,2775.286865234375,453.2595825195313,489.9622497558594,2688.239990234375,334.084716796875,638.4111938476562,2565.766845703125,292.62298583984375,660.265625,2484.309814453125,262.5179443359375,689.993408203125,2387.712158203125,258.7452697753906,645.8179321289062,2451.517822265625,120.9911880493164,571.756103515625,2897.320556640625,129.7640838623047,674.3639526367188,2973.924560546875,335.694580078125,855.8983154296875,2961.51220703125,337.1794738769531,858.6888427734375,2732.30712890625,304.100830078125,794.1119384765625,2661.775634765625,315.8975524902344,707.9931640625,2718.24853515625,305.24884033203125,731.6235961914062,2773.201904296875,609.4965209960938,501.4754028320313,2896.909423828125,905.7929077148438,596.3477172851562,2660.5546875,1277.3800048828125,632.8482055664062,2656.27587890625,1405.6849365234375,747.3938598632812,2594.2587890625,591.3411865234375,590.1822509765625,3039.886474609375,933.6590576171876,777.6515502929688,3040.9892578125,1236.054443359375,630.7335205078125,3212.3037109375,1391.7989501953125,692.8740844726562,3225.707763671875,28.68426513671875,570.6923217773438,2821.588134765625,1.5857871770858765,628.1844482421875,2678.21826171875,-0.8561257123947144,573.9375610351562,2684.16748046875,50.66572189331055,491.5117492675781,2760.713134765625,-37.64924621582031,605.3718872070312,2700.3505859375,-74.21349334716797,576.27294921875,2819.377685546875
602.7839965820312,552.12890625,2972.58349609375,429.5055541992187,543.2471923828125,2962.00341796875,291.0595397949219,541.3568725585938,2950.12890625,104.85547637939452,579.4176635742188,2857.250732421875,139.6520233154297,546.9674072265625,2853.135009765625,207.6750030517578,449.7834167480469,2780.1396484375,456.60443115234375,481.94879150390625,2682.69189453125,337.3091735839844,633.7501831054688,2565.2421875,292.4730224609375,660.2930908203125,2487.21826171875,264.5995178222656,691.5960693359375,2390.639404296875,261.3119201660156,650.7417602539062,2454.50146484375,130.68365478515625,597.9794311523438,2893.343994140625,160.6802978515625,709.7147827148438,2948.428466796875,385.5564575195313,862.9403076171875,2913.525390625,377.7039184570313,835.2495727539062,2686.49658203125,300.039306640625,782.8101806640625,2648.76806640625,309.09747314453125,713.5938110351562,2725.1630859375,309.3570861816406,743.9653930664062,2766.992919921875,609.7962036132812,503.4877014160156,2898.5712890625,904.88720703125,596.0403442382812,2660.864013671875,1276.002197265625,631.167236328125,2658.68408203125,1400.1065673828125,748.3942260742188,2594.07763671875,596.4607543945312,595.9908447265625,3039.323486328125,945.798583984375,768.4011840820312,3047.05810546875,1250.175048828125,615.6249389648438,3208.05029296875,1406.787841796875,675.8487548828125,3215.05908203125,41.64999008178711,601.3807373046875,2814.153076171875,33.189266204833984,670.5906372070312,2673.9697265625,27.027265548706055,616.4218139648438,2675.365478515625,65.29796600341797,525.654052734375,2749.887451171875,-9.337335586547852,648.89013671875,2690.1484375,-59.779727935791016,613.7958374023438,2802.044921875
601.194580078125,548.3197631835938,2981.857421875,425.53955078125,537.2171630859375,2972.06787109375,285.085205078125,533.5980834960938,2961.139404296875,95.0403823852539,575.4529418945312,2870.873046875,129.8904266357422,542.2342529296875,2865.63037109375,206.4868927001953,463.4984130859375,2776.836181640625,464.34466552734375,489.57464599609375,2690.908935546875,340.47576904296875,642.6668701171875,2573.699462890625,301.066162109375,666.0064697265625,2490.30517578125,268.2456970214844,688.4069213867188,2391.2099609375,249.61813354492188,645.3433837890625,2466.982177734375,122.08050537109376,593.5031127929688,2907.2470703125,157.3497314453125,705.847900390625,2962.19775390625,383.1261596679687,864.3552856445312,2926.112548828125,365.7897338867187,828.0769653320312,2697.551513671875,294.13848876953125,778.6200561523438,2643.56201171875,305.4682922363281,716.221923828125,2727.175537109375,306.54840087890625,732.2096557617188,2775.494140625,608.38916015625,502.7070007324219,2904.49658203125,902.8992919921876,602.1473388671875,2659.868408203125,1280.44873046875,621.0421752929688,2656.97216796875,1401.3133544921875,748.928466796875,2599.5224609375,594.7069091796875,589.4508056640625,3051.6171875,943.750244140625,774.3927001953125,3061.41943359375,1257.5767822265625,609.751708984375,3204.029541015625,1413.344482421875,678.4990844726562,3200.24853515625,30.421554565429688,598.9883422851562,2828.623779296875,16.979196548461914,630.0435180664062,2673.49951171875,0.5323514342308044,580.1344604492188,2690.738525390625,30.473264694213867,504.6014099121094,2786.07080078125,-27.04961204528809,623.1138305664062,2698.5341796875,-68.8077621459961,630.3333129882812,2820.85986328125
601.9171142578125,549.5054321289062,2979.420166015625,427.94049072265625,540.5433959960938,2969.471435546875,288.8979797363281,538.30859375,2958.442138671875,104.99364471435548,581.4962768554688,2861.4736328125,138.30679321289062,547.10009765625,2859.165771484375,212.5710296630859,464.3044128417969,2774.441650390625,467.6513977050781,493.34130859375,2689.934326171875,337.06646728515625,639.435791015625,2575.6376953125,298.2798767089844,663.07275390625,2493.134765625,271.093505859375,690.29150390625,2394.701904296875,257.5790100097656,652.0974731445312,2463.455078125,131.4656524658203,600.408935546875,2897.160888671875,168.22019958496094,713.3565673828125,2946.519775390625,396.1632385253906,860.5077514648438,2899.303955078125,367.5411376953125,805.8533325195312,2678.024658203125,280.5712890625,769.8634643554688,2640.287841796875,302.1673583984375,720.5732421875,2729.14208984375,307.05499267578125,733.2033081054688,2774.3515625,608.6567993164062,502.39263916015625,2903.999755859375,899.5047607421875,593.6275634765625,2658.244140625,1272.72216796875,619.4915161132812,2650.066650390625,1390.490234375,744.33056640625,2585.890380859375,595.8395385742188,591.9890747070312,3047.429931640625,942.9810180664062,771.947021484375,3056.930419921875,1249.8536376953125,608.9576416015625,3206.101806640625,1406.1995849609375,671.9420166015625,3203.263671875,43.127777099609375,604.7045288085938,2816.56103515625,15.78805923461914,659.9716796875,2671.998291015625,17.493982315063477,605.5861206054688,2678.015869140625,73.21205139160156,527.35546875,2756.431884765625,-22.23504066467285,634.0555419921875,2693.05029296875,-59.99646759033203,602.076171875,2811.257080078125
600.4112548828125,546.1629638671875,2981.541259765625,425.4560852050781,535.0736083984375,2971.628173828125,285.545654296875,528.3333740234375,2962.455810546875,95.3729019165039,566.0606689453125,2872.63525390625,131.3876953125,534.5685424804688,2866.44580078125,211.0764312744141,459.1894836425781,2778.341796875,466.92230224609375,492.03076171875,2692.1162109375,337.405517578125,639.4599609375,2575.506591796875,299.2117919921875,663.454345703125,2492.157470703125,269.99310302734375,691.6536865234375,2393.86865234375,265.1265563964844,651.72021484375,2458.9833984375,121.3381576538086,583.6705932617188,2909.744873046875,143.46725463867188,690.296875,2979.700927734375,360.15277099609375,861.4356079101562,2956.14697265625,336.47686767578125,827.4931640625,2728.720703125,294.7922058105469,779.1403198242188,2649.115478515625,306.098388671875,716.7357177734375,2732.21044921875,300.19146728515625,710.697509765625,2776.982666015625,607.64892578125,500.98883056640625,2904.337890625,895.5891723632812,596.0340576171875,2652.743896484375,1271.335693359375,620.3703002929688,2649.200927734375,1392.6455078125,744.807373046875,2587.5986328125,593.8847045898438,586.8984375,3051.15869140625,935.9315795898438,781.6046142578125,3049.69482421875,1241.8973388671875,616.6652221679688,3204.51416015625,1398.04638671875,682.8980712890625,3207.288330078125,30.426084518432617,588.5833740234375,2830.944091796875,19.179237365722656,621.583984375,2676.685302734375,2.886068105697632,571.52490234375,2692.910888671875,31.78428840637207,495.1713562011719,2787.26220703125,-25.002826690673828,614.034912109375,2700.84716796875,-68.50128936767578,619.2371826171875,2822.128173828125
600.0902099609375,545.9576416015625,2981.220703125,426.2140502929687,533.8052978515625,2972.257568359375,287.1262512207031,528.5860595703125,2962.479736328125,97.30513763427734,567.195556640625,2875.37890625,132.60643005371094,535.341064453125,2869.186767578125,211.4270477294922,463.6145324707031,2778.633544921875,465.0226135253906,491.5995178222656,2689.247802734375,338.2198181152344,640.2037353515625,2573.831787109375,298.1119079589844,663.5687255859375,2491.860107421875,268.6526184082031,689.9321899414062,2393.82373046875,264.04388427734375,652.4898071289062,2459.821044921875,123.87303924560548,584.914794921875,2911.6181640625,154.34548950195312,695.0565795898438,2970.7119140625,369.8048400878906,864.6749267578125,2944.59619140625,338.7333679199219,824.4439697265625,2720.5185546875,289.9172058105469,775.2576293945312,2646.454833984375,306.2744445800781,717.5758056640625,2731.314453125,300.58349609375,711.9046020507812,2776.310791015625,607.1717529296875,501.381103515625,2904.281494140625,897.1464233398438,597.4535522460938,2659.19677734375,1270.473388671875,620.9107055664062,2646.26806640625,1390.7523193359375,744.6026000976562,2584.45263671875,593.7044067382812,586.154296875,3050.600341796875,937.7859497070312,772.1520385742188,3058.620361328125,1249.4232177734375,612.1044311523438,3201.16943359375,1404.0802001953125,679.2042236328125,3197.87109375,32.440582275390625,589.795166015625,2834.5390625,15.65407943725586,623.1324462890625,2681.8359375,1.1036432981491089,572.9367065429688,2698.17431640625,34.49717712402344,497.2262878417969,2790.550537109375,-27.296167373657227,614.5101928710938,2707.187255859375,-66.78157043457031,618.072509765625,2829.07666015625
598.4370727539062,550.8248291015625,2979.877197265625,424.4733581542969,540.3629760742188,2971.09228515625,285.3613586425781,534.1290893554688,2962.709716796875,101.0326919555664,574.0639038085938,2865.132568359375,135.12815856933594,540.4494018554688,2862.690185546875,212.4735107421875,460.9162902832031,2777.587646484375,464.4083557128906,490.7192077636719,2684.32421875,334.8988342285156,639.567138671875,2572.359619140625,298.30047607421875,661.8045654296875,2488.47412109375,272.8080749511719,690.5808715820312,2390.025634765625,265.0105895996094,645.644287109375,2453.917236328125,126.88320922851562,593.2354125976562,2901.13916015625,160.7211151123047,706.7644653320312,2951.259765625,384.3674621582031,861.9520874023438,2909.462158203125,353.1994323730469,803.8738403320312,2689.391357421875,271.36407470703125,766.36376953125,2642.70068359375,304.1290283203125,720.0219116210938,2729.71142578125,301.024658203125,715.46044921875,2773.59521484375,605.0980834960938,503.059814453125,2904.856201171875,896.1068115234375,596.0240478515625,2659.9111328125,1269.2391357421875,620.1713256835938,2644.7705078125,1389.556884765625,742.6524047851562,2580.756103515625,592.4305419921875,593.8966064453125,3047.527099609375,939.2199096679688,774.6976318359375,3054.213134765625,1248.807861328125,613.7850341796875,3200.0361328125,1406.1231689453125,674.2692260742188,3196.110107421875,38.89265823364258,596.2905883789062,2820.095458984375,-5.647700309753418,644.26220703125,2677.205810546875,21.361377716064453,596.7415771484375,2680.28515625,104.3456039428711,547.4808349609375,2758.14404296875,-27.66915512084961,601.8631591796875,2693.88525390625,-50.40835189819336,546.051025390625,2806.982177734375
598.9874877929688,543.8076171875,2978.4697265625,426.1345825195313,533.5709228515625,2969.28662109375,287.98358154296875,524.3154907226562,2962.557373046875,104.28792572021484,566.0400390625,2867.4716796875,139.76141357421875,534.72802734375,2861.930908203125,218.7775421142578,458.66802978515625,2776.63232421875,469.5081787109375,494.93365478515625,2687.42431640625,337.8006286621094,638.8087158203125,2574.4169921875,298.9296875,666.0062866210938,2493.741455078125,274.4175109863281,692.222900390625,2395.042724609375,268.6089172363281,653.7996826171875,2460.037353515625,128.60243225097656,582.1433715820312,2905.582763671875,145.36038208007812,685.3226928710938,2979.142822265625,352.0140686035156,863.47802734375,2957.943359375,324.5438537597656,824.81201171875,2734.64404296875,285.68487548828125,780.304443359375,2653.011474609375,308.67578125,717.2987060546875,2731.48486328125,299.6133117675781,702.9411010742188,2775.418212890625,605.6544189453125,500.1647338867187,2901.62646484375,895.7845458984375,597.900390625,2661.4775390625,1266.3319091796875,624.787109375,2645.61474609375,1390.400390625,743.5073852539062,2585.065185546875,592.9755859375,583.1622924804688,3047.7626953125,928.7088012695312,779.0099487304688,3047.16650390625,1232.107421875,615.7361450195312,3197.15087890625,1388.819580078125,674.3458862304688,3205.560302734375,42.08619689941406,590.0996704101562,2824.3955078125,-2.5631449222564697,631.1788330078125,2680.482177734375,28.17455291748047,586.533203125,2685.1162109375,112.59829711914062,546.3382568359375,2765.358154296875,-21.12737274169922,587.6087036132812,2697.383056640625,-41.64693069458008,532.4232788085938,2810.299072265625
597.990234375,547.6886596679688,2979.26220703125,425.6394653320313,536.43408203125,2970.634765625,287.8671569824219,527.0636596679688,2963.96240234375,107.36687469482422,572.7232666015625,2865.869384765625,141.2873077392578,539.6757202148438,2862.048583984375,218.87648010253903,464.2280578613281,2775.512451171875,468.15533447265625,499.9844970703125,2684.22412109375,336.39813232421875,645.0146484375,2573.991455078125,298.9284362792969,667.2075805664062,2491.434326171875,277.7039489746094,689.3751220703125,2391.29150390625,266.7012939453125,654.106689453125,2458.543701171875,132.10926818847656,589.3629760742188,2903.30615234375,164.3158416748047,699.0416259765625,2959.729736328125,384.1971740722656,857.1809692382812,2926.013916015625,351.4638671875,806.9717407226562,2706.377197265625,275.497314453125,774.7481689453125,2649.009765625,306.0880126953125,719.9392700195312,2730.61474609375,300.00238037109375,706.7518310546875,2773.217041015625,604.7337646484375,502.3494262695313,2903.6923828125,894.9017333984375,599.4366455078125,2665.022705078125,1263.7982177734375,628.9882202148438,2640.942626953125,1388.893798828125,744.8822021484375,2578.5283203125,591.9093017578125,588.5730590820312,3047.40673828125,932.054443359375,774.2369995117188,3057.044677734375,1239.818115234375,613.4251098632812,3197.997802734375,1397.7314453125,667.9657592773438,3199.621826171875,46.77237319946289,597.5731201171875,2821.36669921875,5.167316436767578,632.7577514648438,2675.4482421875,33.7410774230957,587.2135009765625,2682.721435546875,115.46424865722656,547.7317504882812,2765.5634765625,-15.415287017822266,591.1427612304688,2694.412109375,-39.15256881713867,543.1837768554688,2809.59033203125
598.1865844726562,546.5836791992188,2978.10205078125,426.0880737304687,535.5653686523438,2969.619384765625,288.45855712890625,528.4216918945312,2961.86474609375,105.22219848632812,571.0820922851562,2868.313720703125,139.47129821777344,538.5823974609375,2863.735595703125,218.65838623046875,466.1835632324219,2776.397216796875,463.8836059570313,492.9129638671875,2673.076904296875,330.3593444824219,642.7203979492188,2572.508544921875,297.33758544921875,666.8536987304688,2488.7724609375,276.8628845214844,692.5721435546875,2389.499755859375,263.5080871582031,652.3712768554688,2454.818115234375,130.59121704101562,588.1558227539062,2905.032470703125,163.07762145996094,697.9746704101562,2960.559814453125,379.39202880859375,859.3107299804688,2922.669677734375,351.9019470214844,804.968505859375,2703.672119140625,273.8946533203125,773.8966064453125,2648.738037109375,305.8968200683594,720.2097778320312,2730.342041015625,300.11907958984375,706.9569091796875,2772.94580078125,604.7696533203125,502.3093872070313,2902.0517578125,896.7908325195312,599.5698852539062,2666.734130859375,1265.04150390625,629.55810546875,2642.34521484375,1388.9453125,746.2349853515625,2579.848388671875,592.2504272460938,586.5077514648438,3046.6796875,935.8500366210938,764.1166381835938,3060.158447265625,1245.5433349609375,606.3973388671875,3198.78369140625,1402.1712646484375,663.7837524414062,3198.419677734375,43.28244400024414,594.879150390625,2825.337158203125,-2.823848247528076,630.7376708984375,2681.209228515625,26.475536346435547,585.5776977539062,2687.24658203125,110.8817367553711,546.4991455078125,2767.25244140625,-22.297367095947266,588.7616577148438,2700.33837890625,-42.10838317871094,539.5725708007812,2815.518310546875
602.001220703125,540.5496215820312,2978.767578125,429.5166015625,531.95849609375,2971.9814453125,291.599609375,526.0836181640625,2966.0234375,109.2271499633789,574.3261108398438,2873.026611328125,143.6709747314453,542.2437744140625,2866.778564453125,223.8706817626953,478.5925598144531,2773.531982421875,468.340576171875,489.8473205566406,2665.01611328125,333.1732482910156,644.302978515625,2573.58935546875,298.51544189453125,667.3043212890625,2490.09228515625,277.2739562988281,691.6696166992188,2390.529541015625,264.19305419921875,650.9884643554688,2456.625244140625,134.10411071777344,589.0573120117188,2911.13232421875,164.915771484375,696.18310546875,2972.82421875,374.4772644042969,868.5396728515625,2944.852294921875,345.2646789550781,810.4999389648438,2726.792724609375,283.9476318359375,779.550537109375,2653.507080078125,307.8846740722656,718.2348022460938,2732.590087890625,296.5169372558594,698.69775390625,2773.759521484375,607.1321411132812,498.9608154296875,2901.006591796875,896.7666625976562,600.277099609375,2663.8212890625,1265.58447265625,631.723388671875,2644.820068359375,1391.6976318359375,747.8480224609375,2585.25732421875,597.37451171875,578.0521240234375,3048.88818359375,939.02490234375,760.1588134765625,3062.982177734375,1246.8045654296875,595.5260620117188,3198.8115234375,1404.4859619140625,650.42333984375,3200.822021484375,47.690914154052734,600.7372436523438,2830.859619140625,3.553800344467163,632.46484375,2684.989990234375,33.89277267456055,588.1646728515625,2692.55419921875,117.72080993652344,552.8888549804688,2775.083251953125,-15.247710227966309,590.3594970703125,2704.630859375,-36.13758850097656,542.99951171875,2820.52392578125
601.9532470703125,540.5914306640625,2978.50244140625,429.4191589355469,532.0186767578125,2971.713134765625,291.463623046875,526.1160888671875,2965.77490234375,108.97013854980467,574.1466064453125,2872.772216796875,143.45166015625,542.0834350585938,2866.532470703125,223.6514129638672,478.4573364257813,2773.2109375,467.7106628417969,489.80859375,2663.600830078125,332.1699523925781,644.1046142578125,2572.302001953125,297.3402099609375,666.8597412109375,2488.77978515625,275.8970031738281,690.9508666992188,2389.162841796875,262.9515380859375,650.6354370117188,2455.435302734375,133.85076904296875,588.9281005859375,2910.873046875,164.49209594726562,696.09912109375,2972.64501953125,373.94244384765625,868.8414916992188,2945.484375,345.1201477050781,810.8099365234375,2727.30419921875,283.99407958984375,779.7840576171875,2653.85302734375,307.8403015136719,718.4293212890625,2732.970947265625,296.46173095703125,698.863525390625,2774.095458984375,607.0816650390625,498.9721984863281,2900.7294921875,896.8085327148438,599.9693603515625,2663.342529296875,1265.7435302734375,631.2298583984375,2644.279052734375,1392.085205078125,747.1239624023438,2584.596435546875,597.3287963867188,578.1212768554688,3048.634033203125,939.3006591796876,759.8387451171875,3062.947265625,1246.5916748046875,594.172119140625,3198.916259765625,1404.488037109375,648.5850219726562,3201.1162109375,47.3807487487793,600.4825439453125,2830.593994140625,3.222443103790283,630.633544921875,2684.35009765625,33.68976593017578,586.484130859375,2692.37548828125,117.59461975097656,552.2615356445312,2775.320068359375,-15.477087020874023,588.6624755859375,2704.406982421875,-36.30357360839844,542.3930053710938,2820.790283203125
599.357177734375,548.7647094726562,2983.27001953125,424.76800537109375,538.1626586914062,2977.733154296875,285.4307861328125,525.7837524414062,2975.5712890625,105.69152069091795,575.2924194335938,2872.6435546875,140.5894012451172,542.529052734375,2868.140869140625,228.2938995361328,481.2568054199219,2777.499267578125,473.9251098632813,492.1806945800781,2663.385498046875,332.06683349609375,642.5908813476562,2568.451904296875,297.79876708984375,663.8489990234375,2483.0390625,271.5870056152344,690.67333984375,2383.90576171875,263.42694091796875,649.0077514648438,2448.8740234375,129.17042541503906,590.2825927734375,2912.262451171875,159.9873504638672,699.6931762695312,2973.257080078125,373.9797058105469,873.2833251953125,2954.384033203125,342.1017761230469,807.6685791015625,2735.851318359375,285.5857238769531,779.8192138671875,2656.01806640625,307.7242736816406,717.0633544921875,2736.1767578125,291.68463134765625,691.2740478515625,2773.444091796875,604.5177001953125,504.1893005371094,2905.900634765625,895.6061401367188,597.3800659179688,2659.3486328125,1269.2744140625,632.015869140625,2655.511962890625,1397.61865234375,748.0853271484375,2593.674560546875,594.7037353515625,588.9602661132812,3053.037109375,940.2972412109376,774.3380737304688,3061.599609375,1245.440185546875,602.5126342773438,3207.150634765625,1407.074462890625,651.9645385742188,3210.827880859375,45.6237678527832,602.1870727539062,2826.939697265625,8.597917556762695,631.599853515625,2676.579833984375,38.6517219543457,586.7693481445312,2686.6474609375,119.02375030517578,552.32861328125,2775.062744140625,-11.644613265991213,589.4494018554688,2696.3046875,-38.93349838256836,543.9034423828125,2813.343017578125
597.8076782226562,538.1655883789062,2980.34814453125,425.7193298339844,526.1193237304688,2970.217041015625,288.83172607421875,508.0849609375,2965.513671875,101.4013442993164,551.3311767578125,2880.52978515625,140.14324951171875,526.9458618164062,2867.941650390625,232.88412475585935,487.9070739746094,2772.821044921875,473.5613403320313,485.76898193359375,2655.701171875,339.9007873535156,643.7680053710938,2568.28173828125,301.7106018066406,664.6265869140625,2485.783935546875,268.6690979003906,691.0383911132812,2390.049560546875,263.3986511230469,646.7471313476562,2454.645751953125,123.86705017089844,559.6652221679688,2921.91943359375,120.7667007446289,619.144775390625,3034.5205078125,299.9734191894531,811.8040771484375,3106.29150390625,286.4770202636719,814.3885498046875,2879.20556640625,253.2842712402344,792.3291625976562,2787.025390625,318.9083251953125,713.6843872070312,2777.42529296875,277.01055908203125,700.6640625,2797.873046875,604.8985595703125,505.6825866699219,2898.524658203125,899.6270751953125,598.9824829101562,2664.437744140625,1268.2757568359375,635.4118041992188,2654.059326171875,1397.74658203125,747.0469360351562,2593.2109375,591.41357421875,567.4569091796875,3054.1318359375,919.5568237304688,773.2833862304688,3053.4033203125,1215.7171630859375,609.4819946289062,3213.7138671875,1371.4803466796875,665.8472900390625,3234.545166015625,36.682823181152344,578.278564453125,2843.843994140625,-11.721745491027832,623.1685791015625,2702.891357421875,23.675901412963867,582.1560668945312,2704.96630859375,111.5431900024414,546.6400756835938,2783.04443359375,-25.302637100219727,576.9635620117188,2716.74951171875,-39.78464126586914,512.8956909179688,2825.338134765625
598.0262451171875,547.1338500976562,2978.16162109375,425.0295715332031,536.1040649414062,2971.94775390625,286.95086669921875,523.6780395507812,2968.809814453125,99.97293090820312,563.4512939453125,2879.285888671875,137.54806518554688,535.6461791992188,2870.0078125,232.30029296875,496.7317810058594,2776.063232421875,469.8803405761719,486.3791198730469,2651.01220703125,336.25482177734375,645.7084350585938,2563.76953125,298.5267028808594,666.2272338867188,2480.577880859375,266.5264892578125,691.5431518554688,2383.766845703125,263.4928894042969,652.300048828125,2448.55419921875,123.38206481933594,576.501220703125,2919.113525390625,139.81488037109375,675.1732788085938,2998.7568359375,323.0013732910156,869.4498291015625,3059.1376953125,298.0291748046875,830.60302734375,2835.495361328125,240.63406372070312,780.3292846679688,2769.615478515625,316.0235290527344,710.9425048828125,2782.486328125,276.9540100097656,698.60791015625,2796.863037109375,603.4006958007812,507.3751220703125,2899.10546875,899.1626586914062,600.9646606445312,2664.009521484375,1269.5882568359375,633.429931640625,2653.681884765625,1397.3284912109375,748.2653198242188,2593.084228515625,593.1798095703125,582.986083984375,3049.449951171875,937.9732666015624,762.2269287109375,3062.429443359375,1240.015380859375,596.390380859375,3212.66650390625,1398.6368408203125,650.0472412109375,3219.3154296875,35.87199020385742,588.0772094726562,2839.379638671875,-10.681396484375,623.99072265625,2694.631591796875,24.702377319335938,582.9749145507812,2699.85302734375,111.73882293701172,552.2941284179688,2781.5576171875,-24.630186080932617,578.6340942382812,2711.32275390625,-40.81242752075195,521.5335083007812,2824.041259765625
599.596435546875,546.8453369140625,2980.92431640625,424.537109375,536.4107055664062,2972.916015625,284.51727294921875,531.1190185546875,2964.9521484375,95.65664672851562,573.3728637695312,2874.47802734375,133.18475341796875,544.4964599609375,2865.310791015625,231.93734741210935,503.1139221191406,2774.08349609375,468.6186828613281,487.2180786132813,2641.14892578125,330.49560546875,650.293212890625,2561.047119140625,295.4921875,668.6578369140625,2474.932861328125,269.96685791015625,693.4774780273438,2374.744140625,265.3544616699219,653.0914916992188,2439.632568359375,119.7019500732422,586.6806030273438,2914.543701171875,140.77919006347656,688.075927734375,2992.13916015625,326.3999938964844,888.0894775390625,3040.160400390625,292.9313659667969,837.878173828125,2817.060546875,240.2961578369141,774.91748046875,2756.446044921875,317.1722412109375,709.4481201171875,2783.40087890625,276.87762451171875,699.6705932617188,2797.196533203125,605.6693115234375,506.156494140625,2901.18798828125,899.0989379882812,601.9999389648438,2656.4501953125,1274.6932373046875,627.7793579101562,2655.765380859375,1398.283935546875,750.8907470703125,2596.171630859375,594.1202392578125,583.5361938476562,3052.826171875,943.628173828125,764.1668090820312,3060.97119140625,1248.1484375,594.0662231445312,3212.849853515625,1405.8880615234375,656.3587036132812,3214.82666015625,31.06073951721191,598.8652954101562,2833.9990234375,-19.240324020385746,639.648193359375,2689.748046875,14.119778633117676,595.966796875,2693.2880859375,103.19503784179688,558.66748046875,2772.253662109375,-35.50847625732422,594.5103149414062,2706.7705078125,-51.08259201049805,536.5722045898438,2820.88671875
599.5947875976562,546.8428344726562,2980.9248046875,424.5357666015625,536.407470703125,2972.917724609375,284.5161437988281,531.1131591796875,2964.955810546875,95.65325164794922,573.3601684570312,2874.484375,133.1820068359375,544.48486328125,2865.31689453125,231.9339141845703,503.1041564941406,2774.088134765625,468.6121826171875,487.2133483886719,2641.148681640625,330.482666015625,650.2831420898438,2561.048095703125,295.4756774902344,668.6427612304688,2474.9345703125,269.9448547363281,693.4573364257812,2374.746337890625,265.33673095703125,653.0671997070312,2439.635009765625,119.69871520996094,586.6690673828125,2914.549072265625,140.77481079101562,688.0667724609375,2992.141357421875,326.38848876953125,888.0906982421875,3040.143798828125,292.9122009277344,837.870361328125,2817.04736328125,240.27734375,774.9052734375,2756.4375,317.1575927734375,709.4406127929688,2783.39111328125,276.8641662597656,699.6616821289062,2797.188720703125,605.6672973632812,506.1537170410156,2901.188720703125,899.0936279296875,601.9949340820312,2656.447509765625,1274.68701171875,627.7758178710938,2655.755859375,1398.275390625,750.8871459960938,2596.157958984375,594.118896484375,583.533935546875,3052.826416015625,943.6251220703124,764.16650390625,3060.966796875,1248.14990234375,594.0731811523438,3212.842529296875,1405.8880615234375,656.368408203125,3214.81591796875,31.05609893798828,598.85009765625,2834.005859375,-19.251625061035156,639.5640869140625,2689.73828125,14.105904579162598,595.8825073242188,2693.2978515625,103.18374633789062,558.6171264648438,2772.276123046875,-35.5214729309082,594.435791015625,2706.7841796875,-51.09181594848633,536.5557250976562,2820.929931640625
599.5945434570312,546.8425903320312,2980.924560546875,424.5354309082031,536.4071655273438,2972.917724609375,284.51580810546875,531.1124877929688,2964.9560546875,95.65234375,573.358642578125,2874.485107421875,133.18115234375,544.4833984375,2865.317626953125,231.9328155517578,503.1026611328125,2774.088623046875,468.6100769042969,487.2115478515625,2641.147216796875,330.47930908203125,650.2807006835938,2561.046875,295.4710693359375,668.63916015625,2474.933349609375,269.938720703125,693.4525146484375,2374.7451171875,265.3315734863281,653.0626220703125,2439.634521484375,119.6978988647461,586.6678466796875,2914.5498046875,140.77398681640625,688.06591796875,2992.1416015625,326.38720703125,888.0909423828125,3040.142333984375,292.9100036621094,837.86962890625,2817.046142578125,240.27508544921875,774.904052734375,2756.43701171875,317.15582275390625,709.4398193359375,2783.390380859375,276.8624572753906,699.6607055664062,2797.188232421875,605.6669921875,506.1534118652344,2901.1884765625,899.0931396484375,601.9943237304688,2656.446533203125,1274.686767578125,627.7754516601562,2655.754150390625,1398.2747802734375,750.8869018554688,2596.15576171875,594.1187133789062,583.5338134765625,3052.826171875,943.6250610351562,764.1666870117188,3060.966064453125,1248.150390625,594.0737915039062,3212.841796875,1405.8885498046875,656.3692016601562,3214.81494140625,31.054929733276367,598.8482666015625,2834.0068359375,-19.253700256347656,639.5595092773438,2689.738525390625,14.103872299194336,595.8779296875,2693.299072265625,103.18224334716795,558.614013671875,2772.277587890625,-35.5234489440918,594.4315185546875,2706.785400390625,-51.09310531616211,536.5537109375,2820.9326171875
590.4728393554688,547.4724731445312,2980.976806640625,414.5030212402344,532.48974609375,2974.204833984375,273.9280700683594,519.067626953125,2969.516357421875,83.55789184570312,557.6613159179688,2877.177734375,122.44432830810548,530.20068359375,2867.613525390625,226.8430633544922,501.9509887695313,2776.193603515625,457.7909240722656,483.42584228515625,2630.376708984375,296.1578369140625,633.64599609375,2566.336669921875,282.75872802734375,658.5099487304688,2475.22216796875,270.0230712890625,691.4052124023438,2374.157958984375,257.4145812988281,644.4559326171875,2432.53076171875,106.78279113769533,570.69482421875,2918.2041015625,126.31600952148438,673.2274780273438,2996.16796875,297.7616271972656,886.5366821289062,3050.1181640625,263.46807861328125,831.1986083984375,2826.73681640625,235.5776824951172,763.79638671875,2754.4287109375,323.29205322265625,711.4647827148438,2779.688720703125,277.92840576171875,693.37451171875,2794.218505859375,596.9892578125,507.4122009277344,2900.280029296875,901.9612426757812,599.5665283203125,2664.096923828125,1279.868896484375,627.4046630859375,2656.061767578125,1398.3291015625,755.065185546875,2591.935546875,584.5966796875,583.5965576171875,3053.744873046875,937.51708984375,763.090576171875,3066.920166015625,1252.612548828125,599.676513671875,3210.80419921875,1409.3115234375,667.3916015625,3206.893310546875,18.174781799316406,582.24755859375,2836.323974609375,-29.747425079345703,619.6083984375,2689.192626953125,6.959596633911133,578.3412475585938,2694.106689453125,96.0768585205078,547.6295166015625,2777.092529296875,-43.23524856567383,573.0018920898438,2705.7099609375,-58.86496353149414,513.3828125,2819.93798828125
588.4689331054688,544.7767944335938,2985.13232421875,411.6858215332031,528.0861206054688,2979.90283203125,270.2416076660156,516.3123779296875,2974.957763671875,78.28517150878906,554.86669921875,2883.303466796875,116.7282943725586,526.1844482421875,2874.27490234375,219.2234649658203,491.66845703125,2781.726806640625,447.2762145996094,458.9249572753906,2631.273681640625,311.0187683105469,634.6419677734375,2568.86376953125,287.3110656738281,659.00927734375,2479.210693359375,261.0470275878906,691.1583251953125,2379.947509765625,257.29156494140625,643.7908325195312,2439.522705078125,102.45751190185548,569.180908203125,2923.65087890625,123.9650421142578,673.8299560546875,2999.37451171875,294.6950378417969,891.2183837890625,3046.298583984375,259.412353515625,827.06787109375,2824.180908203125,233.80648803710935,758.2198486328125,2751.636962890625,324.1651306152344,711.095947265625,2779.9111328125,278.7334289550781,688.9308471679688,2792.120361328125,594.5933837890625,505.4802856445313,2903.512451171875,899.9536743164062,598.9921264648438,2664.939208984375,1279.664306640625,626.8565063476562,2651.519287109375,1400.5736083984375,753.237060546875,2586.660400390625,582.9461669921875,580.212158203125,3058.732177734375,938.086181640625,760.1566162109375,3066.50146484375,1259.5738525390625,601.2894287109375,3206.54833984375,1417.90283203125,667.3381958007812,3201.482666015625,12.427173614501951,579.1174926757812,2842.185546875,-36.94756317138672,610.6283569335938,2693.286865234375,-0.8932473063468933,568.62060546875,2699.74462890625,89.1327896118164,539.7822875976562,2783.400390625,-51.285648345947266,564.9418334960938,2712.2919921875,-66.7080307006836,510.9323120117187,2830.044921875
587.4395141601562,542.5659790039062,2988.591064453125,410.67535400390625,526.8026733398438,2982.609375,269.585693359375,511.5579223632813,2979.038818359375,78.5767593383789,548.1095581054688,2884.84814453125,117.84092712402344,520.6133422851562,2875.781494140625,222.6302032470703,479.9862365722656,2788.533447265625,445.8643493652344,428.1476745605469,2636.455810546875,308.406005859375,604.9791870117188,2580.550048828125,300.1090393066406,628.29541015625,2487.960693359375,254.0029296875,684.9801635742188,2409.0478515625,256.6154479980469,619.14453125,2448.990234375,101.63558959960938,561.8533935546875,2926.010986328125,113.1061553955078,660.5221557617188,3011.249267578125,272.19842529296875,877.4535522460938,3089.786865234375,247.1643829345703,819.3265991210938,2864.749267578125,236.3308563232422,775.3092651367188,2772.046142578125,325.0190734863281,718.0188598632812,2777.237548828125,276.6322326660156,695.394775390625,2797.431884765625,593.5579223632812,505.2654724121094,2906.084228515625,895.8657836914062,600.8206176757812,2664.74853515625,1275.350830078125,627.494873046875,2647.837646484375,1399.4281005859375,751.2978515625,2584.24365234375,581.92236328125,576.2014770507812,3062.99072265625,937.7020874023438,754.6239013671875,3065.923828125,1257.78369140625,596.1361083984375,3209.111328125,1416.7882080078125,660.5202026367188,3210.510986328125,12.958415031433104,571.9299926757812,2843.17138671875,-36.276756286621094,596.952880859375,2693.076904296875,-1.321274757385254,554.417236328125,2701.58056640625,88.28431701660156,527.6015014648438,2786.2685546875,-51.708370208740234,552.7294921875,2714.473388671875,-67.95994567871094,505.3532104492187,2834.875732421875
593.3522338867188,547.1434326171875,2985.814453125,415.7040710449219,534.4266357421875,2982.39990234375,274.1858825683594,518.5263061523438,2983.166015625,84.0368423461914,540.73828125,2881.470458984375,124.06304168701172,513.05517578125,2876.29931640625,222.53370666503903,440.0465087890625,2803.177490234375,446.8204650878906,440.0421752929687,2642.462158203125,303.9336242675781,609.4896850585938,2575.36083984375,288.23614501953125,630.6282348632812,2482.88916015625,248.0337371826172,685.1055908203125,2398.886962890625,255.9860992431641,617.8301391601562,2445.325439453125,106.05435180664062,559.5075073242188,2921.38818359375,103.35939025878906,664.12890625,3000.6962890625,256.7521057128906,873.9714965820312,3107.834716796875,255.04481506347656,845.9387817382812,2875.005615234375,242.2338104248047,793.21240234375,2786.841552734375,321.27264404296875,723.2261352539062,2776.77880859375,271.81927490234375,717.2127685546875,2814.231689453125,598.2135009765625,500.1278076171875,2908.00146484375,893.2894287109375,594.8057861328125,2655.514892578125,1273.8775634765625,626.9691162109375,2648.06689453125,1397.30224609375,749.9839477539062,2580.0712890625,588.9686889648438,589.53955078125,3055.982177734375,948.9127197265624,762.0294189453125,3044.718505859375,1251.85986328125,595.099365234375,3216.1279296875,1415.1082763671875,647.90478515625,3229.55224609375,18.725528717041016,558.5460205078125,2835.974365234375,-30.65804672241211,595.5744018554688,2687.87646484375,-5.666665077209473,546.0631103515625,2694.766357421875,79.73507690429688,498.9007568359375,2775.418212890625,-54.66595077514648,555.5729370117188,2710.0615234375,-75.62543487548828,511.6646423339844,2831.5
603.6528930664062,548.1566772460938,2973.094970703125,427.76458740234375,538.453857421875,2970.9140625,287.135009765625,531.046630859375,2968.916015625,91.549072265625,547.2185668945312,2882.6318359375,130.81080627441406,519.7590942382812,2875.7685546875,219.0773468017578,432.0999145507813,2809.0517578125,419.5802307128906,407.112548828125,2625.6484375,294.6783752441406,593.876220703125,2581.228271484375,286.68414306640625,587.659912109375,2486.68310546875,260.1169738769531,669.699951171875,2423.84619140625,256.6650390625,602.9240112304688,2447.484619140625,116.2401123046875,567.8338012695312,2919.271728515625,113.06945037841795,676.17529296875,2990.799072265625,271.6090393066406,847.8433227539062,3141.470947265625,280.8542175292969,804.3712768554688,2913.8408203125,265.4643249511719,765.2929077148438,2820.47119140625,338.2613220214844,701.53125,2780.041015625,276.48040771484375,714.8956298828125,2815.86572265625,607.4706420898438,495.3136596679687,2900.293701171875,893.0485229492188,594.2265014648438,2645.466796875,1269.184326171875,629.4593505859375,2641.754150390625,1395.748291015625,749.4320068359375,2580.031494140625,600.2103271484375,595.8075561523438,3038.742919921875,967.0975341796876,740.41748046875,3018.23046875,1265.678466796875,591.3829956054688,3203.676513671875,1427.3629150390625,642.7420654296875,3217.417724609375,23.46634864807129,562.2972412109375,2842.0869140625,9.228348731994627,579.0852661132812,2684.94677734375,-5.420893669128418,530.3486938476562,2706.510009765625,27.03022003173828,464.66156005859375,2808.012939453125,-34.54348373413086,572.789306640625,2710.529296875,-76.75833892822266,589.1939086914062,2831.7216796875
601.0503540039062,546.9497680664062,2977.887939453125,423.39642333984375,534.2266845703125,2979.002197265625,281.3075256347656,524.9409790039062,2979.26416015625,82.68944549560547,541.0142211914062,2893.986083984375,122.0185317993164,512.672119140625,2887.3134765625,211.18460083007812,423.6570129394531,2820.2763671875,405.34820556640625,392.046630859375,2626.845458984375,285.0732421875,581.3553466796875,2569.278076171875,265.22515869140625,562.2999877929688,2477.1650390625,228.9069976806641,633.9863891601562,2405.19677734375,225.73106384277344,587.4832153320312,2439.688232421875,108.30818176269533,562.5695190429688,2930.164794921875,111.9128646850586,674.661376953125,2998.433349609375,279.7545471191406,856.8311767578125,3131.342529296875,288.66925048828125,798.2569580078125,2904.46484375,261.94189453125,758.9013061523438,2812.534912109375,338.6549987792969,693.4812622070312,2779.6884765625,274.0783996582031,708.373779296875,2806.075439453125,604.3447265625,494.4435729980469,2903.597412109375,896.2129516601562,597.5921020507812,2650.782958984375,1276.5594482421875,631.9427490234375,2643.30126953125,1398.09521484375,759.3197631835938,2580.17578125,598.0797119140625,594.296875,3044.87890625,969.0411987304688,739.4801635742188,3018.28076171875,1276.90673828125,586.4330444335938,3193.724609375,1439.9388427734375,640.7989501953125,3202.43359375,13.517000198364258,555.8785400390625,2853.4267578125,13.320894241333008,598.4598999023438,2698.756103515625,-1.5079230070114136,545.9320678710938,2710.736328125,24.18775177001953,464.3057861328125,2803.984375,-32.86528015136719,586.8797607421875,2718.774169921875,-87.38719177246094,582.036376953125,2837.57666015625
604.4639892578125,548.5282592773438,2972.734619140625,427.9702453613281,541.7958984375,2972.647705078125,286.8089599609375,539.49560546875,2970.225341796875,84.68073272705078,551.4585571289062,2898.1279296875,123.12920379638672,522.83349609375,2890.5791015625,198.6306304931641,418.2857360839844,2832.285400390625,384.09564208984375,375.513671875,2635.767822265625,272.14581298828125,565.9288940429688,2573.04931640625,261.0671691894531,556.9705810546875,2478.789794921875,229.6135711669922,632.77197265625,2410.1728515625,220.1856384277344,582.7979736328125,2441.916259765625,112.4333267211914,574.7490234375,2930.94140625,116.70564270019533,685.8134155273438,2998.745361328125,296.1236267089844,824.377685546875,3160.96044921875,304.7095031738281,796.2218627929688,2930.306640625,276.39324951171875,774.393310546875,2834.0908203125,332.11126708984375,702.0646362304688,2781.9345703125,277.009033203125,717.4481201171875,2824.122802734375,606.5872802734375,493.7916870117187,2900.984375,894.1582641601562,599.3954467773438,2649.527587890625,1271.6915283203125,628.490966796875,2640.029296875,1391.2742919921875,756.7338256835938,2579.602294921875,602.5493774414062,597.8865966796875,3037.435302734375,977.9439086914062,720.4085693359375,3008.990234375,1283.973388671875,573.9636840820312,3186.197509765625,1444.9744873046875,630.1714477539062,3192.26708984375,13.578117370605469,564.1764526367188,2861.759521484375,15.185139656066896,584.0963745117188,2703.93701171875,-4.797522068023682,536.1121826171875,2723.14013671875,13.50826358795166,466.75146484375,2826.122802734375,-31.22140312194824,580.5667114257812,2725.326171875,-83.39336395263672,598.335693359375,2842.745849609375
601.8916015625,551.7479858398438,2975.47021484375,423.9500732421875,544.0758056640625,2974.91943359375,281.6435241699219,539.5531005859375,2973.232421875,75.62271881103516,547.0909423828125,2906.329833984375,114.7757339477539,519.050048828125,2897.65869140625,189.98187255859375,413.1481323242187,2838.53173828125,364.3591003417969,378.54095458984375,2627.5693359375,246.85548400878903,567.3525390625,2563.08642578125,226.50225830078125,544.9689331054688,2471.839111328125,235.0695037841797,639.131103515625,2523.770263671875,179.16720581054688,577.283935546875,2435.28662109375,104.02362060546876,571.2384033203125,2938.5791015625,107.30047607421876,681.24267578125,3010.17236328125,301.4612121582031,802.0384521484375,3173.656982421875,312.2110595703125,807.0218505859375,2939.476318359375,282.1509704589844,785.267333984375,2842.8486328125,329.8711853027344,706.9489135742188,2789.63232421875,279.7650146484375,722.5501708984375,2835.666259765625,604.5128173828125,496.1258850097656,2903.45849609375,895.1265869140625,597.769287109375,2648.61474609375,1275.829345703125,628.3019409179688,2643.62646484375,1391.7191162109375,760.2025146484375,2579.201416015625,599.5278930664062,601.9048461914062,3040.406494140625,981.6983642578124,714.8417358398438,3016.31298828125,1294.2681884765625,575.0303955078125,3194.44287109375,1454.5377197265625,637.6448364257812,3196.01318359375,2.651221990585327,558.2999877929688,2871.68896484375,9.518481254577637,592.6856689453125,2715.1474609375,-5.290985107421875,540.6634521484375,2729.176025390625,16.735952377319336,464.4123229980469,2827.756103515625,-37.45535659790039,581.5430908203125,2733.5087890625,-97.64273071289062,582.204833984375,2849.63916015625
605.3387451171875,550.3665771484375,2974.41748046875,427.6156921386719,542.6099853515625,2974.73681640625,285.4827880859375,537.8096923828125,2973.899658203125,78.80892181396484,545.5691528320312,2909.949462890625,117.60076904296876,517.1524658203125,2901.211669921875,187.98223876953125,407.7423706054687,2842.954833984375,350.4801330566406,364.4940185546875,2624.6650390625,237.93605041503903,554.4201049804688,2555.763671875,209.05271911621097,528.3172607421875,2467.994140625,220.4486083984375,634.3610229492188,2483.276123046875,169.79586791992188,570.484130859375,2429.262451171875,107.79985809326172,570.0499877929688,2941.3193359375,111.22471618652344,683.8882446289062,3006.3173828125,281.24072265625,843.404296875,3162.764404296875,339.1280822753906,846.6683959960938,2935.857666015625,304.91943359375,813.07666015625,2844.2646484375,335.2255859375,724.9598999023438,2793.93798828125,293.050537109375,738.3970336914062,2857.089599609375,607.6475219726562,494.5130615234375,2902.7138671875,896.4940185546875,597.684326171875,2647.23193359375,1276.6475830078125,629.1215209960938,2641.369873046875,1392.4371337890625,761.0584716796875,2577.4970703125,603.2568359375,600.732177734375,3039.075927734375,983.861083984375,716.5206298828125,3011.907470703125,1298.1197509765625,577.4373779296875,3186.592529296875,1458.2479248046875,639.8594360351562,3187.2041015625,5.501709938049316,556.6553344726562,2876.2216796875,13.213281631469728,592.35693359375,2720.21337890625,-5.412496566772461,541.5279541015625,2733.7919921875,11.728384017944336,462.6399841308594,2831.063232421875,-34.213340759277344,584.6701049804688,2739.002197265625,-92.75727081298828,588.5145263671875,2855.7314453125
607.6675415039062,549.8795776367188,2955.744140625,434.4791259765625,540.09912109375,2955.76904296875,295.99224853515625,532.8695068359375,2955.278076171875,91.34073638916016,539.0250244140625,2903.89990234375,128.06887817382812,509.6496887207031,2896.1953125,179.32318115234375,387.6219787597656,2853.75390625,345.9237365722656,349.2818298339844,2646.46728515625,241.5503845214844,532.5386352539062,2566.5986328125,213.2450256347656,504.3758850097656,2481.9140625,191.32078552246097,589.3938598632812,2424.21484375,182.0999755859375,551.1271362304688,2441.7880859375,121.80088806152344,565.198974609375,2930.20166015625,124.21540069580078,678.6072998046875,2989.21826171875,284.7625732421875,825.6867065429688,3155.179443359375,340.7594299316406,812.7318725585938,2934.16357421875,287.93701171875,804.7316284179688,2848.675537109375,324.7982177734375,718.1613159179688,2806.116943359375,282.27593994140625,725.3807373046875,2843.946044921875,610.9296875,491.9436340332031,2888.71630859375,896.026123046875,598.1051635742188,2645.893310546875,1266.3145751953125,632.8480224609375,2637.93603515625,1389.194091796875,754.1766357421875,2579.9814453125,604.7259521484375,602.1229248046875,3016.18603515625,980.4695434570312,699.8095703125,2994.7080078125,1292.685791015625,578.6365966796875,3165.4384765625,1451.8739013671875,630.9822387695312,3167.6181640625,18.275604248046875,548.1825561523438,2874.136474609375,28.868755340576172,590.4450073242188,2724.095947265625,5.78912353515625,542.323974609375,2734.746826171875,14.849502563476562,458.95220947265625,2825.080810546875,-17.847850799560547,586.6798095703125,2742.369873046875,-73.9303207397461,589.881103515625,2856.7080078125
612.4512939453125,547.6290283203125,2941.63623046875,441.4618225097656,539.03759765625,2940.54296875,304.7560729980469,532.3594970703125,2939.4638671875,100.96381378173828,539.0772705078125,2896.660888671875,135.74998474121094,507.7185668945313,2892.29150390625,171.484619140625,378.2594299316406,2864.304931640625,342.5006408691406,344.1387939453125,2664.51171875,238.96517944335935,524.734130859375,2585.723388671875,210.68064880371097,493.7605590820313,2503.383056640625,194.17491149902344,589.425048828125,2466.93310546875,188.8070068359375,546.3295288085938,2460.9482421875,133.1217803955078,567.3489379882812,2916.95166015625,136.46603393554688,683.173095703125,2966.96484375,315.5713806152344,806.9108276367188,3127.041748046875,310.5496520996094,751.2033081054688,2908.694580078125,282.61895751953125,822.1570434570312,2844.778076171875,296.3241271972656,723.3621826171875,2823.78759765625,293.1308288574219,701.4983520507812,2794.47705078125,616.0473022460938,483.64202880859375,2882.057861328125,897.9666137695312,599.1233520507812,2647.998046875,1263.04052734375,637.6475219726562,2641.263427734375,1392.100830078125,749.6246948242188,2585.3525390625,609.2086181640625,605.3289794921875,2995.36083984375,982.980224609375,688.2813720703125,2969.00732421875,1291.1768798828125,581.5654907226562,3145.8857421875,1451.8638916015625,620.7587280273438,3147.77880859375,27.925432205200195,546.484130859375,2869.169189453125,18.953100204467773,571.5465698242188,2717.277587890625,-14.315593719482422,534.8447265625,2738.04736328125,-11.963838577270508,460.8869323730469,2834.614990234375,-21.236602783203125,584.2368774414062,2743.524658203125,-47.938385009765625,613.3956298828125,2862.882080078125
614.536376953125,544.4066162109375,2941.900390625,443.1224365234375,534.9754638671875,2940.81494140625,306.09686279296875,527.2052001953125,2940.197509765625,101.45619201660156,532.6334838867188,2898.498046875,136.39816284179688,501.213623046875,2894.435791015625,170.9273223876953,370.5303649902344,2868.891357421875,338.64984130859375,326.3412170410156,2667.323486328125,231.23765563964844,505.2716674804687,2588.206298828125,194.49887084960935,470.3075256347656,2510.657470703125,162.54075622558594,536.1344604492188,2436.785400390625,162.55056762695312,496.7719421386719,2470.392822265625,133.7515869140625,561.4200439453125,2918.138916015625,133.1806182861328,677.9216918945312,2967.55517578125,278.5986633300781,801.7680053710938,3159.72607421875,221.8689422607422,717.8448486328125,2957.6845703125,157.7197723388672,688.9511108398438,2886.945068359375,245.15130615234375,722.1939697265625,2845.75830078125,186.10769653320312,668.8394165039062,2841.60205078125,618.456298828125,480.00592041015625,2882.4365234375,898.9306030273438,596.40771484375,2645.39013671875,1265.13427734375,634.0178833007812,2640.235107421875,1390.837158203125,747.878173828125,2579.136962890625,611.0016479492188,602.4794921875,2995.521728515625,987.1478271484376,677.662841796875,2964.723876953125,1293.384033203125,566.952392578125,3144.65576171875,1455.23974609375,603.079345703125,3147.362548828125,28.020694732666016,539.37939453125,2871.283935546875,20.435537338256836,568.29150390625,2719.572265625,-12.128544807434082,530.0049438476562,2738.930419921875,-8.973729133605957,453.3892517089844,2833.8076171875,-20.582576751708984,579.1485595703125,2745.616455078125,-49.87390899658203,604.4066772460938,2865.6162109375
615.2428588867188,544.807373046875,2942.6640625,444.2482604980469,535.6071166992188,2941.947021484375,307.55157470703125,528.1485595703125,2941.486328125,103.4336395263672,535.8197021484375,2900.21728515625,137.8860321044922,504.0184326171875,2896.3251953125,170.64190673828125,372.9154357910156,2872.52197265625,337.4276123046875,321.8594970703125,2672.69091796875,233.6544952392578,503.0226135253906,2595.4052734375,194.05453491210935,469.0630798339844,2519.107421875,162.75454711914062,543.7156982421875,2454.26611328125,161.9133758544922,497.9974060058594,2479.69580078125,136.03982543945312,564.26611328125,2919.54833984375,145.64260864257812,679.629150390625,2969.881103515625,336.04632568359375,771.1044921875,3138.47119140625,290.64447021484375,725.5739135742188,2922.3916015625,208.62966918945312,703.1331176757812,2870.682373046875,291.4514465332031,734.1945190429688,2819.999267578125,210.89520263671875,676.8610229492188,2837.737548828125,618.9535522460938,480.4556579589844,2883.46044921875,898.4073486328125,596.4560546875,2646.58984375,1263.7296142578125,633.6309204101562,2642.040283203125,1389.7076416015625,748.0690307617188,2584.00537109375,611.896728515625,602.8361206054688,2996.050537109375,987.4361572265624,676.5031127929688,2966.320556640625,1295.478759765625,568.2505493164062,3142.69091796875,1456.6337890625,605.6473388671875,3141.4033203125,30.22269821166992,543.27197265625,2873.155029296875,21.667322158813477,575.2324829101562,2722.507568359375,-11.67807960510254,537.6326293945312,2741.500244140625,-9.61444091796875,459.3393859863281,2834.62646484375,-18.596181869506836,586.73779296875,2749.20263671875,-45.61349868774414,610.452392578125,2869.71630859375
619.099365234375,550.92236328125,2930.649169921875,449.57470703125,541.4661254882812,2927.45068359375,314.0316467285156,534.5355224609375,2924.097900390625,109.33478546142578,538.1971435546875,2895.952880859375,143.34762573242188,506.3916931152344,2893.07373046875,167.2852325439453,373.4510498046875,2876.6650390625,313.0516662597656,294.4093017578125,2672.47119140625,171.6519317626953,455.7552490234375,2620.3740234375,161.96304321289062,439.9059448242187,2530.6181640625,151.66537475585938,526.7804565429688,2476.529541015625,152.16607666015625,479.49407958984375,2490.153564453125,142.6969451904297,568.1650390625,2910.013916015625,151.40182495117188,683.838623046875,2957.06689453125,390.5476989746094,769.2609252929688,3042.772705078125,230.58172607421875,692.0255737304688,2907.0234375,142.06307983398438,650.0366821289062,2895.145263671875,123.95149230957033,612.0866088867188,2803.20751953125,138.02813720703125,614.3479614257812,2877.823974609375,623.9036254882812,482.9977111816406,2876.833251953125,899.3702392578125,594.4819946289062,2638.29541015625,1261.4532470703125,632.6290283203125,2646.5654296875,1390.5126953125,737.6868896484375,2582.493896484375,614.7671508789062,612.1729736328125,2979.177734375,985.602294921875,688.7238159179688,2940.1943359375,1284.5811767578125,588.1339111328125,3129.736083984375,1444.902587890625,622.9293823242188,3127.792724609375,35.097389221191406,542.9169311523438,2873.317138671875,5.541818141937256,551.343994140625,2723.482177734375,-33.07506561279297,532.2308959960938,2754.818603515625,-36.8526611328125,474.9539184570313,2860.96142578125,-21.707355499267575,580.6128540039062,2752.22412109375,-12.848597526550291,630.9689331054688,2865.97607421875
615.3567504882812,553.3841552734375,2924.5634765625,448.0193176269531,543.1869506835938,2918.5859375,314.2787170410156,533.69970703125,2915.5322265625,111.57098388671876,534.3906860351562,2891.373779296875,145.51698303222656,503.366943359375,2888.3154296875,166.81008911132812,371.5016174316406,2873.273681640625,311.1445617675781,296.3643798828125,2670.6884765625,158.8712615966797,445.4212036132813,2624.236572265625,154.7450408935547,434.8123474121094,2534.410888671875,148.82882690429688,524.0628662109375,2486.218017578125,150.6192169189453,476.54345703125,2496.55908203125,144.38754272460938,564.5868530273438,2904.28564453125,146.23316955566406,680.2552490234375,2947.977294921875,355.6277770996094,759.4932250976562,3089.302978515625,233.6466064453125,691.3836059570312,2918.25830078125,144.7894744873047,651.948974609375,2925.5869140625,116.91178131103516,597.9414672851562,2846.34130859375,138.33067321777344,614.2404174804688,2899.36572265625,621.3472900390625,485.8142395019531,2872.12841796875,901.7135620117188,591.8656005859375,2644.421630859375,1258.9459228515625,634.3487548828125,2642.5361328125,1389.6131591796875,736.4588012695312,2583.122314453125,609.9547729492188,614.3150024414062,2971.846435546875,979.3265991210938,682.5514526367188,2954.357177734375,1281.1361083984375,593.239013671875,3136.27734375,1438.92626953125,630.2215576171875,3134.98388671875,37.79002380371094,537.833251953125,2870.295654296875,-16.40447235107422,555.346923828125,2730.345703125,-49.962589263916016,538.2398681640625,2767.10400390625,-39.997859954833984,477.37066650390625,2869.109130859375,-35.17007827758789,585.0223388671875,2764.01953125,-2.1964125633239746,628.6395263671875,2874.419677734375
611.4464111328125,561.816650390625,2916.461669921875,444.2454528808594,548.6038818359375,2906.221923828125,310.58721923828125,538.5530395507812,2897.2529296875,106.9865951538086,536.8614501953125,2878.339111328125,141.12191772460938,505.8758850097656,2875.903564453125,165.91769409179688,373.8058166503906,2867.46728515625,294.34393310546875,277.8473815917969,2662.4228515625,146.3218994140625,434.7540893554687,2627.903076171875,144.29837036132812,432.8333129882813,2537.250732421875,148.6501007080078,524.2889404296875,2492.813720703125,148.2462921142578,469.1623840332031,2502.054443359375,139.9610595703125,567.8964233398438,2888.9306640625,147.88623046875,685.0702514648438,2928.302001953125,368.2325439453125,733.78955078125,3067.607177734375,233.0950164794922,687.923095703125,2898.574951171875,141.11083984375,658.890869140625,2913.813232421875,100.65560150146484,608.2703247070312,2837.60205078125,129.45574951171875,632.7776489257812,2914.206298828125,619.962158203125,490.2545776367187,2869.75048828125,905.1981811523438,591.6702880859375,2644.958740234375,1262.75244140625,636.36767578125,2648.568603515625,1393.0030517578125,738.3538818359375,2587.18701171875,603.767333984375,626.3472900390625,2958.583251953125,975.4220581054688,687.3916015625,2954.51904296875,1278.673095703125,616.2730102539062,3143.154541015625,1435.515380859375,657.2010498046875,3134.196044921875,32.541507720947266,538.8392333984375,2859.0126953125,-37.77168655395508,550.7333374023438,2725.518310546875,-67.45536041259766,538.3917846679688,2767.301025390625,-48.36206817626953,483.7659912109375,2871.744140625,-50.390960693359375,583.8301391601562,2758.98388671875,-1.212574481964111,632.3829345703125,2861.222412109375
610.596923828125,560.0062255859375,2913.438232421875,443.2279357910156,546.4771118164062,2902.101806640625,309.465576171875,536.7611083984375,2891.346435546875,105.7818374633789,540.7294921875,2870.326416015625,139.06381225585938,508.6712951660156,2868.742919921875,159.84161376953125,375.58740234375,2862.24658203125,284.9682922363281,272.1706237792969,2658.274169921875,139.29525756835938,433.5626525878906,2633.71435546875,136.6658477783203,435.5637512207031,2542.937744140625,151.37762451171875,535.0377197265625,2559.6298828125,151.43841552734375,474.8961181640625,2511.470703125,139.6030731201172,571.002685546875,2880.77099609375,160.602294921875,687.0761108398438,2919.197998046875,371.5371398925781,731.2938842773438,3074.45068359375,265.5609436035156,689.2608032226562,2884.46875,171.35885620117188,665.9457397460938,2896.649658203125,117.93194580078124,616.4073486328125,2827.874755859375,158.63710021972656,635.71630859375,2897.715576171875,619.5504150390625,488.1762390136719,2866.973876953125,906.5466918945312,590.3228149414062,2643.76953125,1264.4422607421875,636.0697631835938,2652.728271484375,1392.87353515625,737.244384765625,2585.641845703125,602.5230712890625,624.7784423828125,2955.33740234375,975.330322265625,681.5789184570312,2965.466796875,1281.1417236328125,613.8795776367188,3152.318359375,1437.57177734375,654.9763793945312,3135.643798828125,31.505451202392575,544.5746459960938,2850.1708984375,-40.320777893066406,556.2258911132812,2717.193115234375,-69.89909362792969,545.9554443359375,2759.708740234375,-51.3873176574707,492.8836059570313,2865.26513671875,-51.19806671142578,590.5742797851562,2750.11572265625,1.3486220836639404,639.526611328125,2850.707763671875
607.009033203125,558.5819091796875,2912.701171875,440.7145385742187,538.4326171875,2900.537353515625,307.78265380859375,523.4487915039062,2889.011474609375,104.28202056884766,540.2736206054688,2880.22900390625,135.37559509277344,506.635498046875,2874.676513671875,146.229736328125,373.4913635253906,2858.3818359375,268.9067077636719,270.20904541015625,2653.5380859375,121.55696868896484,428.0513000488281,2621.152587890625,117.29615020751952,425.2389221191406,2530.64599609375,121.87356567382812,524.6527709960938,2551.70458984375,151.84974670410156,475.2702026367187,2510.735595703125,140.30799865722656,567.764404296875,2890.56884765625,188.9895782470703,671.2977294921875,2937.88134765625,368.12353515625,565.623779296875,3102.21923828125,405.3575744628906,618.6632080078125,2890.819091796875,313.3269348144531,640.9611206054688,2867.15576171875,221.29718017578125,666.9511108398438,2837.9599609375,283.5647277832031,595.0406494140625,2876.099365234375,619.037109375,486.4480590820313,2867.752685546875,903.7152709960938,588.439697265625,2642.825439453125,1260.386474609375,637.2938232421875,2654.1044921875,1395.526611328125,724.527587890625,2581.779541015625,596.162841796875,623.6281127929688,2953.233154296875,967.4854125976562,670.6344604492188,2993.73876953125,1291.368896484375,628.5625,3154.366943359375,1442.957763671875,669.986572265625,3113.946533203125,29.536500930786133,549.6286010742188,2864.760986328125,-48.473331451416016,557.7615966796875,2735.408935546875,-75.89627838134766,561.3117065429688,2780.262939453125,-61.16194152832031,521.982666015625,2891.972412109375,-48.5044059753418,598.1845703125,2762.57958984375,21.826379776000977,647.7835083007812,2850.93798828125
612.7380981445312,558.0980224609375,2912.56689453125,447.4005126953125,539.6714477539062,2901.930419921875,315.2532653808594,526.7028198242188,2890.545654296875,113.95594787597656,549.6639404296875,2880.301513671875,143.72994995117188,515.1220703125,2876.067138671875,145.99789428710938,382.18316650390625,2863.26025390625,255.08592224121097,265.37664794921875,2660.456298828125,121.33984375,432.686279296875,2627.48828125,113.04463958740234,426.9332885742187,2538.0810546875,123.60031127929688,516.8712158203125,2493.43017578125,171.30178833007812,437.2754821777344,2530.0107421875,150.54844665527344,576.1032104492188,2889.810546875,187.8089141845703,687.2935180664062,2926.531494140625,382.423583984375,721.450439453125,3100.251220703125,472.9761657714844,698.6165771484375,2901.64892578125,391.4228820800781,679.4955444335938,2852.978271484375,298.47137451171875,681.9694213867188,2818.295654296875,372.3063659667969,623.2880249023438,2884.24267578125,623.6090698242188,485.9584655761719,2868.55908203125,904.7991943359376,585.3468017578125,2642.766357421875,1259.3773193359375,630.33935546875,2650.050537109375,1394.6962890625,719.244140625,2583.517822265625,602.9352416992188,623.1494750976562,2952.250732421875,969.6959228515624,675.3218994140625,2903.3427734375,1330.3604736328125,695.9866943359375,2903.1171875,1431.895751953125,778.2462768554688,2808.977783203125,40.167667388916016,560.8344116210938,2864.288330078125,-39.20904541015625,567.2953491210938,2737.0029296875,-66.10668182373047,563.9697875976562,2781.732666015625,-44.984405517578125,519.6146240234375,2889.519287109375,-44.330230712890625,605.0554809570312,2766.751953125,19.25421714782715,657.0390014648438,2857.541015625
