1658412841711.0,2022-07-21T09:14:01.711,18.538,1.631,-1.761,-1.414
1658412841742.0,2022-07-21T09:14:01.742,18.569,1.627,-1.433,-1.643
1658412841773.0,2022-07-21T09:14:01.773,18.6,1.78,0.034,-1.803
1658412841804.0,2022-07-21T09:14:01.804,18.631,1.902,0.537,-2.02
1658412841835.0,2022-07-21T09:14:01.835,18.662,1.856,-0.393,-2.054
1658412841866.0,2022-07-21T09:14:01.866,18.693,1.521,-1.479,-1.879
1658412841897.0,2022-07-21T09:14:01.897,18.724,1.296,-0.823,-1.681
1658412841928.0,2022-07-21T09:14:01.928,18.755,1.383,0.267,-1.658
1658412841959.0,2022-07-21T09:14:01.959,18.786,1.147,-0.114,-1.604
1658412841990.0,2022-07-21T09:14:01.990,18.817,0.911,-0.945,-1.273
1658412842021.0,2022-07-21T09:14:02.021,18.848,1.067,-0.732,-0.758
1658412842052.0,2022-07-21T09:14:02.052,18.879,0.766,-0.187,-0.545
1658412842083.0,2022-07-21T09:14:02.083,18.91,0.572,-0.065,-0.534
1658412842114.0,2022-07-21T09:14:02.114,18.941,0.575,-0.37,-0.636
1658412842145.0,2022-07-21T09:14:02.145,18.972,0.694,-1.109,-0.476
1658412842176.0,2022-07-21T09:14:02.176,19.003,0.762,-2.5,-0.575
1658412842207.0,2022-07-21T09:14:02.207,19.034,0.313,-3.841,-0.438
1658412842238.0,2022-07-21T09:14:02.238,19.065,-0.259,-1.806,-0.591
1658412842269.0,2022-07-21T09:14:02.269,19.096,0.412,0.671,-1.246
1658412842300.0,2022-07-21T09:14:02.300,19.127,0.602,-0.758,-0.842
1658412842331.0,2022-07-21T09:14:02.331,19.158,0.629,-1.974,-0.076
1658412842362.0,2022-07-21T09:14:02.362,19.189,1.09,-0.32,0.282
1658412842393.0,2022-07-21T09:14:02.393,19.22,1.151,1.227,-0.084
1658412842424.0,2022-07-21T09:14:02.424,19.251,1.048,0.48,-0.339
1658412842455.0,2022-07-21T09:14:02.455,19.282,0.957,-0.229,-0.438
1658412842486.0,2022-07-21T09:14:02.486,19.313,1.021,-0.24,-0.56
1658412842517.0,2022-07-21T09:14:02.517,19.344,1.033,-0.175,-0.339
1658412842548.0,2022-07-21T09:14:02.548,19.375,0.857,0.667,-0.514
1658412842579.0,2022-07-21T09:14:02.579,19.406,0.976,0.503,-0.667
1658412842610.0,2022-07-21T09:14:02.610,19.437,1.12,-0.396,-0.313
1658412842641.0,2022-07-21T09:14:02.641,19.468,1.216,-0.534,-0.244
1658412842672.0,2022-07-21T09:14:02.672,19.499,1.128,-0.088,-0.469
1658412842703.0,2022-07-21T09:14:02.703,19.53,1.113,0.716,-0.846
1658412842734.0,2022-07-21T09:14:02.734,19.561,1.04,0.949,-1.075
1658412842765.0,2022-07-21T09:14:02.765,19.592,1.033,0.389,-1.01
1658412842796.0,2022-07-21T09:14:02.796,19.623,0.907,0.438,-0.953
1658412842827.0,2022-07-21T09:14:02.827,19.654,1.162,0.812,-1.067
1658412842858.0,2022-07-21T09:14:02.858,19.685,1.132,0.758,-0.918
1658412842889.0,2022-07-21T09:14:02.889,19.716,1.174,0.534,-0.953
1658412842920.0,2022-07-21T09:14:02.920,19.747,0.976,-0.274,-1.12
1658412842951.0,2022-07-21T09:14:02.951,19.778,0.713,-0.37,-1.482
1658412842982.0,2022-07-21T09:14:02.982,19.809,1.033,-0.354,-1.555
1658412843013.0,2022-07-21T09:14:03.013,19.84,1.082,-1.04,-0.998
1658412843044.0,2022-07-21T09:14:03.044,19.871,0.846,-1.517,-0.598
1658412843075.0,2022-07-21T09:14:03.075,19.902,0.278,-0.8,-1.014
1658412843106.0,2022-07-21T09:14:03.106,19.933,0.408,0.225,-1.864
1658412843137.0,2022-07-21T09:14:03.137,19.964,0.812,-0.526,-1.909
1658412843168.0,2022-07-21T09:14:03.168,19.995,1.2,-0.972,-1.429
1658412843199.0,2022-07-21T09:14:03.199,20.026,1.46,0.518,-0.968
1658412843230.0,2022-07-21T09:14:03.230,20.057,1.227,2.302,-0.979
1658412843261.0,2022-07-21T09:14:03.261,20.088,1.155,1.555,-1.002
1658412843292.0,2022-07-21T09:14:03.292,20.119,0.964,0.072,-0.755
1658412843323.0,2022-07-21T09:14:03.323,20.15,0.873,-0.271,-0.606
1658412843354.0,2022-07-21T09:14:03.354,20.181,0.884,0.038,-0.419
1658412843385.0,2022-07-21T09:14:03.385,20.212,1.086,0.957,-0.751
1658412843416.0,2022-07-21T09:14:03.416,20.243,1.193,0.042,-1.185
1658412843447.0,2022-07-21T09:14:03.447,20.274,1.25,-1.269,-1.139
1658412843478.0,2022-07-21T09:14:03.478,20.305,1.261,-1.654,-1.189
1658412843509.0,2022-07-21T09:14:03.509,20.336,1.094,-1.635,-1.349
1658412843540.0,2022-07-21T09:14:03.540,20.367,0.926,-1.178,-1.273
1658412843571.0,2022-07-21T09:14:03.571,20.398,1.151,-1.216,-0.495
1658412843602.0,2022-07-21T09:14:03.602,20.429,1.25,-1.014,0.13
1658412843633.0,2022-07-21T09:14:03.633,20.46,1.494,0.015,0.137
1658412843664.0,2022-07-21T09:14:03.664,20.491,1.441,0.0,-0.168
1658412843695.0,2022-07-21T09:14:03.695,20.522,1.212,-0.595,-0.179
1658412843726.0,2022-07-21T09:14:03.726,20.553,1.086,-0.724,-0.05
1658412843757.0,2022-07-21T09:14:03.757,20.584,1.231,-0.408,-0.114
1658412843788.0,2022-07-21T09:14:03.788,20.615,1.231,0.091,-0.267
1658412843819.0,2022-07-21T09:14:03.819,20.646,1.307,-0.019,-0.511
1658412843850.0,2022-07-21T09:14:03.850,20.677,1.33,-0.93,-0.438
1658412843881.0,2022-07-21T09:14:03.881,20.708,1.189,-1.696,-0.206
1658412843912.0,2022-07-21T09:14:03.912,20.739,0.789,-1.372,-0.553
1658412843943.0,2022-07-21T09:14:03.943,20.77,0.636,-0.678,-1.197
1658412843974.0,2022-07-21T09:14:03.974,20.801,0.701,-0.8,-1.444
1658412844005.0,2022-07-21T09:14:04.005,20.832,0.938,-0.922,-1.139
1658412844036.0,2022-07-21T09:14:04.036,20.863,1.425,-0.111,-0.396
1658412844067.0,2022-07-21T09:14:04.067,20.894,1.486,1.345,-0.141
1658412844098.0,2022-07-21T09:14:04.098,20.925,1.361,1.315,-0.236
1658412844129.0,2022-07-21T09:14:04.129,20.956,1.105,-0.282,-0.354
1658412844160.0,2022-07-21T09:14:04.160,20.987,0.854,-1.223,-0.373
1658412844191.0,2022-07-21T09:14:04.191,21.018,0.991,-0.736,-0.343
1658412844222.0,2022-07-21T09:14:04.222,21.049,1.3,0.473,-0.739
1658412844253.0,2022-07-21T09:14:04.253,21.08,1.277,0.118,-1.361
1658412844284.0,2022-07-21T09:14:04.284,21.111,0.785,-1.174,-1.311
1658412844315.0,2022-07-21T09:14:04.315,21.142,0.701,-0.915,-0.884
1658412844346.0,2022-07-21T09:14:04.346,21.173,0.766,-0.534,-0.4
1658412844377.0,2022-07-21T09:14:04.377,21.204,0.678,-1.086,-0.343
1658412844408.0,2022-07-21T09:14:04.408,21.235,0.713,-1.494,-0.335
1658412844439.0,2022-07-21T09:14:04.439,21.266,0.796,-1.677,-0.16
1658412844470.0,2022-07-21T09:14:04.470,21.297,0.77,-1.212,-0.137
1658412844501.0,2022-07-21T09:14:04.501,21.328,0.579,-0.96,-0.37
1658412844532.0,2022-07-21T09:14:04.532,21.359,0.545,-1.623,-0.286
1658412844563.0,2022-07-21T09:14:04.563,21.39,0.636,-2.081,-0.114
1658412844594.0,2022-07-21T09:14:04.594,21.421,0.682,-1.905,-0.141
1658412844625.0,2022-07-21T09:14:04.625,21.452,0.682,-1.402,-0.385
1658412844656.0,2022-07-21T09:14:04.656,21.483,0.713,-0.77,-0.739
1658412844687.0,2022-07-21T09:14:04.687,21.514,0.915,-0.274,-0.857
1658412844718.0,2022-07-21T09:14:04.718,21.545,1.044,-0.682,-0.377
1658412844749.0,2022-07-21T09:14:04.749,21.576,0.713,-1.589,-0.027
1658412844780.0,2022-07-21T09:14:04.780,21.607,0.419,-0.274,-0.438
1658412844811.0,2022-07-21T09:14:04.811,21.638,0.77,1.067,-0.751
1658412844842.0,2022-07-21T09:14:04.842,21.669,1.071,0.72,-0.522
1658412844873.0,2022-07-21T09:14:04.873,21.7,1.41,0.476,-0.267
1658412844904.0,2022-07-21T09:14:04.904,21.731,1.364,0.823,-0.038
1658412844935.0,2022-07-21T09:14:04.935,21.762,1.113,1.181,0.046
1658412844966.0,2022-07-21T09:14:04.966,21.793,0.903,0.446,0.198
1658412844997.0,2022-07-21T09:14:04.997,21.824,0.899,-0.08,0.24
1658412845028.0,2022-07-21T09:14:05.028,21.855,0.915,-0.152,0.164
1658412845059.0,2022-07-21T09:14:05.059,21.886,0.911,-0.122,0.431
1658412845090.0,2022-07-21T09:14:05.090,21.917,0.713,0.518,0.621
1658412845121.0,2022-07-21T09:14:05.121,21.948,0.739,0.217,0.556
1658412845152.0,2022-07-21T09:14:05.152,21.979,0.777,-0.591,0.667
1658412845183.0,2022-07-21T09:14:05.183,22.01,0.899,-0.457,0.827
1658412845214.0,2022-07-21T09:14:05.214,22.041,0.621,-0.229,0.553
1658412845245.0,2022-07-21T09:14:05.245,22.072,-0.137,-1.704,0.446
1658412845276.0,2022-07-21T09:14:05.276,22.103,-0.903,-4.783,1.079
1658412845307.0,2022-07-21T09:14:05.307,22.134,-1.208,-6.845,1.94
1658412845338.0,2022-07-21T09:14:05.338,22.165,-1.235,-6.989,2.218
1658412845369.0,2022-07-21T09:14:05.369,22.196,-1.425,-8.758,2.351
1658412845400.0,2022-07-21T09:14:05.400,22.227,-2.611,-11.418,2.999
1658412845431.0,2022-07-21T09:14:05.431,22.258,-3.651,-12.294,3.838
1658412845462.0,2022-07-21T09:14:05.462,22.289,-4.745,-13.026,4.714
1658412845493.0,2022-07-21T09:14:05.493,22.32,-5.625,-17.05,5.644
1658412845524.0,2022-07-21T09:14:05.524,22.351,-6.471,-22.378,6.139
1658412845555.0,2022-07-21T09:14:05.555,22.382,-6.993,-25.614,6.029
1658412845586.0,2022-07-21T09:14:05.586,22.413,-7.58,-27.329,5.728
1658412845617.0,2022-07-21T09:14:05.617,22.444,-7.74,-29.303,4.779
1658412845648.0,2022-07-21T09:14:05.648,22.475,-8.83,-34.024,3.628
1658412845679.0,2022-07-21T09:14:05.679,22.506,-9.878,-39.093,2.466
1658412845710.0,2022-07-21T09:14:05.710,22.537,-10.503,-41.387,1.883
1658412845741.0,2022-07-21T09:14:05.741,22.568,-9.68,-37.454,0.873
1658412845772.0,2022-07-21T09:14:05.772,22.599,-8.579,-36.684,-1.159
1658412845803.0,2022-07-21T09:14:05.803,22.63,-9.303,-40.465,-3.167
1658412845834.0,2022-07-21T09:14:05.834,22.661,-9.497,-40.507,-5.884
1658412845865.0,2022-07-21T09:14:05.865,22.692,-8.982,-38.906,-8.697
1658412845896.0,2022-07-21T09:14:05.896,22.723,-8.552,-38.803,-11.654
1658412845927.0,2022-07-21T09:14:05.927,22.754,-9.684,-36.726,-14.661
1658412845958.0,2022-07-21T09:14:05.958,22.785,-7.896,-32.329,-20.446
1658412845989.0,2022-07-21T09:14:05.989,22.816,-6.094,-33.601,-23.88
1658412846020.0,2022-07-21T09:14:06.020,22.847,-4.295,-34.215,-26.082
1658412846051.0,2022-07-21T09:14:06.051,22.878,-2.546,-33.67,-27.633
1658412846082.0,2022-07-21T09:14:06.082,22.909,-0.644,-31.223,-30.892
1658412846113.0,2022-07-21T09:14:06.113,22.94,0.434,-32.889,-35.827
1658412846144.0,2022-07-21T09:14:06.144,22.971,1.494,-37.214,-39.958
1658412846175.0,2022-07-21T09:14:06.175,23.002,4.116,-36.974,-42.473
1658412846206.0,2022-07-21T09:14:06.206,23.033,7.035,-33.864,-43.102
1658412846237.0,2022-07-21T09:14:06.237,23.064,9.059,-29.851,-42.386
1658412846268.0,2022-07-21T09:14:06.268,23.095,10.595,-33.434,-39.939
1658412846299.0,2022-07-21T09:14:06.299,23.126,9.585,-59.848,-32.767
1658412846330.0,2022-07-21T09:14:06.330,23.157,7.424,-100.164,-22.828
1658412846361.0,2022-07-21T09:14:06.361,23.188,4.745,-116.749,-13.796
1658412846392.0,2022-07-21T09:14:06.392,23.219,3.944,-98.605,-8.624
1658412846423.0,2022-07-21T09:14:06.423,23.25,3.853,-70.526,-4.322
1658412846454.0,2022-07-21T09:14:06.454,23.281,1.361,-40.149,1.768
1658412846485.0,2022-07-21T09:14:06.485,23.312,5.023,-8.338,7.98
1658412846516.0,2022-07-21T09:14:06.516,23.343,4.272,2.946,12.519
1658412846547.0,2022-07-21T09:14:06.547,23.374,3.834,11.582,16.258
1658412846578.0,2022-07-21T09:14:06.578,23.405,4.474,24.764,18.792
1658412846609.0,2022-07-21T09:14:06.609,23.436,1.688,30.335,19.371
1658412846640.0,2022-07-21T09:14:06.640,23.467,-0.457,32.53,18.628
1658412846671.0,2022-07-21T09:14:06.671,23.498,-0.32,32.066,17.05
1658412846702.0,2022-07-21T09:14:06.702,23.529,-3.88,25.232,14.566
1658412846733.0,2022-07-21T09:14:06.733,23.56,-11.071,12.721,10.282
1658412846764.0,2022-07-21T09:14:06.764,23.591,-15.095,-10.522,10.629
1658412846795.0,2022-07-21T09:14:06.795,23.622,-16.898,-33.788,18.144
1658412846826.0,2022-07-21T09:14:06.826,23.653,-14.489,-42.641,27.645
1658412846857.0,2022-07-21T09:14:06.857,23.684,-9.787,-40.221,32.214
1658412846888.0,2022-07-21T09:14:06.888,23.715,-8.342,-35.4,32.142
1658412846919.0,2022-07-21T09:14:06.919,23.746,-8.925,-29.36,30.629
1658412846950.0,2022-07-21T09:14:06.950,23.777,-7.793,-18.838,28.117
1658412846981.0,2022-07-21T09:14:06.981,23.808,-5.8,-7.306,24.455
1658412847012.0,2022-07-21T09:14:07.012,23.839,-7.268,-5.156,22.53
1658412847043.0,2022-07-21T09:14:07.043,23.87,-9.188,-6.296,12.698
1658412847074.0,2022-07-21T09:14:07.074,23.901,-9.707,-6.81,1.639
1658412847105.0,2022-07-21T09:14:07.105,23.932,-11.684,-17.355,-5.644
1658412847136.0,2022-07-21T09:14:07.136,23.963,-12.885,-20.206,-12.47
1658412847167.0,2022-07-21T09:14:07.167,23.994,-11.387,-15.976,-18.712
1658412847198.0,2022-07-21T09:14:07.198,24.025,-11.433,-14.733,-22.774
1658412847229.0,2022-07-21T09:14:07.229,24.056,-11.052,-10.915,-26.658
1658412847260.0,2022-07-21T09:14:07.260,24.087,-9.162,-3.011,-31.452
1658412847291.0,2022-07-21T09:14:07.291,24.118,-8.285,0.305,-34.939
1658412847322.0,2022-07-21T09:14:07.322,24.149,-9.07,-0.111,-37.37
1658412847353.0,2022-07-21T09:14:07.353,24.18,-9.798,0.511,-39.15
1658412847384.0,2022-07-21T09:14:07.384,24.211,-11.303,1.928,-40.236
1658412847415.0,2022-07-21T09:14:07.415,24.242,-14.104,3.213,-40.156
1658412847446.0,2022-07-21T09:14:07.446,24.273,-15.93,3.967,-37.218
1658412847477.0,2022-07-21T09:14:07.477,24.304,-17.923,1.749,-31.197
1658412847508.0,2022-07-21T09:14:07.508,24.335,-18.735,-1.974,-24.619
1658412847539.0,2022-07-21T09:14:07.539,24.366,-19.676,-4.264,-18.243
1658412847570.0,2022-07-21T09:14:07.570,24.397,-21.429,-6.265,-11.864
1658412847601.0,2022-07-21T09:14:07.601,24.428,-23.277,-12.256,-5.796
1658412847632.0,2022-07-21T09:14:07.632,24.459,-23.567,-19.878,0.469
1658412847663.0,2022-07-21T09:14:07.663,24.49,-23.986,-23.639,2.98
1658412847694.0,2022-07-21T09:14:07.694,24.521,-21.139,-26.326,3.148
1658412847725.0,2022-07-21T09:14:07.725,24.552,-18.014,-25.96,3.182
1658412847756.0,2022-07-21T09:14:07.756,24.583,-14.337,-20.774,4.036
1658412847787.0,2022-07-21T09:14:07.787,24.614,-14.76,-17.13,5.541
1658412847818.0,2022-07-21T09:14:07.818,24.645,-19.466,-12.165,9.68
1658412847849.0,2022-07-21T09:14:07.849,24.676,-21.322,-10.915,19.089
1658412847880.0,2022-07-21T09:14:07.880,24.707,-22.828,-18.761,32.546
1658412847911.0,2022-07-21T09:14:07.911,24.738,-22.34,-29.699,46.837
1658412847942.0,2022-07-21T09:14:07.942,24.769,-20.354,-42.698,59.794
1658412847973.0,2022-07-21T09:14:07.973,24.8,-18.834,-52.603,67.675
1658412848004.0,2022-07-21T09:14:08.004,24.831,-15.13,-56.951,65.987
1658412848035.0,2022-07-21T09:14:08.035,24.862,-9.68,-52.71,58.331
1658412848066.0,2022-07-21T09:14:08.066,24.893,-6.361,-36.079,43.803
1658412848097.0,2022-07-21T09:14:08.097,24.924,-6.989,-28.266,30.633
1658412848128.0,2022-07-21T09:14:08.128,24.955,-5.373,-25.789,18.769
1658412848159.0,2022-07-21T09:14:08.159,24.986,-3.338,-15.976,9.588
1658412848190.0,2022-07-21T09:14:08.190,25.017,-0.896,-4.478,3.338
1658412848221.0,2022-07-21T09:14:08.221,25.048,5.614,3.056,-3.357
1658412848252.0,2022-07-21T09:14:08.252,25.079,10.32,10.408,-10.869
1658412848283.0,2022-07-21T09:14:08.283,25.11,8.087,12.016,-18.979
1658412848314.0,2022-07-21T09:14:08.314,25.141,8.289,5.899,-26.646
1658412848345.0,2022-07-21T09:14:08.345,25.172,12.58,1.46,-32.313
1658412848376.0,2022-07-21T09:14:08.376,25.203,13.129,-2.26,-37.47
1658412848407.0,2022-07-21T09:14:08.407,25.234,13.304,0.004,-43.639
1658412848438.0,2022-07-21T09:14:08.438,25.265,13.133,7.271,-48.289
1658412848469.0,2022-07-21T09:14:08.469,25.296,14.524,10.053,-50.663
1658412848500.0,2022-07-21T09:14:08.500,25.327,15.995,5.431,-50.812
1658412848531.0,2022-07-21T09:14:08.531,25.358,16.38,-0.152,-51.345
1658412848562.0,2022-07-21T09:14:08.562,25.389,16.521,0.293,-52.279
1658412848593.0,2022-07-21T09:14:08.593,25.42,16.864,-4.12,-50.004
1658412848624.0,2022-07-21T09:14:08.624,25.451,16.098,-16.814,-47.355
1658412848655.0,2022-07-21T09:14:08.655,25.482,13.994,-29.059,-46.421
1658412848686.0,2022-07-21T09:14:08.686,25.513,12.778,-30.614,-45.846
1658412848717.0,2022-07-21T09:14:08.717,25.544,11.444,-27.618,-44.531
1658412848748.0,2022-07-21T09:14:08.748,25.575,10.423,-28.765,-42.729
1658412848779.0,2022-07-21T09:14:08.779,25.606,9.39,-29.192,-41.357
1658412848810.0,2022-07-21T09:14:08.810,25.637,8.609,-22.98,-38.51
1658412848841.0,2022-07-21T09:14:08.841,25.668,9.066,-13.758,-32.431
1658412848872.0,2022-07-21T09:14:08.872,25.699,11.079,-7.736,-24.592
1658412848903.0,2022-07-21T09:14:08.903,25.73,13.693,-1.361,-18.133
1658412848934.0,2022-07-21T09:14:08.934,25.761,13.518,9.204,-15.461
1658412848965.0,2022-07-21T09:14:08.965,25.792,11.345,24.257,-14.325
1658412848996.0,2022-07-21T09:14:08.996,25.823,8.975,38.971,-11.704
1658412849027.0,2022-07-21T09:14:09.027,25.854,7.649,51.909,1.139
1658412849058.0,2022-07-21T09:14:09.058,25.885,6.2,63.308,16.094
1658412849089.0,2022-07-21T09:14:09.089,25.916,6.601,82.321,23.346
1658412849120.0,2022-07-21T09:14:09.120,25.947,6.738,101.28,29.295
1658412849151.0,2022-07-21T09:14:09.151,25.978,6.113,111.033,36.582
1658412849182.0,2022-07-21T09:14:09.182,26.009,4.028,121.753,40.591
1658412849213.0,2022-07-21T09:14:09.213,26.04,1.3,124.874,40.697
1658412849244.0,2022-07-21T09:14:09.244,26.071,-4.299,124.844,36.307
1658412849275.0,2022-07-21T09:14:09.275,26.102,-16.764,124.787,36.319
1658412849306.0,2022-07-21T09:14:09.306,26.133,-30.598,120.263,39.832
1658412849337.0,2022-07-21T09:14:09.337,26.164,-36.475,101.079,47.382
1658412849368.0,2022-07-21T09:14:09.368,26.195,-37.298,82.969,56.959
1658412849399.0,2022-07-21T09:14:09.399,26.226,-37.713,66.963,64.863
1658412849430.0,2022-07-21T09:14:09.430,26.257,-36.391,58.224,70.564
1658412849461.0,2022-07-21T09:14:09.461,26.288,-30.972,60.427,73.571
1658412849492.0,2022-07-21T09:14:09.492,26.319,-28.053,60.267,75.023
1658412849523.0,2022-07-21T09:14:09.523,26.35,-26.04,59.329,75.015
1658412849554.0,2022-07-21T09:14:09.554,26.381,-22.694,61.509,71.806
1658412849585.0,2022-07-21T09:14:09.585,26.412,-19.859,62.976,66.787
1658412849616.0,2022-07-21T09:14:09.616,26.443,-20.057,60.85,66.784
1658412849647.0,2022-07-21T09:14:09.647,26.474,-20.808,56.311,63.262
1658412849678.0,2022-07-21T09:14:09.678,26.505,-18.674,47.79,56.753
1658412849709.0,2022-07-21T09:14:09.709,26.536,-15.423,40.438,53.06
1658412849740.0,2022-07-21T09:14:09.740,26.567,-11.913,34.482,50.362
1658412849771.0,2022-07-21T09:14:09.771,26.598,-7.923,33.96,46.852
1658412849802.0,2022-07-21T09:14:09.802,26.629,-2.458,39.043,44.226
1658412849833.0,2022-07-21T09:14:09.833,26.66,0.884,39.169,42.824
1658412849864.0,2022-07-21T09:14:09.864,26.691,2.736,30.488,41.452
1658412849895.0,2022-07-21T09:14:09.895,26.722,8.155,30.575,40.061
1658412849926.0,2022-07-21T09:14:09.926,26.753,16.864,34.851,33.998
1658412849957.0,2022-07-21T09:14:09.957,26.784,22.081,29.447,25.861
1658412849988.0,2022-07-21T09:14:09.988,26.815,24.973,16.944,8.594
1658412850019.0,2022-07-21T09:14:10.019,26.846,22.5,-1.947,-5.328
1658412850050.0,2022-07-21T09:14:10.050,26.877,20.636,-26.048,-17.809
1658412850081.0,2022-07-21T09:14:10.081,26.908,22.386,-46.711,-27.664
1658412850112.0,2022-07-21T09:14:10.112,26.939,26.071,-48.331,-30.934
1658412850143.0,2022-07-21T09:14:10.143,26.97,33.933,-40.732,-34.92
1658412850174.0,2022-07-21T09:14:10.174,27.001,38.194,-30.332,-39.013
1658412850205.0,2022-07-21T09:14:10.205,27.032,32.828,-9.192,-49.95
1658412850236.0,2022-07-21T09:14:10.236,27.063,29.238,3.971,-66.764
1658412850267.0,2022-07-21T09:14:10.267,27.094,25.37,-7.534,-77.675
1658412850298.0,2022-07-21T09:14:10.298,27.125,20.252,-26.814,-81.505
1658412850329.0,2022-07-21T09:14:10.329,27.156,26.284,-42.652,-77.481
1658412850360.0,2022-07-21T09:14:10.360,27.187,32.424,-41.604,-75.168
1658412850391.0,2022-07-21T09:14:10.391,27.218,34.6,-23.594,-80.133
1658412850422.0,2022-07-21T09:14:10.422,27.249,36.037,-10.869,-83.197
1658412850453.0,2022-07-21T09:14:10.453,27.28,35.282,-4.733,-81.448
1658412850484.0,2022-07-21T09:14:10.484,27.311,34.581,5.53,-78.941
1658412850515.0,2022-07-21T09:14:10.515,27.342,34.116,16.425,-76.684
1658412850546.0,2022-07-21T09:14:10.546,27.373,29.375,24.165,-73.163
1658412850577.0,2022-07-21T09:14:10.577,27.404,26.227,29.63,-68.014
1658412850608.0,2022-07-21T09:14:10.608,27.435,23.392,35.857,-61.25
1658412850639.0,2022-07-21T09:14:10.639,27.466,20.038,40.694,-52.062
1658412850670.0,2022-07-21T09:14:10.670,27.497,16.772,43.662,-39.562
1658412850701.0,2022-07-21T09:14:10.701,27.528,12.393,41.97,-25.602
1658412850732.0,2022-07-21T09:14:10.732,27.559,7.431,38.053,-14.009
1658412850763.0,2022-07-21T09:14:10.763,27.59,4.005,36.17,-3.38
1658412850794.0,2022-07-21T09:14:10.794,27.621,1.303,33.51,5.789
1658412850825.0,2022-07-21T09:14:10.825,27.652,-1.33,32.527,13.807
1658412850856.0,2022-07-21T09:14:10.856,27.683,-2.896,34.516,20.995
1658412850887.0,2022-07-21T09:14:10.887,27.714,-3.689,37.969,27.039
1658412850918.0,2022-07-21T09:14:10.918,27.745,-3.929,40.743,31.582
1658412850949.0,2022-07-21T09:14:10.949,27.776,-3.296,43.098,33.601
1658412850980.0,2022-07-21T09:14:10.980,27.807,-2.752,45.736,34.055
1658412851011.0,2022-07-21T09:14:11.011,27.838,-3.399,48.735,31.604
1658412851042.0,2022-07-21T09:14:11.042,27.869,-3.979,47.382,31.364
1658412851073.0,2022-07-21T09:14:11.073,27.9,-7.1,42.664,30.537
1658412851104.0,2022-07-21T09:14:11.104,27.931,-9.863,41.928,29.219
1658412851135.0,2022-07-21T09:14:11.135,27.962,-8.285,47.504,31.021
1658412851166.0,2022-07-21T09:14:11.166,27.993,-6.033,56.044,36.2
1658412851197.0,2022-07-21T09:14:11.197,28.024,-3.83,66.475,40.827
1658412851228.0,2022-07-21T09:14:11.228,28.055,-2.027,74.798,45.019
1658412851259.0,2022-07-21T09:14:11.259,28.086,-0.549,82.961,49.07
1658412851290.0,2022-07-21T09:14:11.290,28.117,2.062,86.852,52.71
1658412851321.0,2022-07-21T09:14:11.321,28.148,1.856,88.933,53.331
1658412851352.0,2022-07-21T09:14:11.352,28.179,2.153,95.88,50.579
1658412851383.0,2022-07-21T09:14:11.383,28.21,1.345,102.626,46.094
1658412851414.0,2022-07-21T09:14:11.414,28.241,-0.816,106.056,41.784
1658412851445.0,2022-07-21T09:14:11.445,28.272,-3.11,104.844,39.043
1658412851476.0,2022-07-21T09:14:11.476,28.303,-4.733,101.372,40.111
1658412851507.0,2022-07-21T09:14:11.507,28.334,-4.421,97.649,43.826
1658412851538.0,2022-07-21T09:14:11.538,28.365,-5.244,91.04,49.684
1658412851569.0,2022-07-21T09:14:11.569,28.396,-6.037,80.579,54.95
1658412851600.0,2022-07-21T09:14:11.600,28.427,-4.493,69.512,59.104
1658412851631.0,2022-07-21T09:14:11.631,28.458,-1.787,63.14,62.248
1658412851662.0,2022-07-21T09:14:11.662,28.489,0.968,62.679,61.993
1658412851693.0,2022-07-21T09:14:11.693,28.52,3.438,63.838,59.794
1658412851724.0,2022-07-21T09:14:11.724,28.551,6.258,59.821,56.372
1658412851755.0,2022-07-21T09:14:11.755,28.582,9.768,54.028,53.056
1658412851786.0,2022-07-21T09:14:11.786,28.613,13.152,51.696,47.999
1658412851817.0,2022-07-21T09:14:11.817,28.644,15.987,52.1,42.199
1658412851848.0,2022-07-21T09:14:11.848,28.675,18.521,51.574,37.805
1658412851879.0,2022-07-21T09:14:11.879,28.706,20.046,45.24,34.196
1658412851910.0,2022-07-21T09:14:11.910,28.737,20.96,40.598,28.369
1658412851941.0,2022-07-21T09:14:11.941,28.768,22.035,39.764,22.168
1658412851972.0,2022-07-21T09:14:11.972,28.799,24.211,41.288,15.857
1658412852003.0,2022-07-21T09:14:12.003,28.83,25.892,42.961,10.56
1658412852034.0,2022-07-21T09:14:12.034,28.861,26.845,42.797,4.524
1658412852065.0,2022-07-21T09:14:12.065,28.892,27.641,43.506,-3.598
1658412852096.0,2022-07-21T09:14:12.096,28.923,28.674,42.504,-13.098
1658412852127.0,2022-07-21T09:14:12.127,28.954,28.643,37.732,-20.804
1658412852158.0,2022-07-21T09:14:12.158,28.985,27.447,33.228,-27.595
1658412852189.0,2022-07-21T09:14:12.189,29.016,25.072,28.556,-32.999
1658412852220.0,2022-07-21T09:14:12.220,29.047,22.031,14.127,-39.977
1658412852251.0,2022-07-21T09:14:12.251,29.078,18.662,-12.302,-50.011
1658412852282.0,2022-07-21T09:14:12.282,29.109,16.166,-39.84,-56.414
1658412852313.0,2022-07-21T09:14:12.313,29.14,16.235,-48.941,-61.639
1658412852344.0,2022-07-21T09:14:12.344,29.171,18.232,-40.206,-61.151
1658412852375.0,2022-07-21T09:14:12.375,29.202,21.311,-32.233,-57.938
1658412852406.0,2022-07-21T09:14:12.406,29.233,22.82,-21.425,-55.267
1658412852437.0,2022-07-21T09:14:12.437,29.264,21.829,-6.757,-52.069
1658412852468.0,2022-07-21T09:14:12.468,29.295,17.287,7.016,-49.634
1658412852499.0,2022-07-21T09:14:12.499,29.326,16.658,17.21,-47.302
1658412852530.0,2022-07-21T09:14:12.530,29.357,13.769,12.363,-40.21
1658412852561.0,2022-07-21T09:14:12.561,29.388,11.89,1.033,-31.326
1658412852592.0,2022-07-21T09:14:12.592,29.419,12.081,-8.994,-21.109
1658412852623.0,2022-07-21T09:14:12.623,29.45,13.704,-2.584,-15.465
1658412852654.0,2022-07-21T09:14:12.654,29.481,15.069,9.729,-11.806
1658412852685.0,2022-07-21T09:14:12.685,29.512,13.064,12.611,-10.564
1658412852716.0,2022-07-21T09:14:12.716,29.543,9.173,15.103,-11.784
1658412852747.0,2022-07-21T09:14:12.747,29.574,5.736,17.275,-14.188
1658412852778.0,2022-07-21T09:14:12.778,29.605,3.049,16.723,-13.521
1658412852809.0,2022-07-21T09:14:12.809,29.636,1.711,16.193,-10.633
1658412852840.0,2022-07-21T09:14:12.840,29.667,0.168,12.576,-7.188
1658412852871.0,2022-07-21T09:14:12.871,29.698,-1.124,7.74,-2.748
1658412852902.0,2022-07-21T09:14:12.902,29.729,-1.212,2.363,1.444
1658412852933.0,2022-07-21T09:14:12.933,29.76,-1.688,-4.924,2.729
1658412852964.0,2022-07-21T09:14:12.964,29.791,-1.959,-10.29,0.255
1658412852995.0,2022-07-21T09:14:12.995,29.822,-1.566,-13.247,-1.986
1658412853026.0,2022-07-21T09:14:13.026,29.853,-1.524,-12.191,-2.786
1658412853057.0,2022-07-21T09:14:13.057,29.884,-2.889,-7.508,-5.438
1658412853088.0,2022-07-21T09:14:13.088,29.915,-4.84,-3.106,-8.96
1658412853119.0,2022-07-21T09:14:13.119,29.946,-4.356,4.516,-11.395
1658412853150.0,2022-07-21T09:14:13.150,29.977,-2.969,10.434,-12.237
1658412853181.0,2022-07-21T09:14:13.181,30.008,-0.595,8.518,-12.233
1658412853212.0,2022-07-21T09:14:13.212,30.039,1.829,8.396,-11.086
1658412853243.0,2022-07-21T09:14:13.243,30.07,3.937,9.535,-9.268
1658412853274.0,2022-07-21T09:14:13.274,30.101,6.837,6.944,-9.104
1658412853305.0,2022-07-21T09:14:13.305,30.132,6.94,7.085,-9.649
1658412853336.0,2022-07-21T09:14:13.336,30.163,4.798,9.478,-13.822
1658412853367.0,2022-07-21T09:14:13.367,30.194,3.232,8.38,-21.719
1658412853398.0,2022-07-21T09:14:13.398,30.225,3.674,4.322,-29.196
1658412853429.0,2022-07-21T09:14:13.429,30.256,6.845,8.026,-38.502
1658412853460.0,2022-07-21T09:14:13.460,30.287,13.689,20.503,-47.313
1658412853491.0,2022-07-21T09:14:13.491,30.318,21.04,33.96,-53.274
1658412853522.0,2022-07-21T09:14:13.522,30.349,21.616,45.377,-59.931
1658412853553.0,2022-07-21T09:14:13.553,30.38,19.497,62.637,-63.144
1658412853584.0,2022-07-21T09:14:13.584,30.411,19.989,89.943,-53.967
1658412853615.0,2022-07-21T09:14:13.615,30.442,22.248,120.057,-35.728
1658412853646.0,2022-07-21T09:14:13.646,30.473,25.896,124.874,-15.964
1658412853677.0,2022-07-21T09:14:13.677,30.504,23.742,124.627,5.324
1658412853708.0,2022-07-21T09:14:13.708,30.535,11.913,124.714,26.482
1658412853739.0,2022-07-21T09:14:13.739,30.566,-1.17,124.874,40.751
1658412853770.0,2022-07-21T09:14:13.770,30.597,-9.764,124.874,57.351
1658412853801.0,2022-07-21T09:14:13.801,30.628,-17.229,124.874,71.768
1658412853832.0,2022-07-21T09:14:13.832,30.659,-19.135,118.712,85.945
1658412853863.0,2022-07-21T09:14:13.863,30.69,-20.865,101.925,100.316
1658412853894.0,2022-07-21T09:14:13.894,30.721,-20.0,87.511,109.348
1658412853925.0,2022-07-21T09:14:13.925,30.752,-18.064,81.258,115.412
1658412853956.0,2022-07-21T09:14:13.956,30.783,-13.594,83.735,122.504
1658412853987.0,2022-07-21T09:14:13.987,30.814,-10.926,76.959,124.211
1658412854018.0,2022-07-21T09:14:14.018,30.845,-12.355,74.874,123.289
1658412854049.0,2022-07-21T09:14:14.049,30.876,-10.499,90.995,115.057
1658412854080.0,2022-07-21T09:14:14.080,30.907,-9.707,101.925,108.079
1658412854111.0,2022-07-21T09:14:14.111,30.938,-14.051,94.806,101.395
1658412854142.0,2022-07-21T09:14:14.142,30.969,-19.512,77.656,93.06
1658412854173.0,2022-07-21T09:14:14.173,31.0,-20.716,65.293,84.768
1658412854204.0,2022-07-21T09:14:14.204,31.031,-19.794,55.644,76.494
1658412854235.0,2022-07-21T09:14:14.235,31.062,-16.467,49.779,69.634
1658412854266.0,2022-07-21T09:14:14.266,31.093,-11.265,53.956,63.418
1658412854297.0,2022-07-21T09:14:14.297,31.124,-4.386,57.591,57.477
1658412854328.0,2022-07-21T09:14:14.328,31.155,1.208,56.997,52.63
1658412854359.0,2022-07-21T09:14:14.359,31.186,5.419,61.593,45.499
1658412854390.0,2022-07-21T09:14:14.390,31.217,11.159,58.841,38.639
1658412854421.0,2022-07-21T09:14:14.421,31.248,17.816,58.514,29.455
1658412854452.0,2022-07-21T09:14:14.452,31.279,22.199,58.197,15.335
1658412854483.0,2022-07-21T09:14:14.483,31.31,25.511,52.447,-0.13
1658412854514.0,2022-07-21T09:14:14.514,31.341,27.279,44.444,-12.858
1658412854545.0,2022-07-21T09:14:14.545,31.372,30.393,32.82,-26.738
1658412854576.0,2022-07-21T09:14:14.576,31.403,32.42,16.745,-28.296
1658412854607.0,2022-07-21T09:14:14.607,31.434,38.815,8.518,-30.309
1658412854638.0,2022-07-21T09:14:14.638,31.465,48.845,13.114,-33.784
1658412854669.0,2022-07-21T09:14:14.669,31.496,52.63,22.02,-37.157
1658412854700.0,2022-07-21T09:14:14.700,31.527,50.24,28.537,-41.745
1658412854731.0,2022-07-21T09:14:14.731,31.558,49.566,30.998,-48.449
1658412854762.0,2022-07-21T09:14:14.762,31.589,52.176,31.261,-53.121
1658412854793.0,2022-07-21T09:14:14.793,31.62,51.867,29.192,-57.1
1658412854824.0,2022-07-21T09:14:14.824,31.651,49.272,26.959,-60.976
1658412854855.0,2022-07-21T09:14:14.855,31.682,47.976,18.601,-61.78
1658412854886.0,2022-07-21T09:14:14.886,31.713,47.805,14.874,-66.822
1658412854917.0,2022-07-21T09:14:14.917,31.744,48.083,17.005,-68.396
1658412854948.0,2022-07-21T09:14:14.948,31.775,45.339,18.883,-62.744
1658412854979.0,2022-07-21T09:14:14.979,31.806,42.321,18.216,-57.637
1658412855010.0,2022-07-21T09:14:15.010,31.837,38.518,21.471,-54.002
1658412855041.0,2022-07-21T09:14:15.041,31.868,35.046,29.566,-50.762
1658412855072.0,2022-07-21T09:14:15.072,31.899,31.761,35.869,-46.681
1658412855103.0,2022-07-21T09:14:15.103,31.93,26.204,34.817,-42.092
1658412855134.0,2022-07-21T09:14:15.134,31.961,19.322,34.12,-35.667
1658412855165.0,2022-07-21T09:14:15.165,31.992,15.64,34.402,-28.872
1658412855196.0,2022-07-21T09:14:15.196,32.023,11.448,31.848,-23.975
1658412855227.0,2022-07-21T09:14:15.227,32.054,8.06,28.666,-20.793
1658412855258.0,2022-07-21T09:14:15.258,32.085,5.019,29.364,-18.754
1658412855289.0,2022-07-21T09:14:15.289,32.116,0.678,30.762,-17.675
1658412855320.0,2022-07-21T09:14:15.320,32.147,-2.896,29.543,-16.361
1658412855351.0,2022-07-21T09:14:15.351,32.178,-4.516,25.183,-13.758
1658412855382.0,2022-07-21T09:14:15.382,32.209,-5.526,20.335,-10.72
1658412855413.0,2022-07-21T09:14:15.413,32.24,-7.534,16.643,-9.226
1658412855444.0,2022-07-21T09:14:15.444,32.271,-9.512,13.312,-7.157
1658412855475.0,2022-07-21T09:14:15.475,32.302,-8.552,14.196,-3.807
1658412855506.0,2022-07-21T09:14:15.506,32.333,-6.86,18.8,-0.381
1658412855537.0,2022-07-21T09:14:15.537,32.364,-5.777,27.462,3.323
1658412855568.0,2022-07-21T09:14:15.568,32.395,-5.553,34.931,6.536
1658412855599.0,2022-07-21T09:14:15.599,32.426,-5.16,33.426,8.727
1658412855630.0,2022-07-21T09:14:15.630,32.457,-2.603,28.236,9.92
1658412855661.0,2022-07-21T09:14:15.661,32.488,-1.136,32.938,11.261
1658412855692.0,2022-07-21T09:14:15.692,32.519,-0.297,42.294,13.525
1658412855723.0,2022-07-21T09:14:15.723,32.55,3.51,51.376,19.699
1658412855754.0,2022-07-21T09:14:15.754,32.581,7.889,60.911,31.151
1658412855785.0,2022-07-21T09:14:15.785,32.612,11.966,77.157,40.461
1658412855816.0,2022-07-21T09:14:15.816,32.643,14.844,96.837,43.982
1658412855847.0,2022-07-21T09:14:15.847,32.674,12.302,110.716,43.761
1658412855878.0,2022-07-21T09:14:15.878,32.705,9.139,121.585,40.85
1658412855909.0,2022-07-21T09:14:15.909,32.736,6.555,124.874,38.784
1658412855940.0,2022-07-21T09:14:15.940,32.767,2.378,124.268,40.29
1658412855971.0,2022-07-21T09:14:15.971,32.798,-0.93,121.361,44.043
1658412856002.0,2022-07-21T09:14:16.002,32.829,-4.158,107.999,50.194
1658412856033.0,2022-07-21T09:14:16.033,32.86,-7.45,94.082,58.548
1658412856064.0,2022-07-21T09:14:16.064,32.891,-7.34,90.263,65.56
1658412856095.0,2022-07-21T09:14:16.095,32.922,-6.402,84.909,71.406
1658412856126.0,2022-07-21T09:14:16.126,32.953,-5.107,79.131,74.741
1658412856157.0,2022-07-21T09:14:16.157,32.984,-4.364,81.261,74.562
1658412856188.0,2022-07-21T09:14:16.188,33.015,-4.878,85.8,72.146
1658412856219.0,2022-07-21T09:14:16.219,33.046,-5.313,85.884,67.287
1658412856250.0,2022-07-21T09:14:16.250,33.077,-4.291,76.437,65.107
1658412856281.0,2022-07-21T09:14:16.281,33.108,-2.599,70.076,62.389
1658412856312.0,2022-07-21T09:14:16.312,33.139,-0.812,69.063,59.478
1658412856343.0,2022-07-21T09:14:16.343,33.17,-1.494,63.087,55.015
1658412856374.0,2022-07-21T09:14:16.374,33.201,1.265,56.662,49.184
1658412856405.0,2022-07-21T09:14:16.405,33.232,2.683,54.337,44.165
1658412856436.0,2022-07-21T09:14:16.436,33.263,2.656,52.873,40.454
1658412856467.0,2022-07-21T09:14:16.467,33.294,1.524,50.423,38.011
1658412856498.0,2022-07-21T09:14:16.498,33.325,1.932,52.085,37.188
1658412856529.0,2022-07-21T09:14:16.529,33.356,4.977,48.266,35.995
1658412856560.0,2022-07-21T09:14:16.560,33.387,5.892,40.255,33.182
1658412856591.0,2022-07-21T09:14:16.591,33.418,7.37,33.064,25.991
1658412856622.0,2022-07-21T09:14:16.622,33.449,11.749,21.524,14.516
1658412856653.0,2022-07-21T09:14:16.653,33.48,15.591,7.016,1.018
1658412856684.0,2022-07-21T09:14:16.684,33.511,19.158,-8.178,-14.432
1658412856715.0,2022-07-21T09:14:16.715,33.542,20.244,-19.066,-31.117
1658412856746.0,2022-07-21T09:14:16.746,33.573,23.136,-19.688,-40.232
1658412856777.0,2022-07-21T09:14:16.777,33.604,30.431,-6.913,-42.248
1658412856808.0,2022-07-21T09:14:16.808,33.635,31.905,10.404,-37.252
1658412856839.0,2022-07-21T09:14:16.839,33.666,33.651,19.013,-30.587
1658412856870.0,2022-07-21T09:14:16.870,33.697,33.323,17.881,-27.5
1658412856901.0,2022-07-21T09:14:16.901,33.728,29.893,8.495,-30.766
1658412856932.0,2022-07-21T09:14:16.932,33.759,25.103,-4.661,-38.7
1658412856963.0,2022-07-21T09:14:16.963,33.79,22.066,-12.599,-45.846
1658412856994.0,2022-07-21T09:14:16.994,33.821,20.32,-19.569,-46.17
1658412857025.0,2022-07-21T09:14:17.025,33.852,20.385,-29.264,-46.307
1658412857056.0,2022-07-21T09:14:17.056,33.883,23.411,-26.597,-48.281
1658412857087.0,2022-07-21T09:14:17.087,33.914,26.947,-16.597,-49.737
1658412857118.0,2022-07-21T09:14:17.118,33.945,28.529,-7.294,-50.678
1658412857149.0,2022-07-21T09:14:17.149,33.976,26.441,-3.026,-51.745
1658412857180.0,2022-07-21T09:14:17.180,34.007,24.066,-4.162,-50.393
1658412857211.0,2022-07-21T09:14:17.211,34.038,22.309,-6.902,-49.123
1658412857242.0,2022-07-21T09:14:17.242,34.069,19.802,-9.23,-48.182
1658412857273.0,2022-07-21T09:14:17.273,34.1,20.137,-10.339,-46.254
1658412857304.0,2022-07-21T09:14:17.304,34.131,21.006,-8.864,-43.91
1658412857335.0,2022-07-21T09:14:17.335,34.162,20.48,-5.846,-41.482
1658412857366.0,2022-07-21T09:14:17.366,34.193,20.412,-2.679,-38.346
1658412857397.0,2022-07-21T09:14:17.397,34.224,19.093,1.277,-34.836
1658412857428.0,2022-07-21T09:14:17.428,34.255,16.284,4.889,-32.298
1658412857459.0,2022-07-21T09:14:17.459,34.286,14.245,6.33,-30.686
1658412857490.0,2022-07-21T09:14:17.490,34.317,11.193,4.989,-30.953
1658412857521.0,2022-07-21T09:14:17.521,34.348,9.493,4.691,-30.781
1658412857552.0,2022-07-21T09:14:17.552,34.379,9.756,6.822,-29.131
1658412857583.0,2022-07-21T09:14:17.583,34.41,8.251,11.433,-28.114
1658412857614.0,2022-07-21T09:14:17.614,34.441,5.785,16.319,-28.125
1658412857645.0,2022-07-21T09:14:17.645,34.472,3.861,16.871,-26.612
1658412857676.0,2022-07-21T09:14:17.676,34.503,2.748,17.294,-24.184
1658412857707.0,2022-07-21T09:14:17.707,34.534,2.763,22.077,-21.174
1658412857738.0,2022-07-21T09:14:17.738,34.565,2.622,27.561,-19.337
1658412857769.0,2022-07-21T09:14:17.769,34.596,2.157,31.532,-17.248
1658412857800.0,2022-07-21T09:14:17.800,34.627,0.568,34.623,-13.133
1658412857831.0,2022-07-21T09:14:17.831,34.658,0.774,37.336,-5.69
1658412857862.0,2022-07-21T09:14:17.862,34.689,0.61,38.255,4.63
1658412857893.0,2022-07-21T09:14:17.893,34.72,-0.248,42.82,14.634
1658412857924.0,2022-07-21T09:14:17.924,34.751,-0.579,53.35,23.712
1658412857955.0,2022-07-21T09:14:17.955,34.782,-1.231,63.788,34.688
1658412857986.0,2022-07-21T09:14:17.986,34.813,-0.755,67.973,48.598
1658412858017.0,2022-07-21T09:14:18.017,34.844,1.452,72.652,61.616
1658412858048.0,2022-07-21T09:14:18.048,34.875,0.316,84.295,68.899
1658412858079.0,2022-07-21T09:14:18.079,34.906,-1.894,92.984,74.592
1658412858110.0,2022-07-21T09:14:18.110,34.937,-5.042,93.018,77.637
1658412858141.0,2022-07-21T09:14:18.141,34.968,-6.89,95.553,77.912
1658412858172.0,2022-07-21T09:14:18.172,34.999,-6.368,101.639,76.604
1658412858203.0,2022-07-21T09:14:18.203,35.03,-6.021,103.38,75.05
1658412858234.0,2022-07-21T09:14:18.234,35.061,-6.284,105.595,72.908
1658412858265.0,2022-07-21T09:14:18.265,35.092,-5.72,111.951,70.438
1658412858296.0,2022-07-21T09:14:18.296,35.123,-6.014,114.063,68.121
1658412858327.0,2022-07-21T09:14:18.327,35.154,-8.605,103.495,67.466
1658412858358.0,2022-07-21T09:14:18.358,35.185,-11.075,90.526,68.887
1658412858389.0,2022-07-21T09:14:18.389,35.216,-10.366,84.562,71.25
1658412858420.0,2022-07-21T09:14:18.420,35.247,-7.679,83.571,71.936
1658412858451.0,2022-07-21T09:14:18.451,35.278,-5.248,80.217,71.429
1658412858482.0,2022-07-21T09:14:18.482,35.309,-4.508,74.497,69.31
1658412858513.0,2022-07-21T09:14:18.513,35.34,-2.046,67.82,65.549
1658412858544.0,2022-07-21T09:14:18.544,35.371,0.267,60.777,63.384
1658412858575.0,2022-07-21T09:14:18.575,35.402,4.226,58.034,57.976
1658412858606.0,2022-07-21T09:14:18.606,35.433,7.511,56.22,52.207
1658412858637.0,2022-07-21T09:14:18.637,35.464,10.857,53.018,48.59
1658412858668.0,2022-07-21T09:14:18.668,35.495,11.227,46.311,45.03
1658412858699.0,2022-07-21T09:14:18.699,35.526,15.903,42.538,38.296
1658412858730.0,2022-07-21T09:14:18.730,35.557,22.637,43.296,28.8
1658412858761.0,2022-07-21T09:14:18.761,35.588,26.799,43.544,21.139
1658412858792.0,2022-07-21T09:14:18.792,35.619,32.588,46.006,12.043
1658412858823.0,2022-07-21T09:14:18.823,35.65,37.462,47.389,4.36
1658412858854.0,2022-07-21T09:14:18.854,35.681,40.175,51.806,-0.579
1658412858885.0,2022-07-21T09:14:18.885,35.712,42.168,65.553,-8.411
1658412858916.0,2022-07-21T09:14:18.916,35.743,45.61,73.232,-17.012
1658412858947.0,2022-07-21T09:14:18.947,35.774,45.587,66.139,-24.855
1658412858978.0,2022-07-21T09:14:18.978,35.805,41.052,56.658,-32.389
1658412859009.0,2022-07-21T09:14:19.009,35.836,40.503,52.496,-34.771
1658412859040.0,2022-07-21T09:14:19.040,35.867,44.718,62.835,-31.372
1658412859071.0,2022-07-21T09:14:19.071,35.898,49.688,77.359,-25.137
1658412859102.0,2022-07-21T09:14:19.102,35.929,46.22,80.088,-22.1
1658412859133.0,2022-07-21T09:14:19.133,35.96,44.066,70.736,-26.322
1658412859164.0,2022-07-21T09:14:19.164,35.991,41.532,58.556,-29.996
1658412859195.0,2022-07-21T09:14:19.195,36.022,34.223,38.773,-33.952
1658412859226.0,2022-07-21T09:14:19.226,36.053,30.042,33.346,-43.079
1658412859257.0,2022-07-21T09:14:19.257,36.084,27.279,36.757,-47.012
1658412859288.0,2022-07-21T09:14:19.288,36.115,24.101,39.219,-48.041
1658412859319.0,2022-07-21T09:14:19.319,36.146,23.807,38.438,-45.56
1658412859350.0,2022-07-21T09:14:19.350,36.177,22.572,42.599,-41.582
1658412859381.0,2022-07-21T09:14:19.381,36.208,21.437,50.514,-35.377
1658412859412.0,2022-07-21T09:14:19.412,36.239,21.864,57.119,-27.134
1658412859443.0,2022-07-21T09:14:19.443,36.27,18.75,57.66,-20.945
1658412859474.0,2022-07-21T09:14:19.474,36.301,15.816,58.735,-16.623
1658412859505.0,2022-07-21T09:14:19.505,36.332,14.223,61.41,-11.925
1658412859536.0,2022-07-21T09:14:19.536,36.363,13.899,65.831,-6.151
1658412859567.0,2022-07-21T09:14:19.567,36.394,13.7,69.425,0.492
1658412859598.0,2022-07-21T09:14:19.598,36.425,13.335,73.148,8.27
1658412859629.0,2022-07-21T09:14:19.629,36.456,14.52,75.762,16.532
1658412859660.0,2022-07-21T09:14:19.660,36.487,16.536,75.221,24.002
1658412859691.0,2022-07-21T09:14:19.691,36.518,18.655,77.191,28.7
1658412859722.0,2022-07-21T09:14:19.722,36.549,20.888,79.116,30.343
1658412859753.0,2022-07-21T09:14:19.753,36.58,22.424,78.011,29.455
1658412859784.0,2022-07-21T09:14:19.784,36.611,23.152,79.284,26.654
1658412859815.0,2022-07-21T09:14:19.815,36.642,24.874,84.089,23.537
1658412859846.0,2022-07-21T09:14:19.846,36.673,26.28,87.401,21.822
1658412859877.0,2022-07-21T09:14:19.877,36.704,28.624,89.752,19.486
1658412859908.0,2022-07-21T09:14:19.908,36.735,31.021,96.745,17.713
1658412859939.0,2022-07-21T09:14:19.939,36.766,33.666,106.631,16.509
1658412859970.0,2022-07-21T09:14:19.970,36.797,36.498,113.342,16.338
1658412860001.0,2022-07-21T09:14:20.001,36.828,38.38,116.513,16.22
1658412860032.0,2022-07-21T09:14:20.032,36.859,39.714,120.873,15.541
1658412860063.0,2022-07-21T09:14:20.063,36.89,41.071,124.874,15.675
1658412860094.0,2022-07-21T09:14:20.094,36.921,42.466,124.874,17.607
1658412860125.0,2022-07-21T09:14:20.125,36.952,43.3,124.813,21.334
1658412860156.0,2022-07-21T09:14:20.156,36.983,42.713,124.87,25.694
1658412860187.0,2022-07-21T09:14:20.187,37.014,40.011,124.874,28.43
1658412860218.0,2022-07-21T09:14:20.218,37.045,35.682,124.874,28.43
1658412860249.0,2022-07-21T09:14:20.249,37.076,28.902,124.851,26.235
1658412860280.0,2022-07-21T09:14:20.280,37.107,19.226,121.155,23.373
1658412860311.0,2022-07-21T09:14:20.311,37.138,10.697,110.568,22.79
1658412860342.0,2022-07-21T09:14:20.342,37.169,5.194,92.26,25.431
1658412860373.0,2022-07-21T09:14:20.373,37.2,1.963,70.252,30.465
1658412860404.0,2022-07-21T09:14:20.404,37.231,0.583,51.997,34.36
1658412860435.0,2022-07-21T09:14:20.435,37.262,1.353,39.036,35.469
1658412860466.0,2022-07-21T09:14:20.466,37.293,5.145,34.215,34.482
1658412860497.0,2022-07-21T09:14:20.497,37.324,9.996,31.185,34.257
1658412860528.0,2022-07-21T09:14:20.528,37.355,13.514,28.281,33.51
1658412860559.0,2022-07-21T09:14:20.559,37.386,18.312,33.704,31.444
1658412860590.0,2022-07-21T09:14:20.590,37.417,23.197,46.704,28.662
1658412860621.0,2022-07-21T09:14:20.621,37.448,26.311,59.695,25.316
1658412860652.0,2022-07-21T09:14:20.652,37.479,27.077,73.289,19.127
1658412860683.0,2022-07-21T09:14:20.683,37.51,28.708,82.572,12.111
1658412860714.0,2022-07-21T09:14:20.714,37.541,28.948,79.76,5.503
1658412860745.0,2022-07-21T09:14:20.745,37.572,28.342,71.787,0.629
1658412860776.0,2022-07-21T09:14:20.776,37.603,29.569,64.162,-2.412
1658412860807.0,2022-07-21T09:14:20.807,37.634,32.809,60.675,-2.283
1658412860838.0,2022-07-21T09:14:20.838,37.665,34.76,65.244,-0.286
1658412860869.0,2022-07-21T09:14:20.869,37.696,34.421,73.674,3.624
1658412860900.0,2022-07-21T09:14:20.900,37.727,32.439,80.389,9.345
1658412860931.0,2022-07-21T09:14:20.931,37.758,29.585,84.459,17.511
1658412860962.0,2022-07-21T09:14:20.962,37.789,26.982,78.582,23.853
1658412860993.0,2022-07-21T09:14:20.993,37.82,24.451,63.773,28.514
1658412861024.0,2022-07-21T09:14:21.024,37.851,22.172,45.838,30.728
1658412861055.0,2022-07-21T09:14:21.055,37.882,20.32,26.17,29.985
1658412861086.0,2022-07-21T09:14:21.086,37.913,21.284,12.614,27.29
1658412861117.0,2022-07-21T09:14:21.117,37.944,21.932,6.928,23.639
1658412861148.0,2022-07-21T09:14:21.148,37.975,20.191,5.762,17.374
1658412861179.0,2022-07-21T09:14:21.179,38.006,17.938,6.269,8.643
1658412861210.0,2022-07-21T09:14:21.210,38.037,15.789,7.268,0.354
1658412861241.0,2022-07-21T09:14:21.241,38.068,12.931,9.219,-6.867
1658412861272.0,2022-07-21T09:14:21.272,38.099,9.478,10.373,-12.633
1658412861303.0,2022-07-21T09:14:21.303,38.13,7.824,9.059,-16.845
1658412861334.0,2022-07-21T09:14:21.334,38.161,7.622,8.422,-18.525
1658412861365.0,2022-07-21T09:14:21.365,38.192,6.841,10.03,-19.257
1658412861396.0,2022-07-21T09:14:21.396,38.223,6.322,11.582,-21.105
1658412861427.0,2022-07-21T09:14:21.427,38.254,4.253,7.435,-23.178
1658412861458.0,2022-07-21T09:14:21.458,38.285,1.174,-2.973,-25.179
1658412861489.0,2022-07-21T09:14:21.489,38.316,-1.879,-16.159,-27.428
1658412861520.0,2022-07-21T09:14:21.520,38.347,-4.577,-27.523,-27.473
1658412861551.0,2022-07-21T09:14:21.551,38.378,-4.977,-32.092,-25.918
1658412861582.0,2022-07-21T09:14:21.582,38.409,-3.407,-32.915,-24.535
1658412861613.0,2022-07-21T09:14:21.613,38.44,-1.368,-28.415,-25.454
1658412861644.0,2022-07-21T09:14:21.644,38.471,-1.28,-19.588,-29.539
1658412861675.0,2022-07-21T09:14:21.675,38.502,-1.502,-13.841,-32.729
1658412861706.0,2022-07-21T09:14:21.706,38.533,-2.081,-10.911,-33.594
1658412861737.0,2022-07-21T09:14:21.737,38.564,-3.327,-9.874,-32.923
1658412861768.0,2022-07-21T09:14:21.768,38.595,-2.679,-9.748,-30.53
1658412861799.0,2022-07-21T09:14:21.799,38.626,-1.764,-10.736,-24.992
1658412861830.0,2022-07-21T09:14:21.830,38.657,-2.081,-13.735,-19.6
1658412861861.0,2022-07-21T09:14:21.861,38.688,-2.637,-15.96,-15.617
1658412861892.0,2022-07-21T09:14:21.892,38.719,-3.342,-14.524,-11.761
1658412861923.0,2022-07-21T09:14:21.923,38.75,-3.556,-13.746,-7.82
1658412861954.0,2022-07-21T09:14:21.954,38.781,-3.209,-12.904,-3.91
1658412861985.0,2022-07-21T09:14:21.985,38.812,-2.656,-11.62,-0.343
1658412862016.0,2022-07-21T09:14:22.016,38.843,-2.165,-10.983,2.786
1658412862047.0,2022-07-21T09:14:22.047,38.874,-1.524,-9.367,5.816
1658412862078.0,2022-07-21T09:14:22.078,38.905,-1.025,-7.698,8.533
1658412862109.0,2022-07-21T09:14:22.109,38.936,-0.53,-6.444,10.625
1658412862140.0,2022-07-21T09:14:22.140,38.967,0.095,-3.986,11.543
1658412862171.0,2022-07-21T09:14:22.171,38.998,1.09,-1.875,12.104
1658412862202.0,2022-07-21T09:14:22.202,39.029,1.833,0.225,12.542
1658412862233.0,2022-07-21T09:14:22.233,39.06,2.915,4.337,12.572
1658412862264.0,2022-07-21T09:14:22.264,39.091,4.169,8.948,12.744
1658412862295.0,2022-07-21T09:14:22.295,39.122,4.897,10.492,13.754
1658412862326.0,2022-07-21T09:14:22.326,39.153,4.276,8.75,14.745
1658412862357.0,2022-07-21T09:14:22.357,39.184,4.002,7.572,15.694
1658412862388.0,2022-07-21T09:14:22.388,39.215,4.104,7.374,16.871
1658412862419.0,2022-07-21T09:14:22.419,39.246,4.459,6.49,17.813
1658412862450.0,2022-07-21T09:14:22.450,39.277,5.473,7.218,17.778
1658412862481.0,2022-07-21T09:14:22.481,39.308,5.857,9.021,17.218
1658412862512.0,2022-07-21T09:14:22.512,39.339,6.345,10.393,15.808
1658412862543.0,2022-07-21T09:14:22.543,39.37,6.517,10.099,14.566
1658412862574.0,2022-07-21T09:14:22.574,39.401,6.159,10.461,12.862
1658412862605.0,2022-07-21T09:14:22.605,39.432,6.185,10.964,10.854
1658412862636.0,2022-07-21T09:14:22.636,39.463,5.29,10.29,7.79
1658412862667.0,2022-07-21T09:14:22.667,39.494,4.63,8.704,4.531
1658412862698.0,2022-07-21T09:14:22.698,39.525,4.482,7.043,1.81
1658412862729.0,2022-07-21T09:14:22.729,39.556,4.558,6.071,-0.004
1658412862760.0,2022-07-21T09:14:22.760,39.587,4.364,3.96,-0.926
1658412862791.0,2022-07-21T09:14:22.791,39.618,4.101,1.643,-1.155
1658412862822.0,2022-07-21T09:14:22.822,39.649,3.944,1.212,-1.364
1658412862853.0,2022-07-21T09:14:22.853,39.68,3.918,1.25,-1.452
1658412862884.0,2022-07-21T09:14:22.884,39.711,4.291,2.18,-1.963
1658412862915.0,2022-07-21T09:14:22.915,39.742,4.634,2.675,-2.79
1658412862946.0,2022-07-21T09:14:22.946,39.773,4.371,1.959,-3.506
1658412862977.0,2022-07-21T09:14:22.977,39.804,3.929,1.452,-3.941
1658412863008.0,2022-07-21T09:14:23.008,39.835,3.445,0.987,-3.944
1658412863039.0,2022-07-21T09:14:23.039,39.866,2.542,-1.162,-3.575
1658412863070.0,2022-07-21T09:14:23.070,39.897,0.812,-3.518,-3.822
1658412863101.0,2022-07-21T09:14:23.101,39.928,-0.366,-4.779,-4.562
1658412863132.0,2022-07-21T09:14:23.132,39.959,-0.595,-5.884,-5.019
1658412863163.0,2022-07-21T09:14:23.163,39.99,-0.709,-5.252,-5.381
1658412863194.0,2022-07-21T09:14:23.194,40.021,-0.595,-4.432,-5.659
1658412863225.0,2022-07-21T09:14:23.225,40.052,-0.808,-4.619,-5.846
1658412863256.0,2022-07-21T09:14:23.256,40.083,-1.056,-4.916,-5.846
1658412863287.0,2022-07-21T09:14:23.287,40.114,-0.911,-4.909,-5.587
1658412863318.0,2022-07-21T09:14:23.318,40.145,-0.972,-4.493,-5.339
1658412863349.0,2022-07-21T09:14:23.349,40.176,-0.88,-4.024,-4.825
1658412863380.0,2022-07-21T09:14:23.380,40.207,-0.781,-4.261,-4.009
1658412863411.0,2022-07-21T09:14:23.411,40.238,-0.842,-4.291,-3.518
