1756320038202,2025-08-27T13:40:38.202,0.0,13.418,6.627,-3.296
1756320038222,2025-08-27T13:40:38.222,0.02,13.483,5.789,-3.114
1756320038242,2025-08-27T13:40:38.242,0.04,13.022,5.0,-3.636
1756320038262,2025-08-27T13:40:38.262,0.06,11.635,6.631,-3.8
1756320038282,2025-08-27T13:40:38.282,0.08,8.769,5.568,-3.319
1756320038302,2025-08-27T13:40:38.302,0.1,5.13,2.626,-2.226
1756320038322,2025-08-27T13:40:38.322,0.12,2.153,0.175,-0.564
1756320038342,2025-08-27T13:40:38.342,0.14,0.652,0.457,1.082
1756320038362,2025-08-27T13:40:38.362,0.16,-0.244,2.736,1.803
1756320038382,2025-08-27T13:40:38.382,0.18,-0.96,4.501,2.336
1756320038402,2025-08-27T13:40:38.402,0.2,-1.524,4.078,2.866
1756320038422,2025-08-27T13:40:38.422,0.22,-1.757,1.89,4.074
1756320038442,2025-08-27T13:40:38.442,0.24,-1.357,1.566,4.2
1756320038462,2025-08-27T13:40:38.462,0.26,-0.511,2.252,3.979
1756320038482,2025-08-27T13:40:38.482,0.28,0.709,2.34,3.434
1756320038502,2025-08-27T13:40:38.502,0.3,2.229,4.497,2.877
1756320038522,2025-08-27T13:40:38.522,0.32,3.27,4.649,2.279
1756320038542,2025-08-27T13:40:38.542,0.34,3.552,3.78,2.5
1756320038562,2025-08-27T13:40:38.562,0.36,3.956,4.337,1.479
1756320038582,2025-08-27T13:40:38.582,0.38,4.249,4.253,0.857
1756320038602,2025-08-27T13:40:38.602,0.4,4.207,3.468,0.328
1756320038622,2025-08-27T13:40:38.622,0.42,3.537,2.904,0.503
1756320038642,2025-08-27T13:40:38.642,0.44,2.584,3.491,0.118
1756320038662,2025-08-27T13:40:38.662,0.46,1.521,2.618,-0.088
1756320038682,2025-08-27T13:40:38.682,0.48,-0.084,0.758,-0.297
1756320038702,2025-08-27T13:40:38.702,0.5,-0.945,0.293,-0.716
1756320038722,2025-08-27T13:40:38.722,0.52,-1.902,0.736,-0.831
1756320038742,2025-08-27T13:40:38.742,0.54,-2.363,1.216,-0.831
1756320038762,2025-08-27T13:40:38.762,0.56,-2.504,1.509,-0.777
1756320038782,2025-08-27T13:40:38.782,0.58,-2.271,1.292,-0.888
1756320038802,2025-08-27T13:40:38.802,0.6,-2.142,0.938,-0.736
1756320038822,2025-08-27T13:40:38.822,0.62,-2.096,0.476,-0.678
1756320038842,2025-08-27T13:40:38.842,0.64,-1.856,0.03,-0.56
1756320038862,2025-08-27T13:40:38.862,0.66,-1.402,0.534,-0.667
1756320038882,2025-08-27T13:40:38.882,0.68,-0.77,1.006,-0.568
1756320038902,2025-08-27T13:40:38.902,0.7,-0.45,0.412,-0.473
1756320038922,2025-08-27T13:40:38.922,0.72,-0.339,0.042,-0.514
1756320038942,2025-08-27T13:40:38.942,0.74,0.145,0.0,-0.316
1756320038962,2025-08-27T13:40:38.962,0.76,0.4,0.522,-0.16
1756320038982,2025-08-27T13:40:38.982,0.78,0.644,1.738,-0.13
1756320039002,2025-08-27T13:40:39.002,0.8,0.45,2.29,-0.507
1756320039022,2025-08-27T13:40:39.022,0.82,0.053,1.113,-0.232
1756320039042,2025-08-27T13:40:39.042,0.84,-0.419,1.185,-0.236
1756320039062,2025-08-27T13:40:39.062,0.86,-0.857,0.918,-0.412
1756320039082,2025-08-27T13:40:39.082,0.88,-1.178,0.293,-0.358
1756320039102,2025-08-27T13:40:39.102,0.9,-1.54,-0.271,-0.415
1756320039122,2025-08-27T13:40:39.122,0.92,-1.932,-0.823,-0.61
1756320039142,2025-08-27T13:40:39.142,0.94,-2.073,-1.151,-0.606
1756320039162,2025-08-27T13:40:39.162,0.96,-1.814,-0.534,-0.633
1756320039182,2025-08-27T13:40:39.182,0.98,-1.46,-0.091,-0.728
1756320039202,2025-08-27T13:40:39.202,1.0,-1.208,-0.274,-0.85
1756320039222,2025-08-27T13:40:39.222,1.02,-1.319,-0.758,-0.995
1756320039242,2025-08-27T13:40:39.242,1.04,-1.132,-0.861,-1.04
1756320039262,2025-08-27T13:40:39.262,1.06,-1.109,-0.602,-1.086
1756320039282,2025-08-27T13:40:39.282,1.08,-1.105,-0.526,-1.014
1756320039302,2025-08-27T13:40:39.302,1.1,-0.922,-0.271,-0.972
1756320039322,2025-08-27T13:40:39.322,1.12,-1.166,-0.088,-1.059
1756320039342,2025-08-27T13:40:39.342,1.14,-1.406,-0.827,-1.12
1756320039362,2025-08-27T13:40:39.362,1.16,-1.254,-0.983,-1.155
1756320039382,2025-08-27T13:40:39.382,1.18,-1.033,-0.568,-1.075
1756320039402,2025-08-27T13:40:39.402,1.2,-0.732,-0.389,-0.751
1756320039422,2025-08-27T13:40:39.422,1.22,-0.431,-0.156,-0.873
1756320039442,2025-08-27T13:40:39.442,1.24,-0.309,-0.278,-0.812
1756320039462,2025-08-27T13:40:39.462,1.26,-0.556,-0.259,-0.915
1756320039482,2025-08-27T13:40:39.482,1.28,-0.556,-0.37,-0.88
1756320039502,2025-08-27T13:40:39.502,1.3,-0.636,-0.507,-0.93
1756320039522,2025-08-27T13:40:39.522,1.32,-0.823,-0.644,-0.93
1756320039542,2025-08-27T13:40:39.542,1.34,-0.69,-0.084,-0.991
1756320039562,2025-08-27T13:40:39.562,1.36,-0.61,0.248,-0.96
1756320039582,2025-08-27T13:40:39.582,1.38,-0.648,-0.137,-0.899
1756320039602,2025-08-27T13:40:39.602,1.4,-0.743,-0.884,-0.884
1756320039622,2025-08-27T13:40:39.622,1.42,-0.789,-0.614,-0.766
1756320039642,2025-08-27T13:40:39.642,1.44,-0.636,-0.03,-0.648
1756320039662,2025-08-27T13:40:39.662,1.46,-0.48,-0.24,-0.579
1756320039682,2025-08-27T13:40:39.682,1.48,-0.221,-0.434,-0.423
1756320039702,2025-08-27T13:40:39.702,1.5,-0.126,-0.343,-0.549
1756320039722,2025-08-27T13:40:39.722,1.52,-0.061,-0.663,-0.553
1756320039742,2025-08-27T13:40:39.742,1.54,-0.396,-0.282,-0.534
1756320039762,2025-08-27T13:40:39.762,1.56,-0.175,0.633,-0.667
1756320039782,2025-08-27T13:40:39.782,1.58,-0.427,1.101,-0.248
1756320039802,2025-08-27T13:40:39.802,1.6,-0.701,0.869,-0.168
1756320039822,2025-08-27T13:40:39.822,1.62,-0.202,0.476,-0.408
1756320039842,2025-08-27T13:40:39.842,1.64,-0.278,-0.358,-0.705
1756320039862,2025-08-27T13:40:39.862,1.66,-0.145,-0.324,-0.945
1756320039882,2025-08-27T13:40:39.882,1.68,-0.732,-0.442,-1.021
1756320039902,2025-08-27T13:40:39.902,1.7,-1.128,-0.854,-0.88
1756320039922,2025-08-27T13:40:39.922,1.72,-1.231,-0.716,-1.098
1756320039942,2025-08-27T13:40:39.942,1.74,-1.604,-1.589,-2.744
1756320039962,2025-08-27T13:40:39.962,1.76,-2.268,-0.907,-3.788
1756320039982,2025-08-27T13:40:39.982,1.78,-1.288,-0.434,-4.135
1756320040002,2025-08-27T13:40:40.002,1.8,-1.418,-3.167,-2.736
1756320040022,2025-08-27T13:40:40.022,1.82,0.507,-2.18,-2.732
1756320040042,2025-08-27T13:40:40.042,1.84,2.176,-0.93,-2.462
1756320040062,2025-08-27T13:40:40.062,1.86,3.243,-0.309,-2.485
1756320040082,2025-08-27T13:40:40.082,1.88,3.544,1.677,-1.963
1756320040102,2025-08-27T13:40:40.102,1.9,3.35,3.54,-1.662
1756320040122,2025-08-27T13:40:40.122,1.92,2.946,1.719,-1.73
1756320040142,2025-08-27T13:40:40.142,1.94,4.931,2.515,-4.028
1756320040162,2025-08-27T13:40:40.162,1.96,5.385,1.784,-4.962
1756320040182,2025-08-27T13:40:40.182,1.98,6.2,0.545,-4.836
1756320040202,2025-08-27T13:40:40.202,2.0,6.307,0.911,-5.156
1756320040222,2025-08-27T13:40:40.222,2.02,5.922,2.325,-5.716
1756320040242,2025-08-27T13:40:40.242,2.04,5.686,1.067,-6.082
1756320040262,2025-08-27T13:40:40.262,2.06,4.619,-0.023,-7.416
1756320040282,2025-08-27T13:40:40.282,2.08,2.081,-4.329,-5.652
1756320040302,2025-08-27T13:40:40.302,2.1,-2.496,-15.145,-0.808
1756320040322,2025-08-27T13:40:40.322,2.12,-3.689,-30.629,4.184
1756320040342,2025-08-27T13:40:40.342,2.14,-4.352,-54.97,9.676
1756320040362,2025-08-27T13:40:40.362,2.16,-8.365,-81.986,14.684
1756320040382,2025-08-27T13:40:40.382,2.18,-7.828,-78.636,16.711
1756320040402,2025-08-27T13:40:40.402,2.2,-4.093,-64.322,19.131
1756320040422,2025-08-27T13:40:40.422,2.22,-7.157,-60.427,25.332
1756320040442,2025-08-27T13:40:40.442,2.24,-13.369,-53.018,28.62
1756320040462,2025-08-27T13:40:40.462,2.26,-16.551,-46.536,27.637
1756320040482,2025-08-27T13:40:40.482,2.28,-24.737,-52.416,31.532
1756320040502,2025-08-27T13:40:40.502,2.3,-20.149,-31.688,28.266
1756320040522,2025-08-27T13:40:40.522,2.32,13.346,-13.716,13.727
1756320040542,2025-08-27T13:40:40.542,2.34,45.755,-45.918,12.923
1756320040562,2025-08-27T13:40:40.562,2.36,33.689,-64.101,14.63
1756320040582,2025-08-27T13:40:40.582,2.38,-2.409,-40.473,26.101
1756320040602,2025-08-27T13:40:40.602,2.4,-12.561,13.022,32.016
1756320040622,2025-08-27T13:40:40.622,2.42,2.633,25.53,22.168
1756320040642,2025-08-27T13:40:40.642,2.44,9.817,6.296,9.158
1756320040662,2025-08-27T13:40:40.662,2.46,14.219,14.089,-10.412
1756320040682,2025-08-27T13:40:40.682,2.48,23.163,32.119,-32.832
1756320040702,2025-08-27T13:40:40.702,2.5,29.592,45.168,-52.172
1756320040722,2025-08-27T13:40:40.722,2.52,37.416,53.506,-70.648
1756320040742,2025-08-27T13:40:40.742,2.54,46.452,69.188,-88.338
1756320040762,2025-08-27T13:40:40.762,2.56,55.278,79.508,-98.236
1756320040782,2025-08-27T13:40:40.782,2.58,61.738,76.467,-103.152
1756320040802,2025-08-27T13:40:40.802,2.6,69.821,74.482,-109.242
1756320040822,2025-08-27T13:40:40.822,2.62,80.629,78.864,-109.989
1756320040842,2025-08-27T13:40:40.842,2.64,90.915,76.704,-109.089
1756320040862,2025-08-27T13:40:40.862,2.66,86.997,59.101,-98.43
1756320040882,2025-08-27T13:40:40.882,2.68,79.253,39.688,-87.881
1756320040902,2025-08-27T13:40:40.902,2.7,69.79,29.28,-79.569
1756320040922,2025-08-27T13:40:40.922,2.72,52.462,22.71,-58.697
1756320040942,2025-08-27T13:40:40.942,2.74,27.161,20.366,-34.177
1756320040962,2025-08-27T13:40:40.962,2.76,-0.05,-6.608,-25.877
1756320040982,2025-08-27T13:40:40.982,2.78,-19.234,-35.198,-22.687
1756320041002,2025-08-27T13:40:41.002,2.8,-37.835,-27.854,-19.588
1756320041022,2025-08-27T13:40:41.022,2.82,-54.657,-19.405,-6.448
1756320041042,2025-08-27T13:40:41.042,2.84,-67.938,-13.365,6.178
1756320041062,2025-08-27T13:40:41.062,2.86,-76.082,-21.052,16.17
1756320041082,2025-08-27T13:40:41.082,2.88,-71.913,-12.546,22.79
1756320041102,2025-08-27T13:40:41.102,2.9,-69.646,16.856,23.357
1756320041122,2025-08-27T13:40:41.122,2.92,-73.43,22.309,25.297
1756320041142,2025-08-27T13:40:41.142,2.94,-71.185,20.918,27.984
1756320041162,2025-08-27T13:40:41.162,2.96,-64.634,21.098,24.402
1756320041182,2025-08-27T13:40:41.182,2.98,-68.034,11.258,21.04
1756320041202,2025-08-27T13:40:41.202,3.0,-74.916,3.255,20.217
1756320041222,2025-08-27T13:40:41.222,3.02,-80.915,5.343,16.65
1756320041242,2025-08-27T13:40:41.242,3.04,-86.78,7.172,18.369
1756320041262,2025-08-27T13:40:41.262,3.06,-89.466,14.455,21.391
1756320041282,2025-08-27T13:40:41.282,3.08,-88.369,19.867,24.017
1756320041302,2025-08-27T13:40:41.302,3.1,-86.151,23.807,28.506
1756320041322,2025-08-27T13:40:41.322,3.12,-80.964,31.105,29.524
1756320041342,2025-08-27T13:40:41.342,3.14,-74.375,34.375,31.612
1756320041362,2025-08-27T13:40:41.362,3.16,-70.076,33.537,34.078
1756320041382,2025-08-27T13:40:41.382,3.18,-65.804,37.58,36.448
1756320041402,2025-08-27T13:40:41.402,3.2,-60.8,49.581,36.81
1756320041422,2025-08-27T13:40:41.422,3.22,-54.741,52.565,36.589
1756320041442,2025-08-27T13:40:41.442,3.24,-48.716,40.877,39.859
1756320041462,2025-08-27T13:40:41.462,3.26,-42.153,32.919,40.819
1756320041482,2025-08-27T13:40:41.482,3.28,-36.966,25.526,44.04
1756320041502,2025-08-27T13:40:41.502,3.3,-35.313,10.37,44.245
1756320041522,2025-08-27T13:40:41.522,3.32,-31.04,-7.912,46.284
1756320041542,2025-08-27T13:40:41.542,3.34,-31.067,-21.578,53.422
1756320041562,2025-08-27T13:40:41.562,3.36,-35.534,-23.72,52.896
1756320041582,2025-08-27T13:40:41.582,3.38,-38.54,-35.857,61.079
1756320041602,2025-08-27T13:40:41.602,3.4,-42.237,-46.944,64.653
1756320041622,2025-08-27T13:40:41.622,3.42,-37.473,-42.557,67.873
1756320041642,2025-08-27T13:40:41.642,3.44,-23.944,-58.685,77.565
1756320041662,2025-08-27T13:40:41.662,3.46,-22.184,-79.466,74.615
1756320041682,2025-08-27T13:40:41.682,3.48,-23.167,-55.32,59.337
1756320041702,2025-08-27T13:40:41.702,3.5,-17.489,-32.618,33.693
1756320041722,2025-08-27T13:40:41.722,3.52,-10.076,-35.385,18.346
1756320041742,2025-08-27T13:40:41.742,3.54,-3.845,-28.967,3.053
1756320041762,2025-08-27T13:40:41.762,3.56,5.271,-22.965,-12.912
1756320041782,2025-08-27T13:40:41.782,3.58,12.71,-28.704,-26.216
1756320041802,2025-08-27T13:40:41.802,3.6,20.061,-23.605,-41.101
1756320041822,2025-08-27T13:40:41.822,3.62,30.553,-11.033,-55.24
1756320041842,2025-08-27T13:40:41.842,3.64,47.317,3.502,-68.62
1756320041862,2025-08-27T13:40:41.862,3.66,67.218,20.107,-81.246
1756320041882,2025-08-27T13:40:41.882,3.68,88.087,35.671,-86.269
1756320041902,2025-08-27T13:40:41.902,3.7,107.21,33.659,-87.55
1756320041922,2025-08-27T13:40:41.922,3.72,114.089,22.832,-91.978
1756320041942,2025-08-27T13:40:41.942,3.74,115.08,7.839,-93.277
1756320041962,2025-08-27T13:40:41.962,3.76,120.705,11.57,-96.448
1756320041982,2025-08-27T13:40:41.982,3.78,122.275,39.196,-98.601
1756320042002,2025-08-27T13:40:42.002,3.8,121.909,48.049,-90.598
1756320042022,2025-08-27T13:40:42.022,3.82,116.418,40.332,-86.067
1756320042042,2025-08-27T13:40:42.042,3.84,111.787,37.485,-88.906
1756320042062,2025-08-27T13:40:42.062,3.86,94.775,22.988,-84.661
1756320042082,2025-08-27T13:40:42.082,3.88,72.02,-6.94,-71.62
1756320042102,2025-08-27T13:40:42.102,3.9,52.008,-16.532,-56.749
1756320042122,2025-08-27T13:40:42.122,3.92,39.196,12.165,-52.069
1756320042142,2025-08-27T13:40:42.142,3.94,23.232,8.136,-38.666
1756320042162,2025-08-27T13:40:42.162,3.96,-3.453,-26.905,-23.434
1756320042182,2025-08-27T13:40:42.182,3.98,-21.49,-25.179,-16.784
1756320042202,2025-08-27T13:40:42.202,4.0,-44.745,-26.444,-15.709
1756320042222,2025-08-27T13:40:42.222,4.02,-67.782,-89.832,1.303
1756320042242,2025-08-27T13:40:42.242,4.04,-92.184,-111.688,15.198
1756320042262,2025-08-27T13:40:42.262,4.06,-107.607,-49.341,12.614
1756320042282,2025-08-27T13:40:42.282,4.08,-116.132,-19.973,13.384
1756320042302,2025-08-27T13:40:42.302,4.1,-119.714,-17.919,22.203
1756320042322,2025-08-27T13:40:42.322,4.12,-108.441,9.154,25.587
1756320042342,2025-08-27T13:40:42.342,4.14,-92.965,32.931,24.958
1756320042362,2025-08-27T13:40:42.362,4.16,-85.617,49.181,25.381
1756320042382,2025-08-27T13:40:42.382,4.18,-83.064,66.89,25.621
1756320042402,2025-08-27T13:40:42.402,4.2,-83.891,78.338,18.853
1756320042422,2025-08-27T13:40:42.422,4.22,-88.742,72.195,20.335
1756320042442,2025-08-27T13:40:42.442,4.24,-89.013,69.474,20.659
1756320042462,2025-08-27T13:40:42.462,4.26,-87.572,71.978,20.111
1756320042482,2025-08-27T13:40:42.482,4.28,-90.945,68.034,24.314
1756320042502,2025-08-27T13:40:42.502,4.3,-89.889,58.556,32.694
1756320042522,2025-08-27T13:40:42.522,4.32,-83.651,49.623,38.003
1756320042542,2025-08-27T13:40:42.542,4.34,-75.019,54.356,43.67
1756320042562,2025-08-27T13:40:42.562,4.36,-62.256,67.012,43.289
1756320042582,2025-08-27T13:40:42.582,4.38,-54.325,63.933,44.425
1756320042602,2025-08-27T13:40:42.602,4.4,-43.018,60.099,45.697
1756320042622,2025-08-27T13:40:42.622,4.42,-29.063,53.731,44.032
1756320042642,2025-08-27T13:40:42.642,4.44,-15.32,36.04,42.538
1756320042662,2025-08-27T13:40:42.662,4.46,-1.692,18.952,39.177
1756320042682,2025-08-27T13:40:42.682,4.48,11.124,12.839,34.013
1756320042702,2025-08-27T13:40:42.702,4.5,23.072,5.347,27.107
1756320042722,2025-08-27T13:40:42.722,4.52,34.104,-7.012,26.124
1756320042742,2025-08-27T13:40:42.742,4.54,38.537,-25.358,31.806
1756320042762,2025-08-27T13:40:42.762,4.56,28.125,-40.065,41.966
1756320042782,2025-08-27T13:40:42.782,4.58,4.383,-28.521,50.934
1756320042802,2025-08-27T13:40:42.802,4.6,-17.942,-3.758,52.809
1756320042822,2025-08-27T13:40:42.822,4.62,-24.432,2.226,59.063
1756320042842,2025-08-27T13:40:42.842,4.64,-23.346,-5.396,72.881
1756320042862,2025-08-27T13:40:42.862,4.66,-21.17,-12.088,66.825
1756320042882,2025-08-27T13:40:42.882,4.68,-27.675,-16.28,65.385
1756320042902,2025-08-27T13:40:42.902,4.7,-28.876,-11.128,60.4
1756320042922,2025-08-27T13:40:42.922,4.72,-20.716,-14.806,39.573
1756320042942,2025-08-27T13:40:42.942,4.74,-27.82,-21.944,29.486
1756320042962,2025-08-27T13:40:42.962,4.76,-21.467,-6.845,9.585
1756320042982,2025-08-27T13:40:42.982,4.78,-9.642,11.49,-14.642
1756320043002,2025-08-27T13:40:43.002,4.8,-1.818,8.906,-29.943
1756320043022,2025-08-27T13:40:43.022,4.82,9.71,-14.474,-38.742
1756320043042,2025-08-27T13:40:43.042,4.84,25.21,-38.868,-49.813
1756320043062,2025-08-27T13:40:43.062,4.86,47.611,-39.108,-63.392
1756320043082,2025-08-27T13:40:43.082,4.88,76.444,-27.889,-80.32
1756320043102,2025-08-27T13:40:43.102,4.9,102.348,-41.795,-91.475
1756320043122,2025-08-27T13:40:43.122,4.92,117.088,-68.098,-93.121
1756320043142,2025-08-27T13:40:43.142,4.94,123.75,-70.713,-95.255
1756320043162,2025-08-27T13:40:43.162,4.96,124.874,-62.675,-103.948
1756320043182,2025-08-27T13:40:43.182,4.98,124.825,-44.165,-115.652
1756320043202,2025-08-27T13:40:43.202,5.0,124.84,11.608,-124.741
1756320043222,2025-08-27T13:40:43.222,5.02,124.874,24.154,-113.266
1756320043242,2025-08-27T13:40:43.242,5.04,124.874,-21.128,-91.025
1756320043262,2025-08-27T13:40:43.262,5.06,122.424,-32.5,-83.948
1756320043282,2025-08-27T13:40:43.282,5.08,106.578,4.242,-66.418
1756320043302,2025-08-27T13:40:43.302,5.1,81.006,21.143,-42.367
1756320043322,2025-08-27T13:40:43.322,5.12,56.49,19.329,-27.626
1756320043342,2025-08-27T13:40:43.342,5.14,37.561,13.796,-12.34
1756320043362,2025-08-27T13:40:43.362,5.16,10.998,3.982,8.8
1756320043382,2025-08-27T13:40:43.382,5.18,-13.289,11.879,6.574
1756320043402,2025-08-27T13:40:43.402,5.2,-38.053,-14.954,12.363
1756320043422,2025-08-27T13:40:43.422,5.22,-58.788,-42.317,17.969
1756320043442,2025-08-27T13:40:43.442,5.24,-77.397,-38.544,18.079
1756320043462,2025-08-27T13:40:43.462,5.26,-102.496,-33.647,20.781
1756320043482,2025-08-27T13:40:43.482,5.28,-119.333,-27.908,32.5
1756320043502,2025-08-27T13:40:43.502,5.3,-117.386,-21.269,36.315
1756320043522,2025-08-27T13:40:43.522,5.32,-113.948,-7.942,37.95
1756320043542,2025-08-27T13:40:43.542,5.34,-114.52,20.152,45.926
1756320043562,2025-08-27T13:40:43.562,5.36,-114.63,34.707,48.628
1756320043582,2025-08-27T13:40:43.582,5.38,-112.176,42.351,45.747
1756320043602,2025-08-27T13:40:43.602,5.4,-107.854,58.807,40.549
1756320043622,2025-08-27T13:40:43.622,5.42,-109.935,61.761,35.762
1756320043642,2025-08-27T13:40:43.642,5.44,-114.345,50.069,34.501
1756320043662,2025-08-27T13:40:43.662,5.46,-113.491,46.208,27.759
1756320043682,2025-08-27T13:40:43.682,5.48,-107.641,55.88,18.834
1756320043702,2025-08-27T13:40:43.702,5.5,-102.298,58.708,11.883
1756320043722,2025-08-27T13:40:43.722,5.52,-101.627,51.764,9.695
1756320043742,2025-08-27T13:40:43.742,5.54,-100.08,51.673,7.298
1756320043762,2025-08-27T13:40:43.762,5.56,-89.684,57.736,6.521
1756320043782,2025-08-27T13:40:43.782,5.58,-78.453,55.286,7.184
1756320043802,2025-08-27T13:40:43.802,5.6,-68.152,40.015,9.882
1756320043822,2025-08-27T13:40:43.822,5.62,-60.503,30.339,13.38
1756320043842,2025-08-27T13:40:43.842,5.64,-52.226,42.088,12.66
1756320043862,2025-08-27T13:40:43.862,5.66,-44.104,47.569,12.771
1756320043882,2025-08-27T13:40:43.882,5.68,-39.627,36.856,15.8
1756320043902,2025-08-27T13:40:43.902,5.7,-37.275,30.37,18.948
1756320043922,2025-08-27T13:40:43.922,5.72,-35.957,36.913,21.361
1756320043942,2025-08-27T13:40:43.942,5.74,-31.258,29.558,27.569
1756320043962,2025-08-27T13:40:43.962,5.76,-27.035,8.197,35.987
1756320043982,2025-08-27T13:40:43.982,5.78,-22.755,-8.628,45.114
1756320044002,2025-08-27T13:40:44.002,5.8,-19.493,-14.009,52.412
1756320044022,2025-08-27T13:40:44.022,5.82,-15.636,-14.886,57.325
1756320044042,2025-08-27T13:40:44.042,5.84,-3.518,-1.235,53.982
1756320044062,2025-08-27T13:40:44.062,5.86,14.055,2.283,52.515
1756320044082,2025-08-27T13:40:44.082,5.88,15.983,-5.091,47.168
1756320044102,2025-08-27T13:40:44.102,5.9,11.616,9.284,39.748
1756320044122,2025-08-27T13:40:44.122,5.92,14.646,55.61,17.9
1756320044142,2025-08-27T13:40:44.142,5.94,10.617,82.13,-1.315
1756320044162,2025-08-27T13:40:44.162,5.96,3.685,56.227,-13.338
1756320044182,2025-08-27T13:40:44.182,5.98,21.09,-15.354,-22.176
1756320044202,2025-08-27T13:40:44.202,6.0,36.006,-30.629,-38.213
1756320044222,2025-08-27T13:40:44.222,6.02,45.373,3.739,-54.497
1756320044242,2025-08-27T13:40:44.242,6.04,57.504,19.447,-63.441
1756320044262,2025-08-27T13:40:44.262,6.06,67.142,15.0,-66.909
1756320044282,2025-08-27T13:40:44.282,6.08,64.642,5.751,-70.789
1756320044302,2025-08-27T13:40:44.302,6.1,63.956,-29.535,-83.068
1756320044322,2025-08-27T13:40:44.322,6.12,60.038,-70.93,-84.947
1756320044342,2025-08-27T13:40:44.342,6.14,47.839,-80.034,-86.803
1756320044362,2025-08-27T13:40:44.362,6.16,42.21,-49.947,-100.739
1756320044382,2025-08-27T13:40:44.382,6.18,51.627,-34.897,-105.514
1756320044402,2025-08-27T13:40:44.402,6.2,60.998,-45.724,-106.433
1756320044422,2025-08-27T13:40:44.422,6.22,62.904,-77.866,-99.123
1756320044442,2025-08-27T13:40:44.442,6.24,49.996,-89.188,-100.431
1756320044462,2025-08-27T13:40:44.462,6.26,39.211,-82.237,-98.521
1756320044482,2025-08-27T13:40:44.482,6.28,38.369,-83.841,-90.137
1756320044502,2025-08-27T13:40:44.502,6.3,49.897,-72.805,-88.59
1756320044522,2025-08-27T13:40:44.522,6.32,45.945,-102.5,-68.906
1756320044542,2025-08-27T13:40:44.542,6.34,11.917,-81.49,-43.049
1756320044562,2025-08-27T13:40:44.562,6.36,13.327,40.556,-53.91
1756320044582,2025-08-27T13:40:44.582,6.38,31.189,60.118,-40.77
1756320044602,2025-08-27T13:40:44.602,6.4,32.241,-14.729,-16.136
1756320044622,2025-08-27T13:40:44.622,6.42,31.383,-20.339,-13.967
1756320044642,2025-08-27T13:40:44.642,6.44,29.223,27.87,-24.642
1756320044662,2025-08-27T13:40:44.662,6.46,15.259,38.011,-24.821
1756320044682,2025-08-27T13:40:44.682,6.48,-5.396,0.332,-4.756
1756320044702,2025-08-27T13:40:44.702,6.5,-13.449,-6.33,13.99
1756320044722,2025-08-27T13:40:44.722,6.52,-12.656,4.535,25.446
1756320044742,2025-08-27T13:40:44.742,6.54,-16.997,-3.251,30.111
1756320044762,2025-08-27T13:40:44.762,6.56,-27.119,-11.136,35.263
1756320044782,2025-08-27T13:40:44.782,6.58,-33.83,-19.204,41.475
1756320044802,2025-08-27T13:40:44.802,6.6,-35.476,-27.748,46.288
1756320044822,2025-08-27T13:40:44.822,6.62,-32.123,-20.347,54.085
1756320044842,2025-08-27T13:40:44.842,6.64,-27.13,-13.784,60.736
1756320044862,2025-08-27T13:40:44.862,6.66,-24.604,-20.819,67.53
1756320044882,2025-08-27T13:40:44.882,6.68,-21.654,-22.1,69.531
1756320044902,2025-08-27T13:40:44.902,6.7,-14.535,-18.712,68.247
1756320044922,2025-08-27T13:40:44.922,6.72,-11.018,-14.546,65.659
1756320044942,2025-08-27T13:40:44.942,6.74,-9.314,-18.331,63.773
1756320044962,2025-08-27T13:40:44.962,6.76,-3.053,-15.56,61.174
1756320044982,2025-08-27T13:40:44.982,6.78,7.87,-4.047,61.185
1756320045002,2025-08-27T13:40:45.002,6.8,15.408,-12.835,64.356
1756320045022,2025-08-27T13:40:45.022,6.82,14.356,-28.155,68.552
1756320045042,2025-08-27T13:40:45.042,6.84,12.481,-21.86,67.786
1756320045062,2025-08-27T13:40:45.062,6.86,13.548,-3.331,67.226
1756320045082,2025-08-27T13:40:45.082,6.88,7.035,12.233,71.014
1756320045102,2025-08-27T13:40:45.102,6.9,-8.415,18.327,77.05
1756320045122,2025-08-27T13:40:45.122,6.92,-20.232,35.77,72.835
1756320045142,2025-08-27T13:40:45.142,6.94,-28.258,71.269,70.537
1756320045162,2025-08-27T13:40:45.162,6.96,-35.648,105.781,63.902
1756320045182,2025-08-27T13:40:45.182,6.98,-42.698,105.511,61.037
1756320045202,2025-08-27T13:40:45.202,7.0,-41.46,72.188,65.499
1756320045222,2025-08-27T13:40:45.222,7.02,-36.132,41.768,71.551
1756320045242,2025-08-27T13:40:45.242,7.04,-25.629,50.499,62.839
1756320045262,2025-08-27T13:40:45.262,7.06,-17.664,59.322,48.121
1756320045282,2025-08-27T13:40:45.282,7.08,-12.031,61.532,38.014
1756320045302,2025-08-27T13:40:45.302,7.1,-1.989,69.634,21.681
1756320045322,2025-08-27T13:40:45.322,7.12,8.986,72.378,-1.357
1756320045342,2025-08-27T13:40:45.342,7.14,21.307,67.294,-27.95
1756320045362,2025-08-27T13:40:45.362,7.16,30.419,60.027,-52.374
1756320045382,2025-08-27T13:40:45.382,7.18,38.685,53.731,-75.705
1756320045402,2025-08-27T13:40:45.402,7.2,48.312,52.976,-100.236
1756320045422,2025-08-27T13:40:45.422,7.22,54.413,55.564,-122.218
1756320045442,2025-08-27T13:40:45.442,7.24,62.039,72.248,-124.874
1756320045462,2025-08-27T13:40:45.462,7.26,73.262,84.817,-124.634
1756320045482,2025-08-27T13:40:45.482,7.28,75.606,49.703,-124.775
1756320045502,2025-08-27T13:40:45.502,7.3,70.857,-4.428,-124.874
1756320045522,2025-08-27T13:40:45.522,7.32,70.476,1.208,-124.874
1756320045542,2025-08-27T13:40:45.542,7.34,85.499,51.589,-124.874
1756320045562,2025-08-27T13:40:45.562,7.36,91.505,41.654,-124.874
1756320045582,2025-08-27T13:40:45.582,7.38,86.204,-16.81,-124.874
1756320045602,2025-08-27T13:40:45.602,7.4,86.909,-16.555,-124.874
1756320045622,2025-08-27T13:40:45.622,7.42,107.71,67.348,-124.874
1756320045642,2025-08-27T13:40:45.642,7.44,124.874,64.207,-118.487
1756320045662,2025-08-27T13:40:45.662,7.46,104.729,-98.327,-65.419
1756320045682,2025-08-27T13:40:45.682,7.48,47.001,-124.874,-32.736
1756320045702,2025-08-27T13:40:45.702,7.5,8.106,-51.204,-47.851
1756320045722,2025-08-27T13:40:45.722,7.52,-9.009,-50.629,-28.205
1756320045742,2025-08-27T13:40:45.742,7.54,-50.888,-124.874,17.896
1756320045762,2025-08-27T13:40:45.762,7.56,-74.87,-96.837,37.123
1756320045782,2025-08-27T13:40:45.782,7.58,-72.431,-48.262,47.477
1756320045802,2025-08-27T13:40:45.802,7.6,-72.664,-44.417,77.877
1756320045822,2025-08-27T13:40:45.822,7.62,-54.383,-22.26,98.049
1756320045842,2025-08-27T13:40:45.842,7.64,-42.698,-9.897,100.274
1756320045862,2025-08-27T13:40:45.862,7.66,-44.177,-32.325,100.206
1756320045882,2025-08-27T13:40:45.882,7.68,-49.627,-59.028,111.094
1756320045902,2025-08-27T13:40:45.902,7.7,-48.167,-51.928,112.462
1756320045922,2025-08-27T13:40:45.922,7.72,-42.016,-41.677,109.318
1756320045942,2025-08-27T13:40:45.942,7.74,-37.294,-46.082,104.638
1756320045962,2025-08-27T13:40:45.962,7.76,-36.707,-56.197,101.33
1756320045982,2025-08-27T13:40:45.982,7.78,-31.662,-61.86,100.389
1756320046002,2025-08-27T13:40:46.002,7.8,-25.48,-59.741,101.997
1756320046022,2025-08-27T13:40:46.022,7.82,-16.162,-40.412,103.335
1756320046042,2025-08-27T13:40:46.042,7.84,-8.624,-31.33,102.435
1756320046062,2025-08-27T13:40:46.062,7.86,-4.257,-36.307,103.803
1756320046082,2025-08-27T13:40:46.082,7.88,4.775,-29.821,100.465
1756320046102,2025-08-27T13:40:46.102,7.9,15.884,-21.383,91.46
1756320046122,2025-08-27T13:40:46.122,7.92,18.792,-26.2,86.723
1756320046142,2025-08-27T13:40:46.142,7.94,18.072,-36.269,83.159
1756320046162,2025-08-27T13:40:46.162,7.96,22.618,-32.588,80.648
1756320046182,2025-08-27T13:40:46.182,7.98,30.339,-23.899,75.194
1756320046202,2025-08-27T13:40:46.202,8.0,32.557,-25.362,72.664
1756320046222,2025-08-27T13:40:46.222,8.02,31.734,-28.087,73.369
1756320046242,2025-08-27T13:40:46.242,8.04,33.506,-17.862,70.587
1756320046262,2025-08-27T13:40:46.262,8.06,35.884,2.386,69.79
1756320046282,2025-08-27T13:40:46.282,8.08,34.474,38.765,71.151
1756320046302,2025-08-27T13:40:46.302,8.1,23.388,69.093,72.172
1756320046322,2025-08-27T13:40:46.322,8.12,10.191,51.639,76.063
1756320046342,2025-08-27T13:40:46.342,8.14,-3.258,28.746,76.094
1756320046362,2025-08-27T13:40:46.362,8.16,-10.248,55.034,64.245
1756320046382,2025-08-27T13:40:46.382,8.18,-15.404,62.264,53.274
1756320046402,2025-08-27T13:40:46.402,8.2,-12.458,45.0,52.188
1756320046422,2025-08-27T13:40:46.422,8.22,-3.46,41.399,43.944
1756320046442,2025-08-27T13:40:46.442,8.24,3.921,39.634,40.213
1756320046462,2025-08-27T13:40:46.462,8.26,13.438,47.793,26.204
1756320046482,2025-08-27T13:40:46.482,8.28,20.617,39.36,6.475
1756320046502,2025-08-27T13:40:46.502,8.3,26.002,41.475,-11.601
1756320046522,2025-08-27T13:40:46.522,8.32,37.1,52.435,-34.55
1756320046542,2025-08-27T13:40:46.542,8.34,43.045,47.816,-58.712
1756320046562,2025-08-27T13:40:46.562,8.36,49.386,50.316,-84.204
1756320046582,2025-08-27T13:40:46.582,8.38,57.572,63.643,-113.632
1756320046602,2025-08-27T13:40:46.602,8.4,65.579,67.675,-124.874
1756320046622,2025-08-27T13:40:46.622,8.42,75.739,54.665,-124.874
1756320046642,2025-08-27T13:40:46.642,8.44,88.117,37.172,-124.596
1756320046662,2025-08-27T13:40:46.662,8.46,95.896,36.604,-124.874
1756320046682,2025-08-27T13:40:46.682,8.48,103.14,60.164,-124.874
1756320046702,2025-08-27T13:40:46.702,8.5,115.442,53.289,-124.87
1756320046722,2025-08-27T13:40:46.722,8.52,124.6,-14.924,-124.874
1756320046742,2025-08-27T13:40:46.742,8.54,124.71,-72.611,-120.206
1756320046762,2025-08-27T13:40:46.762,8.56,117.969,-45.835,-109.474
1756320046782,2025-08-27T13:40:46.782,8.58,119.23,33.708,-95.263
1756320046802,2025-08-27T13:40:46.802,8.6,113.921,14.768,-72.115
1756320046822,2025-08-27T13:40:46.822,8.62,70.602,-86.86,-35.236
1756320046842,2025-08-27T13:40:46.842,8.64,17.759,-90.206,-22.317
1756320046862,2025-08-27T13:40:46.862,8.66,-18.388,-38.895,-16.139
1756320046882,2025-08-27T13:40:46.882,8.68,-44.215,-20.434,3.521
1756320046902,2025-08-27T13:40:46.902,8.7,-56.787,-13.811,24.931
1756320046922,2025-08-27T13:40:46.922,8.72,-57.351,-6.73,51.258
1756320046942,2025-08-27T13:40:46.942,8.74,-56.822,-0.602,76.021
1756320046962,2025-08-27T13:40:46.962,8.76,-52.591,-7.332,101.162
1756320046982,2025-08-27T13:40:46.982,8.78,-42.47,-5.023,114.002
1756320047002,2025-08-27T13:40:47.002,8.8,-29.653,-2.79,118.327
1756320047022,2025-08-27T13:40:47.022,8.82,-22.782,-15.457,120.03
1756320047042,2025-08-27T13:40:47.042,8.84,-20.747,-28.944,120.141
1756320047062,2025-08-27T13:40:47.062,8.86,-15.152,-32.565,114.402
1756320047082,2025-08-27T13:40:47.082,8.88,-10.118,-43.472,111.639
1756320047102,2025-08-27T13:40:47.102,8.9,-3.479,-50.45,111.909
1756320047122,2025-08-27T13:40:47.122,8.92,1.917,-51.532,108.708
1756320047142,2025-08-27T13:40:47.142,8.94,5.267,-43.62,107.435
1756320047162,2025-08-27T13:40:47.162,8.96,6.151,-52.649,108.304
1756320047182,2025-08-27T13:40:47.182,8.98,5.747,-56.547,107.302
1756320047202,2025-08-27T13:40:47.202,9.0,8.765,-49.779,105.385
1756320047222,2025-08-27T13:40:47.222,9.02,12.134,-47.774,101.978
1756320047242,2025-08-27T13:40:47.242,9.04,14.802,-46.925,96.105
1756320047262,2025-08-27T13:40:47.262,9.06,15.61,-49.405,89.219
1756320047282,2025-08-27T13:40:47.282,9.08,16.113,-57.222,84.935
1756320047302,2025-08-27T13:40:47.302,9.1,20.415,-57.195,78.822
1756320047322,2025-08-27T13:40:47.322,9.12,26.463,-49.985,71.124
1756320047342,2025-08-27T13:40:47.342,9.14,27.706,-51.905,61.258
1756320047362,2025-08-27T13:40:47.362,9.16,23.708,-66.143,52.214
1756320047382,2025-08-27T13:40:47.382,9.18,12.95,-88.811,47.435
1756320047402,2025-08-27T13:40:47.402,9.2,3.236,-89.139,34.566
1756320047422,2025-08-27T13:40:47.422,9.22,2.847,-62.439,10.076
1756320047442,2025-08-27T13:40:47.442,9.24,6.437,-33.891,-0.93
1756320047462,2025-08-27T13:40:47.462,9.26,4.268,-43.998,2.5
1756320047482,2025-08-27T13:40:47.482,9.28,-0.362,-71.806,0.225
1756320047502,2025-08-27T13:40:47.502,9.3,-8.007,-87.79,-10.156
1756320047522,2025-08-27T13:40:47.522,9.32,-21.311,-83.125,-21.604
1756320047542,2025-08-27T13:40:47.542,9.34,-24.878,-61.578,-36.353
1756320047562,2025-08-27T13:40:47.562,9.36,-21.898,-23.853,-49.432
1756320047582,2025-08-27T13:40:47.582,9.38,-18.468,7.725,-72.645
1756320047602,2025-08-27T13:40:47.602,9.4,-23.624,27.386,-102.893
1756320047622,2025-08-27T13:40:47.622,9.42,-23.438,55.499,-124.874
1756320047642,2025-08-27T13:40:47.642,9.44,-2.306,80.716,-124.874
1756320047662,2025-08-27T13:40:47.662,9.46,8.853,124.874,-124.524
1756320047682,2025-08-27T13:40:47.682,9.48,27.024,124.874,-122.908
1756320047702,2025-08-27T13:40:47.702,9.5,45.221,124.063,-98.285
1756320047722,2025-08-27T13:40:47.722,9.52,64.806,122.816,-57.271
1756320047742,2025-08-27T13:40:47.742,9.54,81.856,86.429,-14.657
1756320047762,2025-08-27T13:40:47.762,9.56,94.425,28.125,26.319
1756320047782,2025-08-27T13:40:47.782,9.58,106.128,-13.819,54.897
1756320047802,2025-08-27T13:40:47.802,9.6,119.085,-29.779,75.122
1756320047822,2025-08-27T13:40:47.822,9.62,124.874,-15.758,83.51
1756320047842,2025-08-27T13:40:47.842,9.64,124.874,5.785,84.539
1756320047862,2025-08-27T13:40:47.862,9.66,124.741,19.737,81.696
1756320047882,2025-08-27T13:40:47.882,9.68,124.874,32.542,75.057
1756320047902,2025-08-27T13:40:47.902,9.7,124.874,56.787,64.516
1756320047922,2025-08-27T13:40:47.922,9.72,124.874,80.217,48.704
1756320047942,2025-08-27T13:40:47.942,9.74,122.359,92.763,31.871
1756320047962,2025-08-27T13:40:47.962,9.76,109.405,88.864,23.731
1756320047982,2025-08-27T13:40:47.982,9.78,93.464,84.543,12.957
1756320048002,2025-08-27T13:40:48.002,9.8,76.147,74.268,8.361
1756320048022,2025-08-27T13:40:48.022,9.82,65.278,58.213,9.306
1756320048042,2025-08-27T13:40:48.042,9.84,58.182,85.385,0.663
1756320048062,2025-08-27T13:40:48.062,9.86,48.918,107.877,-6.612
1756320048082,2025-08-27T13:40:48.082,9.88,35.758,78.998,-0.648
1756320048102,2025-08-27T13:40:48.102,9.9,22.527,42.317,2.424
