1756312574206,2025-08-27T11:36:14.206,0.0,-0.901,-0.238,0.234
1756312574226,2025-08-27T11:36:14.226,0.02,-0.914,-0.233,0.234
1756312574246,2025-08-27T11:36:14.246,0.04,-0.928,-0.23,0.214
1756312574266,2025-08-27T11:36:14.266,0.06,-0.931,-0.22,0.212
1756312574286,2025-08-27T11:36:14.286,0.08,-0.925,-0.21,0.207
1756312574306,2025-08-27T11:36:14.306,0.1,-0.918,-0.213,0.204
1756312574326,2025-08-27T11:36:14.326,0.12,-0.922,-0.224,0.205
1756312574346,2025-08-27T11:36:14.346,0.14,-0.927,-0.226,0.198
1756312574366,2025-08-27T11:36:14.366,0.16,-0.931,-0.217,0.189
1756312574386,2025-08-27T11:36:14.386,0.18,-0.926,-0.206,0.181
1756312574406,2025-08-27T11:36:14.406,0.2,-0.93,-0.191,0.18
1756312574426,2025-08-27T11:36:14.426,0.22,-0.949,-0.183,0.179
1756312574446,2025-08-27T11:36:14.446,0.24,-0.957,-0.177,0.179
1756312574466,2025-08-27T11:36:14.466,0.26,-0.953,-0.171,0.181
1756312574486,2025-08-27T11:36:14.486,0.28,-0.949,-0.176,0.182
1756312574506,2025-08-27T11:36:14.506,0.3,-0.938,-0.181,0.19
1756312574526,2025-08-27T11:36:14.526,0.32,-0.941,-0.194,0.201
1756312574546,2025-08-27T11:36:14.546,0.34,-0.933,-0.206,0.211
1756312574566,2025-08-27T11:36:14.566,0.36,-0.924,-0.212,0.214
1756312574586,2025-08-27T11:36:14.586,0.38,-0.922,-0.213,0.22
1756312574606,2025-08-27T11:36:14.606,0.4,-0.922,-0.222,0.218
1756312574626,2025-08-27T11:36:14.626,0.42,-0.929,-0.229,0.219
1756312574646,2025-08-27T11:36:14.646,0.44,-0.934,-0.221,0.21
1756312574666,2025-08-27T11:36:14.666,0.46,-0.929,-0.215,0.206
1756312574686,2025-08-27T11:36:14.686,0.48,-0.92,-0.212,0.205
1756312574706,2025-08-27T11:36:14.706,0.5,-0.918,-0.206,0.204
1756312574726,2025-08-27T11:36:14.726,0.52,-0.92,-0.201,0.209
1756312574746,2025-08-27T11:36:14.746,0.54,-0.922,-0.205,0.205
1756312574766,2025-08-27T11:36:14.766,0.56,-0.92,-0.21,0.204
1756312574786,2025-08-27T11:36:14.786,0.58,-0.917,-0.208,0.205
1756312574806,2025-08-27T11:36:14.806,0.6,-0.92,-0.206,0.206
1756312574826,2025-08-27T11:36:14.826,0.62,-0.923,-0.213,0.201
1756312574846,2025-08-27T11:36:14.846,0.64,-0.929,-0.212,0.197
1756312574866,2025-08-27T11:36:14.866,0.66,-0.934,-0.208,0.194
1756312574886,2025-08-27T11:36:14.886,0.68,-0.943,-0.203,0.18
1756312574906,2025-08-27T11:36:14.906,0.7,-0.948,-0.194,0.175
1756312574926,2025-08-27T11:36:14.926,0.72,-0.953,-0.191,0.177
1756312574946,2025-08-27T11:36:14.946,0.74,-0.956,-0.188,0.179
1756312574966,2025-08-27T11:36:14.966,0.76,-0.955,-0.19,0.178
1756312574986,2025-08-27T11:36:14.986,0.78,-0.953,-0.187,0.185
1756312575006,2025-08-27T11:36:15.006,0.8,-0.945,-0.183,0.19
1756312575026,2025-08-27T11:36:15.026,0.82,-0.937,-0.185,0.196
1756312575046,2025-08-27T11:36:15.046,0.84,-0.935,-0.193,0.202
1756312575066,2025-08-27T11:36:15.066,0.86,-0.93,-0.204,0.205
1756312575086,2025-08-27T11:36:15.086,0.88,-0.917,-0.204,0.204
1756312575106,2025-08-27T11:36:15.106,0.9,-0.925,-0.203,0.195
1756312575126,2025-08-27T11:36:15.126,0.92,-0.939,-0.2,0.189
1756312575146,2025-08-27T11:36:15.146,0.94,-0.942,-0.201,0.188
1756312575166,2025-08-27T11:36:15.166,0.96,-0.939,-0.205,0.189
1756312575186,2025-08-27T11:36:15.186,0.98,-0.936,-0.202,0.187
1756312575206,2025-08-27T11:36:15.206,1.0,-0.935,-0.199,0.188
1756312575226,2025-08-27T11:36:15.226,1.02,-0.927,-0.2,0.194
1756312575246,2025-08-27T11:36:15.246,1.04,-0.93,-0.206,0.197
1756312575266,2025-08-27T11:36:15.266,1.06,-0.932,-0.21,0.199
1756312575286,2025-08-27T11:36:15.286,1.08,-0.929,-0.208,0.205
1756312575306,2025-08-27T11:36:15.306,1.1,-0.924,-0.206,0.213
1756312575326,2025-08-27T11:36:15.326,1.12,-0.921,-0.209,0.215
1756312575346,2025-08-27T11:36:15.346,1.14,-0.928,-0.214,0.188
1756312575366,2025-08-27T11:36:15.366,1.16,-0.932,-0.212,0.183
1756312575386,2025-08-27T11:36:15.386,1.18,-0.936,-0.204,0.183
1756312575406,2025-08-27T11:36:15.406,1.2,-0.944,-0.198,0.173
1756312575426,2025-08-27T11:36:15.426,1.22,-0.948,-0.189,0.165
1756312575446,2025-08-27T11:36:15.446,1.24,-0.945,-0.179,0.168
1756312575466,2025-08-27T11:36:15.466,1.26,-0.951,-0.171,0.17
1756312575486,2025-08-27T11:36:15.486,1.28,-0.954,-0.17,0.172
1756312575506,2025-08-27T11:36:15.506,1.3,-0.953,-0.172,0.172
1756312575526,2025-08-27T11:36:15.526,1.32,-0.949,-0.178,0.18
1756312575546,2025-08-27T11:36:15.546,1.34,-0.946,-0.191,0.181
1756312575566,2025-08-27T11:36:15.566,1.36,-0.935,-0.203,0.186
1756312575586,2025-08-27T11:36:15.586,1.38,-0.93,-0.211,0.195
1756312575606,2025-08-27T11:36:15.606,1.4,-0.931,-0.214,0.199
1756312575626,2025-08-27T11:36:15.626,1.42,-0.927,-0.221,0.196
1756312575646,2025-08-27T11:36:15.646,1.44,-0.922,-0.229,0.197
1756312575666,2025-08-27T11:36:15.666,1.46,-0.923,-0.23,0.201
1756312575686,2025-08-27T11:36:15.686,1.48,-0.924,-0.225,0.202
1756312575706,2025-08-27T11:36:15.706,1.5,-0.925,-0.218,0.197
1756312575726,2025-08-27T11:36:15.726,1.52,-0.926,-0.207,0.191
1756312575746,2025-08-27T11:36:15.746,1.54,-0.933,-0.197,0.195
1756312575766,2025-08-27T11:36:15.766,1.56,-0.933,-0.193,0.203
1756312575786,2025-08-27T11:36:15.786,1.58,-0.932,-0.195,0.2
1756312575806,2025-08-27T11:36:15.806,1.6,-0.937,-0.197,0.195
1756312575826,2025-08-27T11:36:15.826,1.62,-0.936,-0.199,0.192
1756312575846,2025-08-27T11:36:15.846,1.64,-0.933,-0.207,0.195
1756312575866,2025-08-27T11:36:15.866,1.66,-0.929,-0.215,0.194
1756312575886,2025-08-27T11:36:15.886,1.68,-0.927,-0.218,0.183
1756312575906,2025-08-27T11:36:15.906,1.7,-0.929,-0.206,0.176
1756312575926,2025-08-27T11:36:15.926,1.72,-0.936,-0.198,0.177
1756312575946,2025-08-27T11:36:15.946,1.74,-0.939,-0.192,0.18
1756312575966,2025-08-27T11:36:15.966,1.76,-0.936,-0.185,0.184
1756312575986,2025-08-27T11:36:15.986,1.78,-0.944,-0.179,0.181
1756312576006,2025-08-27T11:36:16.006,1.8,-0.949,-0.179,0.18
1756312576026,2025-08-27T11:36:16.026,1.82,-0.945,-0.182,0.186
1756312576046,2025-08-27T11:36:16.046,1.84,-0.944,-0.191,0.189
1756312576066,2025-08-27T11:36:16.066,1.86,-0.937,-0.204,0.196
1756312576086,2025-08-27T11:36:16.086,1.88,-0.927,-0.219,0.204
1756312576106,2025-08-27T11:36:16.106,1.9,-0.923,-0.23,0.211
1756312576126,2025-08-27T11:36:16.126,1.92,-0.923,-0.231,0.207
1756312576146,2025-08-27T11:36:16.146,1.94,-0.918,-0.232,0.211
1756312576166,2025-08-27T11:36:16.166,1.96,-0.922,-0.234,0.211
1756312576186,2025-08-27T11:36:16.186,1.98,-0.929,-0.232,0.202
1756312576206,2025-08-27T11:36:16.206,2.0,-0.931,-0.216,0.196
1756312576226,2025-08-27T11:36:16.226,2.02,-0.936,-0.205,0.192
1756312576246,2025-08-27T11:36:16.246,2.04,-0.939,-0.201,0.197
1756312576266,2025-08-27T11:36:16.266,2.06,-0.938,-0.198,0.198
1756312576286,2025-08-27T11:36:16.286,2.08,-0.934,-0.194,0.199
1756312576306,2025-08-27T11:36:16.306,2.1,-0.927,-0.199,0.209
1756312576326,2025-08-27T11:36:16.326,2.12,-0.928,-0.203,0.203
1756312576346,2025-08-27T11:36:16.346,2.14,-0.933,-0.207,0.195
1756312576366,2025-08-27T11:36:16.366,2.16,-0.933,-0.211,0.196
1756312576386,2025-08-27T11:36:16.386,2.18,-0.936,-0.211,0.192
1756312576406,2025-08-27T11:36:16.406,2.2,-0.936,-0.208,0.181
1756312576426,2025-08-27T11:36:16.426,2.22,-0.933,-0.196,0.174
1756312576446,2025-08-27T11:36:16.446,2.24,-0.939,-0.185,0.173
1756312576466,2025-08-27T11:36:16.466,2.26,-0.949,-0.177,0.173
1756312576486,2025-08-27T11:36:16.486,2.28,-0.945,-0.177,0.173
1756312576506,2025-08-27T11:36:16.506,2.3,-0.946,-0.182,0.175
1756312576526,2025-08-27T11:36:16.526,2.32,-0.943,-0.183,0.177
1756312576546,2025-08-27T11:36:16.546,2.34,-0.939,-0.185,0.188
1756312576566,2025-08-27T11:36:16.566,2.36,-0.938,-0.197,0.192
1756312576586,2025-08-27T11:36:16.586,2.38,-0.932,-0.202,0.196
1756312576606,2025-08-27T11:36:16.606,2.4,-0.928,-0.209,0.201
1756312576626,2025-08-27T11:36:16.626,2.42,-0.925,-0.209,0.204
1756312576646,2025-08-27T11:36:16.646,2.44,-0.927,-0.209,0.198
1756312576666,2025-08-27T11:36:16.666,2.46,-0.932,-0.209,0.195
1756312576686,2025-08-27T11:36:16.686,2.48,-0.933,-0.209,0.198
1756312576706,2025-08-27T11:36:16.706,2.5,-0.932,-0.209,0.193
1756312576726,2025-08-27T11:36:16.726,2.52,-0.935,-0.202,0.193
1756312576746,2025-08-27T11:36:16.746,2.54,-0.941,-0.196,0.19
1756312576766,2025-08-27T11:36:16.766,2.56,-0.936,-0.194,0.196
1756312576786,2025-08-27T11:36:16.786,2.58,-0.933,-0.2,0.203
1756312576806,2025-08-27T11:36:16.806,2.6,-0.931,-0.21,0.203
1756312576826,2025-08-27T11:36:16.826,2.62,-0.926,-0.215,0.202
1756312576846,2025-08-27T11:36:16.846,2.64,-0.927,-0.219,0.197
1756312576866,2025-08-27T11:36:16.866,2.66,-0.929,-0.217,0.192
1756312576886,2025-08-27T11:36:16.886,2.68,-0.933,-0.212,0.188
1756312576906,2025-08-27T11:36:16.906,2.7,-0.94,-0.201,0.185
1756312576926,2025-08-27T11:36:16.926,2.72,-0.942,-0.192,0.173
1756312576946,2025-08-27T11:36:16.946,2.74,-0.94,-0.19,0.173
1756312576966,2025-08-27T11:36:16.966,2.76,-0.937,-0.186,0.17
1756312576986,2025-08-27T11:36:16.986,2.78,-0.944,-0.179,0.169
1756312577006,2025-08-27T11:36:17.006,2.8,-0.946,-0.178,0.176
1756312577026,2025-08-27T11:36:17.026,2.82,-0.938,-0.181,0.183
1756312577046,2025-08-27T11:36:17.046,2.84,-0.937,-0.188,0.187
1756312577066,2025-08-27T11:36:17.066,2.86,-0.935,-0.198,0.196
1756312577086,2025-08-27T11:36:17.086,2.88,-0.933,-0.209,0.203
1756312577106,2025-08-27T11:36:17.106,2.9,-0.928,-0.219,0.205
1756312577126,2025-08-27T11:36:17.126,2.92,-0.922,-0.226,0.206
1756312577146,2025-08-27T11:36:17.146,2.94,-0.923,-0.223,0.209
1756312577166,2025-08-27T11:36:17.166,2.96,-0.928,-0.221,0.204
1756312577186,2025-08-27T11:36:17.186,2.98,-0.931,-0.224,0.201
1756312577206,2025-08-27T11:36:17.206,3.0,-0.932,-0.221,0.2
1756312577226,2025-08-27T11:36:17.226,3.02,-0.937,-0.213,0.196
1756312577246,2025-08-27T11:36:17.246,3.04,-0.934,-0.204,0.195
1756312577266,2025-08-27T11:36:17.266,3.06,-0.928,-0.199,0.197
1756312577286,2025-08-27T11:36:17.286,3.08,-0.932,-0.192,0.198
1756312577306,2025-08-27T11:36:17.306,3.1,-0.939,-0.186,0.198
1756312577326,2025-08-27T11:36:17.326,3.12,-0.944,-0.183,0.201
1756312577346,2025-08-27T11:36:17.346,3.14,-0.941,-0.182,0.204
1756312577366,2025-08-27T11:36:17.366,3.16,-0.938,-0.186,0.211
1756312577386,2025-08-27T11:36:17.386,3.18,-0.934,-0.193,0.208
1756312577406,2025-08-27T11:36:17.406,3.2,-0.929,-0.194,0.202
1756312577426,2025-08-27T11:36:17.426,3.22,-0.928,-0.197,0.196
1756312577446,2025-08-27T11:36:17.446,3.24,-0.936,-0.2,0.187
1756312577466,2025-08-27T11:36:17.466,3.26,-0.938,-0.201,0.18
1756312577486,2025-08-27T11:36:17.486,3.28,-0.934,-0.2,0.179
1756312577506,2025-08-27T11:36:17.506,3.3,-0.952,-0.194,0.175
1756312577526,2025-08-27T11:36:17.526,3.32,-0.945,-0.185,0.186
1756312577546,2025-08-27T11:36:17.546,3.34,-0.927,-0.187,0.186
1756312577566,2025-08-27T11:36:17.566,3.36,-0.94,-0.199,0.185
1756312577586,2025-08-27T11:36:17.586,3.38,-0.947,-0.211,0.191
1756312577606,2025-08-27T11:36:17.606,3.4,-0.93,-0.215,0.201
1756312577626,2025-08-27T11:36:17.626,3.42,-0.926,-0.227,0.21
1756312577646,2025-08-27T11:36:17.646,3.44,-0.919,-0.228,0.218
1756312577666,2025-08-27T11:36:17.666,3.46,-0.9,-0.224,0.216
1756312577686,2025-08-27T11:36:17.686,3.48,-0.908,-0.229,0.214
1756312577706,2025-08-27T11:36:17.706,3.5,-0.919,-0.226,0.214
1756312577726,2025-08-27T11:36:17.726,3.52,-0.93,-0.218,0.203
1756312577746,2025-08-27T11:36:17.746,3.54,-0.936,-0.208,0.199
1756312577766,2025-08-27T11:36:17.766,3.56,-0.935,-0.199,0.197
1756312577786,2025-08-27T11:36:17.786,3.58,-0.935,-0.198,0.2
1756312577806,2025-08-27T11:36:17.806,3.6,-0.937,-0.203,0.205
1756312577826,2025-08-27T11:36:17.826,3.62,-0.934,-0.21,0.207
1756312577846,2025-08-27T11:36:17.846,3.64,-0.933,-0.215,0.205
1756312577866,2025-08-27T11:36:17.866,3.66,-0.932,-0.215,0.205
1756312577886,2025-08-27T11:36:17.886,3.68,-0.927,-0.221,0.21
1756312577906,2025-08-27T11:36:17.906,3.7,-0.922,-0.228,0.21
1756312577926,2025-08-27T11:36:17.926,3.72,-0.925,-0.232,0.205
1756312577946,2025-08-27T11:36:17.946,3.74,-0.925,-0.229,0.199
1756312577966,2025-08-27T11:36:17.966,3.76,-0.928,-0.218,0.193
1756312577986,2025-08-27T11:36:17.986,3.78,-0.93,-0.207,0.185
1756312578006,2025-08-27T11:36:18.006,3.8,-0.935,-0.192,0.18
1756312578026,2025-08-27T11:36:18.026,3.82,-0.941,-0.184,0.176
1756312578046,2025-08-27T11:36:18.046,3.84,-0.947,-0.181,0.18
1756312578066,2025-08-27T11:36:18.066,3.86,-0.943,-0.181,0.183
1756312578086,2025-08-27T11:36:18.086,3.88,-0.936,-0.182,0.186
1756312578106,2025-08-27T11:36:18.106,3.9,-0.933,-0.189,0.196
1756312578126,2025-08-27T11:36:18.126,3.92,-0.932,-0.199,0.199
1756312578146,2025-08-27T11:36:18.146,3.94,-0.929,-0.208,0.205
1756312578166,2025-08-27T11:36:18.166,3.96,-0.927,-0.211,0.206
1756312578186,2025-08-27T11:36:18.186,3.98,-0.93,-0.211,0.204
1756312578206,2025-08-27T11:36:18.206,4.0,-0.93,-0.213,0.203
1756312578226,2025-08-27T11:36:18.226,4.02,-0.93,-0.211,0.2
1756312578246,2025-08-27T11:36:18.246,4.04,-0.933,-0.211,0.197
1756312578266,2025-08-27T11:36:18.266,4.06,-0.944,-0.208,0.191
1756312578286,2025-08-27T11:36:18.286,4.08,-0.949,-0.198,0.183
1756312578306,2025-08-27T11:36:18.306,4.1,-0.936,-0.191,0.191
1756312578326,2025-08-27T11:36:18.326,4.12,-0.932,-0.2,0.198
1756312578346,2025-08-27T11:36:18.346,4.14,-0.934,-0.209,0.196
1756312578366,2025-08-27T11:36:18.366,4.16,-0.929,-0.212,0.193
1756312578386,2025-08-27T11:36:18.386,4.18,-0.93,-0.212,0.199
1756312578406,2025-08-27T11:36:18.406,4.2,-0.933,-0.213,0.194
1756312578426,2025-08-27T11:36:18.426,4.22,-0.932,-0.214,0.188
1756312578446,2025-08-27T11:36:18.446,4.24,-0.935,-0.21,0.184
1756312578466,2025-08-27T11:36:18.466,4.26,-0.943,-0.208,0.18
1756312578486,2025-08-27T11:36:18.486,4.28,-0.943,-0.205,0.173
1756312578506,2025-08-27T11:36:18.506,4.3,-0.939,-0.195,0.17
1756312578526,2025-08-27T11:36:18.526,4.32,-0.939,-0.19,0.171
1756312578546,2025-08-27T11:36:18.546,4.34,-0.939,-0.19,0.176
1756312578566,2025-08-27T11:36:18.566,4.36,-0.943,-0.192,0.176
1756312578586,2025-08-27T11:36:18.586,4.38,-0.943,-0.192,0.178
1756312578606,2025-08-27T11:36:18.606,4.4,-0.935,-0.194,0.183
1756312578626,2025-08-27T11:36:18.626,4.42,-0.931,-0.195,0.191
1756312578646,2025-08-27T11:36:18.646,4.44,-0.928,-0.202,0.198
1756312578666,2025-08-27T11:36:18.666,4.46,-0.927,-0.21,0.2
1756312578686,2025-08-27T11:36:18.686,4.48,-0.926,-0.209,0.204
1756312578706,2025-08-27T11:36:18.706,4.5,-0.93,-0.208,0.201
1756312578726,2025-08-27T11:36:18.726,4.52,-0.929,-0.208,0.198
1756312578746,2025-08-27T11:36:18.746,4.54,-0.932,-0.209,0.194
1756312578766,2025-08-27T11:36:18.766,4.56,-0.936,-0.208,0.192
1756312578786,2025-08-27T11:36:18.786,4.58,-0.936,-0.205,0.195
1756312578806,2025-08-27T11:36:18.806,4.6,-0.937,-0.207,0.197
1756312578826,2025-08-27T11:36:18.826,4.62,-0.938,-0.208,0.194
1756312578846,2025-08-27T11:36:18.846,4.64,-0.932,-0.207,0.199
1756312578866,2025-08-27T11:36:18.866,4.66,-0.928,-0.205,0.205
1756312578886,2025-08-27T11:36:18.886,4.68,-0.93,-0.205,0.203
1756312578906,2025-08-27T11:36:18.906,4.7,-0.928,-0.207,0.206
1756312578926,2025-08-27T11:36:18.926,4.72,-0.931,-0.208,0.211
1756312578946,2025-08-27T11:36:18.946,4.74,-0.934,-0.209,0.208
1756312578966,2025-08-27T11:36:18.966,4.76,-0.931,-0.208,0.199
1756312578986,2025-08-27T11:36:18.986,4.78,-0.939,-0.209,0.194
1756312579006,2025-08-27T11:36:19.006,4.8,-0.937,-0.206,0.187
1756312579026,2025-08-27T11:36:19.026,4.82,-0.934,-0.2,0.184
1756312579046,2025-08-27T11:36:19.046,4.84,-0.937,-0.196,0.181
1756312579066,2025-08-27T11:36:19.066,4.86,-0.934,-0.197,0.184
1756312579086,2025-08-27T11:36:19.086,4.88,-0.937,-0.198,0.184
1756312579106,2025-08-27T11:36:19.106,4.9,-0.936,-0.205,0.184
1756312579126,2025-08-27T11:36:19.126,4.92,-0.931,-0.207,0.193
1756312579146,2025-08-27T11:36:19.146,4.94,-0.929,-0.209,0.202
1756312579166,2025-08-27T11:36:19.166,4.96,-0.925,-0.215,0.206
1756312579186,2025-08-27T11:36:19.186,4.98,-0.919,-0.219,0.206
1756312579206,2025-08-27T11:36:19.206,5.0,-0.919,-0.216,0.208
1756312579226,2025-08-27T11:36:19.226,5.02,-0.927,-0.213,0.205
1756312579246,2025-08-27T11:36:19.246,5.04,-0.934,-0.209,0.199
1756312579266,2025-08-27T11:36:19.266,5.06,-0.933,-0.204,0.196
1756312579286,2025-08-27T11:36:19.286,5.08,-0.939,-0.201,0.189
1756312579306,2025-08-27T11:36:19.306,5.1,-0.943,-0.198,0.188
1756312579326,2025-08-27T11:36:19.326,5.12,-0.94,-0.195,0.187
1756312579346,2025-08-27T11:36:19.346,5.14,-0.936,-0.193,0.185
1756312579366,2025-08-27T11:36:19.366,5.16,-0.935,-0.191,0.197
1756312579386,2025-08-27T11:36:19.386,5.18,-0.938,-0.199,0.204
1756312579406,2025-08-27T11:36:19.406,5.2,-0.934,-0.207,0.198
1756312579426,2025-08-27T11:36:19.426,5.22,-0.929,-0.207,0.198
1756312579446,2025-08-27T11:36:19.446,5.24,-0.935,-0.205,0.2
1756312579466,2025-08-27T11:36:19.466,5.26,-0.938,-0.207,0.198
1756312579486,2025-08-27T11:36:19.486,5.28,-0.934,-0.211,0.192
1756312579506,2025-08-27T11:36:19.506,5.3,-0.931,-0.205,0.189
1756312579526,2025-08-27T11:36:19.526,5.32,-0.935,-0.201,0.18
1756312579546,2025-08-27T11:36:19.546,5.34,-0.936,-0.2,0.177
1756312579566,2025-08-27T11:36:19.566,5.36,-0.941,-0.196,0.175
1756312579586,2025-08-27T11:36:19.586,5.38,-0.945,-0.191,0.173
1756312579606,2025-08-27T11:36:19.606,5.4,-0.942,-0.185,0.177
1756312579626,2025-08-27T11:36:19.626,5.42,-0.938,-0.186,0.18
1756312579646,2025-08-27T11:36:19.646,5.44,-0.935,-0.193,0.183
1756312579666,2025-08-27T11:36:19.666,5.46,-0.932,-0.201,0.193
1756312579686,2025-08-27T11:36:19.686,5.48,-0.928,-0.204,0.199
1756312579706,2025-08-27T11:36:19.706,5.5,-0.928,-0.205,0.198
1756312579726,2025-08-27T11:36:19.726,5.52,-0.926,-0.208,0.2
1756312579746,2025-08-27T11:36:19.746,5.54,-0.93,-0.209,0.194
1756312579766,2025-08-27T11:36:19.766,5.56,-0.934,-0.208,0.192
1756312579786,2025-08-27T11:36:19.786,5.58,-0.935,-0.208,0.193
1756312579806,2025-08-27T11:36:19.806,5.6,-0.933,-0.204,0.189
1756312579826,2025-08-27T11:36:19.826,5.62,-0.937,-0.197,0.185
1756312579846,2025-08-27T11:36:19.846,5.64,-0.94,-0.195,0.185
1756312579866,2025-08-27T11:36:19.866,5.66,-0.939,-0.193,0.191
1756312579886,2025-08-27T11:36:19.886,5.68,-0.938,-0.194,0.196
1756312579906,2025-08-27T11:36:19.906,5.7,-0.937,-0.199,0.194
1756312579926,2025-08-27T11:36:19.926,5.72,-0.931,-0.201,0.197
1756312579946,2025-08-27T11:36:19.946,5.74,-0.934,-0.201,0.198
1756312579966,2025-08-27T11:36:19.966,5.76,-0.937,-0.208,0.198
1756312579986,2025-08-27T11:36:19.986,5.78,-0.932,-0.21,0.194
1756312580006,2025-08-27T11:36:20.006,5.8,-0.932,-0.212,0.193
1756312580026,2025-08-27T11:36:20.026,5.82,-0.933,-0.208,0.184
1756312580046,2025-08-27T11:36:20.046,5.84,-0.935,-0.204,0.174
1756312580066,2025-08-27T11:36:20.066,5.86,-0.938,-0.2,0.171
1756312580086,2025-08-27T11:36:20.086,5.88,-0.942,-0.193,0.172
1756312580106,2025-08-27T11:36:20.106,5.9,-0.946,-0.188,0.17
1756312580126,2025-08-27T11:36:20.126,5.92,-0.948,-0.186,0.173
1756312580146,2025-08-27T11:36:20.146,5.94,-0.944,-0.189,0.176
1756312580166,2025-08-27T11:36:20.166,5.96,-0.933,-0.195,0.185
1756312580186,2025-08-27T11:36:20.186,5.98,-0.929,-0.201,0.192
1756312580206,2025-08-27T11:36:20.206,6.0,-0.929,-0.202,0.197
1756312580226,2025-08-27T11:36:20.226,6.02,-0.93,-0.2,0.199
1756312580246,2025-08-27T11:36:20.246,6.04,-0.934,-0.202,0.196
1756312580266,2025-08-27T11:36:20.266,6.06,-0.935,-0.203,0.19
1756312580286,2025-08-27T11:36:20.286,6.08,-0.937,-0.204,0.182
1756312580306,2025-08-27T11:36:20.306,6.1,-0.942,-0.2,0.181
1756312580326,2025-08-27T11:36:20.326,6.12,-0.942,-0.199,0.181
1756312580346,2025-08-27T11:36:20.346,6.14,-0.938,-0.196,0.18
1756312580366,2025-08-27T11:36:20.366,6.16,-0.938,-0.196,0.186
1756312580386,2025-08-27T11:36:20.386,6.18,-0.939,-0.195,0.187
1756312580406,2025-08-27T11:36:20.406,6.2,-0.936,-0.195,0.187
1756312580426,2025-08-27T11:36:20.426,6.22,-0.93,-0.195,0.193
1756312580446,2025-08-27T11:36:20.446,6.24,-0.935,-0.197,0.2
1756312580466,2025-08-27T11:36:20.466,6.26,-0.931,-0.203,0.2
