2023-05-25 13:53:20.629,0.853,-0.375,0.201
2023-05-25 13:53:20.649,0.857,-0.363,0.209
2023-05-25 13:53:20.669,0.892,-0.37,0.232
2023-05-25 13:53:20.689,0.954,-0.368,0.247
2023-05-25 13:53:20.709,1.027,-0.367,0.258
2023-05-25 13:53:20.729,1.056,-0.369,0.251
2023-05-25 13:53:20.749,1.029,-0.365,0.22
2023-05-25 13:53:20.769,0.975,-0.369,0.207
2023-05-25 13:53:20.789,0.916,-0.368,0.206
2023-05-25 13:53:20.809,0.836,-0.395,0.196
2023-05-25 13:53:20.829,0.758,-0.404,0.194
2023-05-25 13:53:20.849,0.755,-0.381,0.209
2023-05-25 13:53:20.869,0.847,-0.368,0.239
2023-05-25 13:53:20.889,0.93,-0.374,0.237
2023-05-25 13:53:20.909,0.97,-0.391,0.234
2023-05-25 13:53:20.929,1.0,-0.406,0.262
2023-05-25 13:53:20.949,0.966,-0.438,0.288
2023-05-25 13:53:20.969,0.897,-0.462,0.312
2023-05-25 13:53:20.989,0.781,-0.449,0.306
2023-05-25 13:53:21.009,0.745,-0.479,0.305
2023-05-25 13:53:21.029,0.77,-0.523,0.323
2023-05-25 13:53:21.049,0.845,-0.582,0.376
2023-05-25 13:53:21.069,0.88,-0.637,0.414
2023-05-25 13:53:21.089,0.873,-0.651,0.45
2023-05-25 13:53:21.109,0.879,-0.673,0.46
2023-05-25 13:53:21.129,0.865,-0.73,0.44
2023-05-25 13:53:21.149,0.818,-0.737,0.458
2023-05-25 13:53:21.169,0.731,-0.683,0.454
2023-05-25 13:53:21.189,0.746,-0.607,0.453
2023-05-25 13:53:21.209,0.75,-0.608,0.436
2023-05-25 13:53:21.229,0.662,-0.619,0.4
2023-05-25 13:53:21.249,0.638,-0.638,0.409
2023-05-25 13:53:21.269,0.642,-0.642,0.416
2023-05-25 13:53:21.289,0.668,-0.624,0.425
2023-05-25 13:53:21.309,0.722,-0.608,0.435
2023-05-25 13:53:21.329,0.737,-0.57,0.422
2023-05-25 13:53:21.349,0.688,-0.477,0.41
2023-05-25 13:53:21.369,0.677,-0.433,0.404
2023-05-25 13:53:21.389,0.589,-0.342,0.336
2023-05-25 13:53:21.409,0.527,-0.285,0.299
2023-05-25 13:53:21.429,0.577,-0.293,0.24
2023-05-25 13:53:21.449,0.766,-0.356,0.229
2023-05-25 13:53:21.469,0.983,-0.464,0.318
2023-05-25 13:53:21.489,1.087,-0.562,0.353
2023-05-25 13:53:21.509,1.027,-0.568,0.27
2023-05-25 13:53:21.529,0.848,-0.527,0.132
2023-05-25 13:53:21.549,0.832,-0.539,0.084
2023-05-25 13:53:21.569,0.952,-0.581,0.122
2023-05-25 13:53:21.589,0.975,-0.659,0.143
2023-05-25 13:53:21.609,0.961,-0.754,0.121
2023-05-25 13:53:21.629,0.883,-0.786,0.11
2023-05-25 13:53:21.649,0.76,-0.72,0.11
2023-05-25 13:53:21.669,0.702,-0.628,0.107
2023-05-25 13:53:21.689,0.693,-0.544,0.109
2023-05-25 13:53:21.709,0.769,-0.475,0.123
2023-05-25 13:53:21.729,0.845,-0.436,0.12
2023-05-25 13:53:21.749,0.897,-0.389,0.108
2023-05-25 13:53:21.769,0.966,-0.351,0.122
2023-05-25 13:53:21.789,0.993,-0.325,0.128
2023-05-25 13:53:21.809,0.952,-0.293,0.095
2023-05-25 13:53:21.829,0.96,-0.292,0.098
2023-05-25 13:53:21.849,0.993,-0.341,0.122
2023-05-25 13:53:21.869,1.008,-0.392,0.101
2023-05-25 13:53:21.889,1.0,-0.405,0.073
2023-05-25 13:53:21.909,0.988,-0.388,0.078
2023-05-25 13:53:21.929,0.958,-0.405,0.102
2023-05-25 13:53:21.949,0.921,-0.414,0.132
2023-05-25 13:53:21.969,0.873,-0.458,0.161
2023-05-25 13:53:21.989,0.781,-0.517,0.186
2023-05-25 13:53:22.009,0.741,-0.571,0.216
2023-05-25 13:53:22.029,0.731,-0.643,0.286
2023-05-25 13:53:22.049,0.72,-0.747,0.319
2023-05-25 13:53:22.069,0.679,-0.798,0.295
2023-05-25 13:53:22.089,0.695,-0.771,0.315
2023-05-25 13:53:22.109,0.797,-0.759,0.377
2023-05-25 13:53:22.129,0.879,-0.777,0.428
2023-05-25 13:53:22.149,0.855,-0.73,0.456
2023-05-25 13:53:22.169,0.895,-0.645,0.502
2023-05-25 13:53:22.189,0.922,-0.578,0.532
2023-05-25 13:53:22.209,0.889,-0.542,0.546
2023-05-25 13:53:22.229,0.831,-0.454,0.53
2023-05-25 13:53:22.249,0.749,-0.392,0.509
2023-05-25 13:53:22.269,0.637,-0.4,0.466
2023-05-25 13:53:22.289,0.597,-0.461,0.456
2023-05-25 13:53:22.309,0.675,-0.527,0.483
2023-05-25 13:53:22.329,0.699,-0.526,0.48
2023-05-25 13:53:22.349,0.675,-0.476,0.481
2023-05-25 13:53:22.369,0.582,-0.355,0.424
2023-05-25 13:53:22.389,0.603,-0.312,0.378
2023-05-25 13:53:22.409,0.626,-0.258,0.319
2023-05-25 13:53:22.429,0.742,-0.316,0.225
2023-05-25 13:53:22.449,0.879,-0.442,0.194
2023-05-25 13:53:22.469,1.055,-0.521,0.258
2023-05-25 13:53:22.489,1.343,-0.535,0.377
2023-05-25 13:53:22.509,1.12,-0.429,0.262
2023-05-25 13:53:22.529,0.741,-0.414,0.14
2023-05-25 13:53:22.549,0.724,-0.464,0.115
2023-05-25 13:53:22.569,0.817,-0.556,0.096
2023-05-25 13:53:22.589,0.928,-0.694,0.125
2023-05-25 13:53:22.609,0.977,-0.678,0.194
2023-05-25 13:53:22.629,0.885,-0.591,0.241
2023-05-25 13:53:22.649,0.781,-0.568,0.22
2023-05-25 13:53:22.669,0.754,-0.547,0.182
2023-05-25 13:53:22.689,0.816,-0.473,0.159
2023-05-25 13:53:22.709,0.871,-0.398,0.136
2023-05-25 13:53:22.729,0.91,-0.375,0.118
2023-05-25 13:53:22.749,0.919,-0.373,0.102
2023-05-25 13:53:22.769,0.888,-0.377,0.068
2023-05-25 13:53:22.789,0.86,-0.378,0.024
2023-05-25 13:53:22.809,0.872,-0.362,0.023
2023-05-25 13:53:22.829,0.927,-0.38,0.069
2023-05-25 13:53:22.849,1.004,-0.44,0.124
2023-05-25 13:53:22.869,0.974,-0.437,0.157
2023-05-25 13:53:22.889,0.941,-0.427,0.19
2023-05-25 13:53:22.909,0.955,-0.452,0.224
2023-05-25 13:53:22.929,0.924,-0.448,0.238
2023-05-25 13:53:22.949,0.824,-0.446,0.255
2023-05-25 13:53:22.969,0.755,-0.48,0.302
2023-05-25 13:53:22.989,0.725,-0.523,0.342
2023-05-25 13:53:23.009,0.674,-0.563,0.333
2023-05-25 13:53:23.029,0.678,-0.611,0.346
2023-05-25 13:53:23.049,0.758,-0.683,0.401
2023-05-25 13:53:23.069,0.902,-0.815,0.423
2023-05-25 13:53:23.089,0.95,-0.85,0.438
2023-05-25 13:53:23.109,0.94,-0.781,0.474
2023-05-25 13:53:23.129,0.908,-0.704,0.5
2023-05-25 13:53:23.149,0.83,-0.627,0.505
2023-05-25 13:53:23.169,0.77,-0.508,0.489
2023-05-25 13:53:23.189,0.775,-0.4,0.485
2023-05-25 13:53:23.209,0.735,-0.344,0.47
2023-05-25 13:53:23.229,0.704,-0.373,0.463
2023-05-25 13:53:23.249,0.728,-0.433,0.467
2023-05-25 13:53:23.269,0.771,-0.472,0.457
2023-05-25 13:53:23.289,0.73,-0.475,0.427
2023-05-25 13:53:23.309,0.672,-0.46,0.404
2023-05-25 13:53:23.329,0.604,-0.371,0.34
2023-05-25 13:53:23.349,0.683,-0.355,0.251
2023-05-25 13:53:23.369,0.775,-0.349,0.188
2023-05-25 13:53:23.389,0.904,-0.326,0.257
2023-05-25 13:53:23.409,1.156,-0.445,0.332
2023-05-25 13:53:23.429,1.269,-0.515,0.253
2023-05-25 13:53:23.449,0.981,-0.459,0.108
2023-05-25 13:53:23.469,0.783,-0.381,0.058
2023-05-25 13:53:23.489,0.847,-0.449,0.072
2023-05-25 13:53:23.509,0.859,-0.656,0.095
2023-05-25 13:53:23.529,0.851,-0.718,0.146
2023-05-25 13:53:23.549,0.842,-0.685,0.194
2023-05-25 13:53:23.569,0.784,-0.625,0.168
2023-05-25 13:53:23.589,0.769,-0.566,0.128
2023-05-25 13:53:23.609,0.804,-0.505,0.093
2023-05-25 13:53:23.629,0.825,-0.444,0.079
2023-05-25 13:53:23.649,0.851,-0.415,0.074
2023-05-25 13:53:23.669,0.894,-0.398,0.076
2023-05-25 13:53:23.689,0.919,-0.4,0.087
2023-05-25 13:53:23.709,0.925,-0.413,0.087
2023-05-25 13:53:23.729,0.922,-0.399,0.091
2023-05-25 13:53:23.749,0.905,-0.403,0.098
2023-05-25 13:53:23.769,0.896,-0.455,0.135
2023-05-25 13:53:23.789,0.891,-0.518,0.204
2023-05-25 13:53:23.809,0.863,-0.538,0.261
2023-05-25 13:53:23.829,0.869,-0.521,0.293
2023-05-25 13:53:23.849,0.851,-0.447,0.32
2023-05-25 13:53:23.869,0.79,-0.394,0.374
2023-05-25 13:53:23.889,0.747,-0.43,0.428
2023-05-25 13:53:23.909,0.715,-0.412,0.423
2023-05-25 13:53:23.929,0.78,-0.411,0.414
2023-05-25 13:53:23.949,0.905,-0.508,0.441
2023-05-25 13:53:23.969,0.948,-0.55,0.447
2023-05-25 13:53:23.989,0.975,-0.534,0.503
2023-05-25 13:53:24.009,0.986,-0.584,0.558
2023-05-25 13:53:24.029,0.949,-0.607,0.54
2023-05-25 13:53:24.049,0.85,-0.592,0.489
2023-05-25 13:53:24.069,0.808,-0.603,0.518
2023-05-25 13:53:24.089,0.732,-0.602,0.516
2023-05-25 13:53:24.109,0.681,-0.551,0.522
2023-05-25 13:53:24.129,0.71,-0.493,0.576
2023-05-25 13:53:24.149,0.705,-0.433,0.589
2023-05-25 13:53:24.169,0.648,-0.374,0.522
2023-05-25 13:53:24.189,0.672,-0.351,0.511
2023-05-25 13:53:24.209,0.705,-0.352,0.508
2023-05-25 13:53:24.229,0.73,-0.329,0.497
2023-05-25 13:53:24.249,0.774,-0.329,0.492
2023-05-25 13:53:24.269,0.771,-0.362,0.482
2023-05-25 13:53:24.289,0.747,-0.391,0.481
2023-05-25 13:53:24.309,0.723,-0.432,0.494
2023-05-25 13:53:24.329,0.718,-0.492,0.511
2023-05-25 13:53:24.349,0.748,-0.564,0.526
2023-05-25 13:53:24.369,0.784,-0.605,0.52
2023-05-25 13:53:24.389,0.738,-0.589,0.502
2023-05-25 13:53:24.409,0.668,-0.557,0.487
2023-05-25 13:53:24.429,0.618,-0.537,0.477
2023-05-25 13:53:24.449,0.6,-0.535,0.489
2023-05-25 13:53:24.469,0.621,-0.539,0.519
2023-05-25 13:53:24.489,0.632,-0.537,0.553
2023-05-25 13:53:24.509,0.64,-0.5,0.578
2023-05-25 13:53:24.529,0.625,-0.47,0.594
2023-05-25 13:53:24.549,0.612,-0.471,0.606
2023-05-25 13:53:24.569,0.614,-0.494,0.6
2023-05-25 13:53:24.589,0.646,-0.512,0.58
2023-05-25 13:53:24.609,0.764,-0.56,0.555
2023-05-25 13:53:24.629,0.902,-0.565,0.534
2023-05-25 13:53:24.649,1.048,-0.543,0.554
2023-05-25 13:53:24.669,1.026,-0.528,0.526
2023-05-25 13:53:24.689,0.956,-0.542,0.546
2023-05-25 13:53:24.709,0.895,-0.514,0.579
2023-05-25 13:53:24.729,0.793,-0.457,0.506
2023-05-25 13:53:24.749,0.746,-0.476,0.363
2023-05-25 13:53:24.769,0.791,-0.551,0.256
2023-05-25 13:53:24.789,0.845,-0.585,0.258
2023-05-25 13:53:24.809,0.771,-0.478,0.215
2023-05-25 13:53:24.829,0.761,-0.476,0.169
2023-05-25 13:53:24.849,0.794,-0.517,0.167
2023-05-25 13:53:24.869,0.791,-0.475,0.153
2023-05-25 13:53:24.889,0.806,-0.436,0.166
2023-05-25 13:53:24.909,0.89,-0.464,0.212
2023-05-25 13:53:24.929,0.972,-0.452,0.25
2023-05-25 13:53:24.949,0.954,-0.371,0.246
2023-05-25 13:53:24.969,0.96,-0.327,0.264
2023-05-25 13:53:24.989,0.931,-0.239,0.261
2023-05-25 13:53:25.009,0.927,-0.17,0.264
2023-05-25 13:53:25.029,0.97,-0.158,0.29
2023-05-25 13:53:25.049,1.013,-0.171,0.324
2023-05-25 13:53:25.069,0.991,-0.219,0.332
2023-05-25 13:53:25.089,0.955,-0.286,0.342
2023-05-25 13:53:25.109,0.919,-0.359,0.35
2023-05-25 13:53:25.129,0.898,-0.409,0.353
2023-05-25 13:53:25.149,0.88,-0.43,0.341
2023-05-25 13:53:25.169,0.818,-0.475,0.299
2023-05-25 13:53:25.189,0.704,-0.498,0.25
2023-05-25 13:53:25.209,0.637,-0.488,0.169
2023-05-25 13:53:25.229,0.688,-0.561,0.099
2023-05-25 13:53:25.249,0.937,-0.679,0.138
2023-05-25 13:53:25.269,1.079,-0.625,0.208
2023-05-25 13:53:25.289,0.938,-0.413,0.293
2023-05-25 13:53:25.309,0.76,-0.337,0.392
2023-05-25 13:53:25.329,0.767,-0.406,0.484
2023-05-25 13:53:25.349,0.783,-0.383,0.523
2023-05-25 13:53:25.369,0.846,-0.357,0.546
2023-05-25 13:53:25.389,0.909,-0.368,0.538
2023-05-25 13:53:25.409,0.901,-0.402,0.546
2023-05-25 13:53:25.429,0.775,-0.418,0.598
2023-05-25 13:53:25.449,0.674,-0.376,0.631
2023-05-25 13:53:25.469,0.661,-0.335,0.639
2023-05-25 13:53:25.489,0.662,-0.302,0.634
2023-05-25 13:53:25.509,0.61,-0.268,0.664
2023-05-25 13:53:25.529,0.638,-0.306,0.688
2023-05-25 13:53:25.549,0.892,-0.417,0.7
2023-05-25 13:53:25.569,0.947,-0.507,0.512
2023-05-25 13:53:25.589,1.183,-0.792,0.435
2023-05-25 13:53:25.609,1.423,-0.793,0.659
2023-05-25 13:53:25.629,0.719,-0.249,0.316
2023-05-25 13:53:25.649,0.751,-0.206,0.123
2023-05-25 13:53:25.669,1.181,-0.372,0.201
2023-05-25 13:53:25.689,0.964,-0.308,0.08
2023-05-25 13:53:25.709,0.749,-0.366,0.027
2023-05-25 13:53:25.729,0.65,-0.506,0.029
2023-05-25 13:53:25.749,0.638,-0.606,0.032
2023-05-25 13:53:25.769,0.737,-0.628,0.065
2023-05-25 13:53:25.789,0.93,-0.633,0.142
2023-05-25 13:53:25.809,1.043,-0.59,0.179
2023-05-25 13:53:25.829,1.063,-0.456,0.168
2023-05-25 13:53:25.849,0.996,-0.329,0.108
2023-05-25 13:53:25.869,0.943,-0.296,0.087
2023-05-25 13:53:25.889,0.896,-0.266,0.082
2023-05-25 13:53:25.909,0.952,-0.26,0.105
2023-05-25 13:53:25.929,1.005,-0.307,0.129
2023-05-25 13:53:25.949,0.989,-0.401,0.149
2023-05-25 13:53:25.969,0.966,-0.455,0.176
2023-05-25 13:53:25.989,0.953,-0.476,0.207
2023-05-25 13:53:26.009,0.881,-0.448,0.207
2023-05-25 13:53:26.029,0.832,-0.426,0.227
2023-05-25 13:53:26.049,0.841,-0.466,0.244
2023-05-25 13:53:26.069,0.863,-0.553,0.19
2023-05-25 13:53:26.089,0.8,-0.614,0.122
2023-05-25 13:53:26.109,0.626,-0.533,0.075
2023-05-25 13:53:26.129,0.554,-0.471,0.19
2023-05-25 13:53:26.149,0.608,-0.428,0.415
2023-05-25 13:53:26.169,0.785,-0.49,0.613
2023-05-25 13:53:26.189,0.86,-0.61,0.634
2023-05-25 13:53:26.209,0.727,-0.539,0.526
2023-05-25 13:53:26.229,0.806,-0.495,0.461
2023-05-25 13:53:26.249,0.887,-0.573,0.517
2023-05-25 13:53:26.269,0.701,-0.476,0.504
2023-05-25 13:53:26.289,0.689,-0.401,0.531
2023-05-25 13:53:26.309,0.74,-0.361,0.568
2023-05-25 13:53:26.329,0.678,-0.333,0.548
2023-05-25 13:53:26.349,0.633,-0.37,0.535
2023-05-25 13:53:26.369,0.626,-0.468,0.543
2023-05-25 13:53:26.389,0.653,-0.553,0.572
2023-05-25 13:53:26.409,0.663,-0.577,0.617
2023-05-25 13:53:26.429,0.655,-0.549,0.616
2023-05-25 13:53:26.449,0.661,-0.501,0.542
2023-05-25 13:53:26.469,0.779,-0.503,0.484
2023-05-25 13:53:26.489,1.03,-0.52,0.561
2023-05-25 13:53:26.509,1.125,-0.545,0.564
2023-05-25 13:53:26.529,0.979,-0.582,0.522
2023-05-25 13:53:26.549,0.775,-0.658,0.445
2023-05-25 13:53:26.569,0.76,-0.709,0.412
2023-05-25 13:53:26.589,0.693,-0.637,0.359
2023-05-25 13:53:26.609,0.74,-0.6,0.333
2023-05-25 13:53:26.629,0.84,-0.625,0.345
2023-05-25 13:53:26.649,0.784,-0.526,0.277
2023-05-25 13:53:26.669,0.714,-0.46,0.21
2023-05-25 13:53:26.689,0.753,-0.501,0.205
2023-05-25 13:53:26.709,0.757,-0.497,0.183
2023-05-25 13:53:26.729,0.752,-0.475,0.173
2023-05-25 13:53:26.749,0.876,-0.457,0.226
2023-05-25 13:53:26.769,0.918,-0.367,0.254
2023-05-25 13:53:26.789,0.896,-0.307,0.279
2023-05-25 13:53:26.809,0.901,-0.339,0.274
2023-05-25 13:53:26.829,0.908,-0.385,0.289
2023-05-25 13:53:26.849,0.936,-0.418,0.338
2023-05-25 13:53:26.869,0.948,-0.445,0.388
2023-05-25 13:53:26.889,0.933,-0.47,0.402
2023-05-25 13:53:26.909,0.882,-0.446,0.385
2023-05-25 13:53:26.929,0.859,-0.412,0.375
2023-05-25 13:53:26.949,0.821,-0.412,0.367
2023-05-25 13:53:26.969,0.778,-0.441,0.344
2023-05-25 13:53:26.989,0.782,-0.473,0.346
2023-05-25 13:53:27.009,0.8,-0.489,0.354
2023-05-25 13:53:27.029,0.826,-0.49,0.344
