1721762767280,2024-07-23T14:26:07.280,0.0,0.475,0.462,0.651
1721762767300,2024-07-23T14:26:07.300,0.02,0.529,0.419,0.667
1721762767320,2024-07-23T14:26:07.320,0.04,0.549,0.401,0.622
1721762767340,2024-07-23T14:26:07.340,0.06,0.578,0.424,0.611
1721762767360,2024-07-23T14:26:07.360,0.08,0.565,0.449,0.635
1721762767380,2024-07-23T14:26:07.380,0.1,0.521,0.444,0.676
1721762767400,2024-07-23T14:26:07.400,0.12,0.536,0.432,0.719
1721762767420,2024-07-23T14:26:07.420,0.14,0.576,0.426,0.726
1721762767440,2024-07-23T14:26:07.440,0.16,0.569,0.421,0.714
1721762767460,2024-07-23T14:26:07.460,0.18,0.54,0.421,0.708
1721762767480,2024-07-23T14:26:07.480,0.2,0.532,0.418,0.705
1721762767500,2024-07-23T14:26:07.500,0.22,0.525,0.409,0.694
1721762767520,2024-07-23T14:26:07.520,0.24,0.498,0.404,0.694
1721762767540,2024-07-23T14:26:07.540,0.26,0.504,0.398,0.704
1721762767560,2024-07-23T14:26:07.560,0.28,0.511,0.388,0.697
1721762767580,2024-07-23T14:26:07.580,0.3,0.518,0.387,0.688
1721762767600,2024-07-23T14:26:07.600,0.32,0.553,0.39,0.692
1721762767620,2024-07-23T14:26:07.620,0.34,0.544,0.397,0.706
1721762767640,2024-07-23T14:26:07.640,0.36,0.544,0.391,0.699
1721762767660,2024-07-23T14:26:07.660,0.38,0.536,0.405,0.705
1721762767680,2024-07-23T14:26:07.680,0.4,0.525,0.384,0.678
1721762767700,2024-07-23T14:26:07.700,0.42,0.652,0.378,0.641
1721762767720,2024-07-23T14:26:07.720,0.44,0.618,0.399,0.586
1721762767740,2024-07-23T14:26:07.740,0.46,0.615,0.386,0.534
1721762767760,2024-07-23T14:26:07.760,0.48,0.622,0.4,0.525
1721762767780,2024-07-23T14:26:07.780,0.5,0.584,0.436,0.557
1721762767800,2024-07-23T14:26:07.800,0.52,0.692,0.434,0.641
1721762767820,2024-07-23T14:26:07.820,0.54,0.761,0.467,0.767
1721762767840,2024-07-23T14:26:07.840,0.56,0.829,0.538,0.79
1721762767860,2024-07-23T14:26:07.860,0.58,0.785,0.589,0.723
1721762767880,2024-07-23T14:26:07.880,0.6,0.693,0.571,0.7
1721762767900,2024-07-23T14:26:07.900,0.62,0.68,0.539,0.766
1721762767920,2024-07-23T14:26:07.920,0.64,0.711,0.505,0.793
1721762767940,2024-07-23T14:26:07.940,0.66,0.705,0.424,0.717
1721762767960,2024-07-23T14:26:07.960,0.68,0.674,0.39,0.626
1721762767980,2024-07-23T14:26:07.980,0.7,0.715,0.35,0.561
1721762768000,2024-07-23T14:26:08.000,0.72,0.763,0.336,0.515
1721762768020,2024-07-23T14:26:08.020,0.74,0.764,0.352,0.475
1721762768040,2024-07-23T14:26:08.040,0.76,0.75,0.372,0.444
1721762768060,2024-07-23T14:26:08.060,0.78,0.726,0.367,0.436
1721762768080,2024-07-23T14:26:08.080,0.8,0.719,0.368,0.425
1721762768100,2024-07-23T14:26:08.100,0.82,0.736,0.384,0.424
1721762768120,2024-07-23T14:26:08.120,0.84,0.777,0.435,0.494
1721762768140,2024-07-23T14:26:08.140,0.86,0.712,0.519,0.602
1721762768160,2024-07-23T14:26:08.160,0.88,0.653,0.517,0.67
1721762768180,2024-07-23T14:26:08.180,0.9,0.705,0.492,0.689
1721762768200,2024-07-23T14:26:08.200,0.92,0.749,0.527,0.725
1721762768220,2024-07-23T14:26:08.220,0.94,0.625,0.562,0.722
1721762768240,2024-07-23T14:26:08.240,0.96,0.558,0.547,0.71
1721762768260,2024-07-23T14:26:08.260,0.98,0.503,0.547,0.678
1721762768280,2024-07-23T14:26:08.280,1.0,0.45,0.587,0.595
1721762768300,2024-07-23T14:26:08.300,1.02,0.422,0.621,0.534
1721762768320,2024-07-23T14:26:08.320,1.04,0.309,0.683,0.463
1721762768340,2024-07-23T14:26:08.340,1.06,0.301,0.724,0.349
1721762768360,2024-07-23T14:26:08.360,1.08,0.482,0.68,0.306
1721762768380,2024-07-23T14:26:08.380,1.1,0.453,0.711,0.426
1721762768400,2024-07-23T14:26:08.400,1.12,0.363,0.795,0.535
1721762768420,2024-07-23T14:26:08.420,1.14,0.486,0.835,0.467
1721762768440,2024-07-23T14:26:08.440,1.16,0.676,0.871,0.398
1721762768460,2024-07-23T14:26:08.460,1.18,0.735,0.898,0.68
1721762768480,2024-07-23T14:26:08.480,1.2,0.746,0.928,0.87
1721762768500,2024-07-23T14:26:08.500,1.22,0.718,0.892,0.866
1721762768520,2024-07-23T14:26:08.520,1.24,0.69,0.791,0.743
1721762768540,2024-07-23T14:26:08.540,1.26,0.615,0.71,0.637
1721762768560,2024-07-23T14:26:08.560,1.28,0.551,0.675,0.659
1721762768580,2024-07-23T14:26:08.580,1.3,0.538,0.61,0.704
1721762768600,2024-07-23T14:26:08.600,1.32,0.53,0.529,0.63
1721762768620,2024-07-23T14:26:08.620,1.34,0.58,0.495,0.583
1721762768640,2024-07-23T14:26:08.640,1.36,0.567,0.533,0.641
1721762768660,2024-07-23T14:26:08.660,1.38,0.512,0.57,0.7
1721762768680,2024-07-23T14:26:08.680,1.4,0.457,0.516,0.723
1721762768700,2024-07-23T14:26:08.700,1.42,0.388,0.5,0.705
1721762768720,2024-07-23T14:26:08.720,1.44,0.319,0.497,0.677
1721762768740,2024-07-23T14:26:08.740,1.46,0.285,0.482,0.657
1721762768760,2024-07-23T14:26:08.760,1.48,0.288,0.476,0.644
1721762768780,2024-07-23T14:26:08.780,1.5,0.278,0.471,0.64
1721762768800,2024-07-23T14:26:08.800,1.52,0.225,0.492,0.646
1721762768820,2024-07-23T14:26:08.820,1.54,0.168,0.531,0.644
1721762768840,2024-07-23T14:26:08.840,1.56,0.153,0.553,0.6
1721762768860,2024-07-23T14:26:08.860,1.58,0.194,0.561,0.57
1721762768880,2024-07-23T14:26:08.880,1.6,0.295,0.573,0.605
1721762768900,2024-07-23T14:26:08.900,1.62,0.343,0.59,0.654
1721762768920,2024-07-23T14:26:08.920,1.64,0.354,0.609,0.684
1721762768940,2024-07-23T14:26:08.940,1.66,0.332,0.619,0.696
1721762768960,2024-07-23T14:26:08.960,1.68,0.328,0.623,0.7
1721762768980,2024-07-23T14:26:08.980,1.7,0.33,0.608,0.672
1721762769000,2024-07-23T14:26:09.000,1.72,0.299,0.587,0.646
1721762769020,2024-07-23T14:26:09.020,1.74,0.274,0.574,0.664
1721762769040,2024-07-23T14:26:09.040,1.76,0.263,0.565,0.687
1721762769060,2024-07-23T14:26:09.060,1.78,0.305,0.587,0.687
1721762769080,2024-07-23T14:26:09.080,1.8,0.314,0.604,0.68
1721762769100,2024-07-23T14:26:09.100,1.82,0.324,0.616,0.683
1721762769120,2024-07-23T14:26:09.120,1.84,0.359,0.633,0.691
1721762769140,2024-07-23T14:26:09.140,1.86,0.413,0.669,0.735
1721762769160,2024-07-23T14:26:09.160,1.88,0.544,0.767,0.818
1721762769180,2024-07-23T14:26:09.180,1.9,0.55,0.841,0.778
1721762769200,2024-07-23T14:26:09.200,1.92,0.421,0.818,0.66
1721762769220,2024-07-23T14:26:09.220,1.94,0.401,0.733,0.612
1721762769240,2024-07-23T14:26:09.240,1.96,0.398,0.664,0.635
1721762769260,2024-07-23T14:26:09.260,1.98,0.36,0.612,0.672
1721762769280,2024-07-23T14:26:09.280,2.0,0.357,0.546,0.687
1721762769300,2024-07-23T14:26:09.300,2.02,0.333,0.496,0.683
1721762769320,2024-07-23T14:26:09.320,2.04,0.338,0.477,0.688
1721762769340,2024-07-23T14:26:09.340,2.06,0.343,0.473,0.699
1721762769360,2024-07-23T14:26:09.360,2.08,0.367,0.455,0.702
1721762769380,2024-07-23T14:26:09.380,2.1,0.411,0.441,0.692
1721762769400,2024-07-23T14:26:09.400,2.12,0.434,0.449,0.692
1721762769420,2024-07-23T14:26:09.420,2.14,0.456,0.47,0.69
1721762769440,2024-07-23T14:26:09.440,2.16,0.481,0.477,0.686
1721762769460,2024-07-23T14:26:09.460,2.18,0.517,0.488,0.668
1721762769480,2024-07-23T14:26:09.480,2.2,0.569,0.508,0.635
1721762769500,2024-07-23T14:26:09.500,2.22,0.594,0.534,0.606
1721762769520,2024-07-23T14:26:09.520,2.24,0.604,0.561,0.61
1721762769540,2024-07-23T14:26:09.540,2.26,0.659,0.565,0.666
1721762769560,2024-07-23T14:26:09.560,2.28,0.657,0.574,0.758
1721762769580,2024-07-23T14:26:09.580,2.3,0.752,0.596,0.78
1721762769600,2024-07-23T14:26:09.600,2.32,0.884,0.565,0.709
1721762769620,2024-07-23T14:26:09.620,2.34,0.807,0.543,0.712
1721762769640,2024-07-23T14:26:09.640,2.36,0.779,0.478,0.778
1721762769660,2024-07-23T14:26:09.660,2.38,0.783,0.399,0.793
1721762769680,2024-07-23T14:26:09.680,2.4,0.74,0.359,0.678
1721762769700,2024-07-23T14:26:09.700,2.42,0.681,0.318,0.518
1721762769720,2024-07-23T14:26:09.720,2.44,0.667,0.288,0.448
1721762769740,2024-07-23T14:26:09.740,2.46,0.699,0.28,0.456
1721762769760,2024-07-23T14:26:09.760,2.48,0.74,0.292,0.476
1721762769780,2024-07-23T14:26:09.780,2.5,0.814,0.309,0.507
1721762769800,2024-07-23T14:26:09.800,2.52,0.831,0.301,0.501
1721762769820,2024-07-23T14:26:09.820,2.54,0.808,0.302,0.485
1721762769840,2024-07-23T14:26:09.840,2.56,0.816,0.308,0.51
1721762769860,2024-07-23T14:26:09.860,2.58,0.843,0.328,0.544
1721762769880,2024-07-23T14:26:09.880,2.6,0.839,0.326,0.506
1721762769900,2024-07-23T14:26:09.900,2.62,0.803,0.335,0.454
1721762769920,2024-07-23T14:26:09.920,2.64,0.777,0.349,0.438
1721762769940,2024-07-23T14:26:09.940,2.66,0.781,0.332,0.449
1721762769960,2024-07-23T14:26:09.960,2.68,0.774,0.322,0.455
1721762769980,2024-07-23T14:26:09.980,2.7,0.751,0.305,0.433
1721762770000,2024-07-23T14:26:10.000,2.72,0.779,0.282,0.447
1721762770020,2024-07-23T14:26:10.020,2.74,0.864,0.265,0.534
1721762770040,2024-07-23T14:26:10.040,2.76,0.845,0.257,0.612
1721762770060,2024-07-23T14:26:10.060,2.78,0.823,0.288,0.647
1721762770080,2024-07-23T14:26:10.080,2.8,0.782,0.283,0.599
1721762770100,2024-07-23T14:26:10.100,2.82,0.732,0.314,0.584
1721762770120,2024-07-23T14:26:10.120,2.84,0.757,0.368,0.673
1721762770140,2024-07-23T14:26:10.140,2.86,0.777,0.386,0.698
1721762770160,2024-07-23T14:26:10.160,2.88,0.776,0.409,0.705
1721762770180,2024-07-23T14:26:10.180,2.9,0.764,0.447,0.742
1721762770200,2024-07-23T14:26:10.200,2.92,0.711,0.45,0.727
1721762770220,2024-07-23T14:26:10.220,2.94,0.62,0.453,0.674
1721762770240,2024-07-23T14:26:10.240,2.96,0.545,0.525,0.646
1721762770260,2024-07-23T14:26:10.260,2.98,0.51,0.578,0.622
1721762770280,2024-07-23T14:26:10.280,3.0,0.514,0.587,0.601
1721762770300,2024-07-23T14:26:10.300,3.02,0.518,0.621,0.59
1721762770320,2024-07-23T14:26:10.320,3.04,0.487,0.647,0.594
1721762770340,2024-07-23T14:26:10.340,3.06,0.472,0.638,0.605
1721762770360,2024-07-23T14:26:10.360,3.08,0.461,0.624,0.578
1721762770380,2024-07-23T14:26:10.380,3.1,0.491,0.605,0.549
1721762770400,2024-07-23T14:26:10.400,3.12,0.552,0.637,0.57
1721762770420,2024-07-23T14:26:10.420,3.14,0.575,0.653,0.606
1721762770440,2024-07-23T14:26:10.440,3.16,0.559,0.634,0.646
1721762770460,2024-07-23T14:26:10.460,3.18,0.586,0.619,0.661
1721762770480,2024-07-23T14:26:10.480,3.2,0.628,0.584,0.636
1721762770500,2024-07-23T14:26:10.500,3.22,0.589,0.598,0.638
1721762770520,2024-07-23T14:26:10.520,3.24,0.463,0.636,0.687
1721762770540,2024-07-23T14:26:10.540,3.26,0.449,0.562,0.75
1721762770560,2024-07-23T14:26:10.560,3.28,0.505,0.506,0.76
1721762770580,2024-07-23T14:26:10.580,3.3,0.424,0.489,0.769
1721762770600,2024-07-23T14:26:10.600,3.32,0.392,0.451,0.752
1721762770620,2024-07-23T14:26:10.620,3.34,0.407,0.435,0.709
1721762770640,2024-07-23T14:26:10.640,3.36,0.371,0.431,0.675
1721762770660,2024-07-23T14:26:10.660,3.38,0.374,0.402,0.672
1721762770680,2024-07-23T14:26:10.680,3.4,0.397,0.39,0.673
1721762770700,2024-07-23T14:26:10.700,3.42,0.382,0.385,0.691
1721762770720,2024-07-23T14:26:10.720,3.44,0.377,0.377,0.702
1721762770740,2024-07-23T14:26:10.740,3.46,0.382,0.386,0.703
1721762770760,2024-07-23T14:26:10.760,3.48,0.393,0.398,0.69
1721762770780,2024-07-23T14:26:10.780,3.5,0.405,0.405,0.677
1721762770800,2024-07-23T14:26:10.800,3.52,0.399,0.416,0.673
1721762770820,2024-07-23T14:26:10.820,3.54,0.379,0.406,0.685
1721762770840,2024-07-23T14:26:10.840,3.56,0.408,0.403,0.699
1721762770860,2024-07-23T14:26:10.860,3.58,0.456,0.431,0.722
1721762770880,2024-07-23T14:26:10.880,3.6,0.433,0.428,0.713
1721762770900,2024-07-23T14:26:10.900,3.62,0.365,0.404,0.68
1721762770920,2024-07-23T14:26:10.920,3.64,0.42,0.423,0.672
1721762770940,2024-07-23T14:26:10.940,3.66,0.442,0.473,0.694
1721762770960,2024-07-23T14:26:10.960,3.68,0.386,0.52,0.725
1721762770980,2024-07-23T14:26:10.980,3.7,0.457,0.532,0.734
1721762771000,2024-07-23T14:26:11.000,3.72,0.482,0.514,0.722
1721762771020,2024-07-23T14:26:11.020,3.74,0.41,0.559,0.713
1721762771040,2024-07-23T14:26:11.040,3.76,0.443,0.607,0.738
1721762771060,2024-07-23T14:26:11.060,3.78,0.518,0.593,0.723
1721762771080,2024-07-23T14:26:11.080,3.8,0.55,0.57,0.703
1721762771100,2024-07-23T14:26:11.100,3.82,0.429,0.551,0.684
1721762771120,2024-07-23T14:26:11.120,3.84,0.381,0.525,0.682
1721762771140,2024-07-23T14:26:11.140,3.86,0.464,0.489,0.677
1721762771160,2024-07-23T14:26:11.160,3.88,0.546,0.453,0.682
1721762771180,2024-07-23T14:26:11.180,3.9,0.535,0.428,0.686
1721762771200,2024-07-23T14:26:11.200,3.92,0.551,0.418,0.646
1721762771220,2024-07-23T14:26:11.220,3.94,0.573,0.426,0.588
1721762771240,2024-07-23T14:26:11.240,3.96,0.604,0.453,0.573
1721762771260,2024-07-23T14:26:11.260,3.98,0.648,0.48,0.59
1721762771280,2024-07-23T14:26:11.280,4.0,0.672,0.477,0.543
1721762771300,2024-07-23T14:26:11.300,4.02,0.709,0.489,0.419
1721762771320,2024-07-23T14:26:11.320,4.04,0.725,0.561,0.358
1721762771340,2024-07-23T14:26:11.340,4.06,0.598,0.718,0.507
1721762771360,2024-07-23T14:26:11.360,4.08,0.567,0.82,0.832
1721762771380,2024-07-23T14:26:11.380,4.1,0.913,0.81,1.012
1721762771400,2024-07-23T14:26:11.400,4.12,1.185,0.825,0.933
1721762771420,2024-07-23T14:26:11.420,4.14,1.016,0.807,0.774
1721762771440,2024-07-23T14:26:11.440,4.16,0.836,0.625,0.68
1721762771460,2024-07-23T14:26:11.460,4.18,0.772,0.49,0.596
1721762771480,2024-07-23T14:26:11.480,4.2,0.772,0.451,0.459
1721762771500,2024-07-23T14:26:11.500,4.22,0.668,0.421,0.363
1721762771520,2024-07-23T14:26:11.520,4.24,0.542,0.372,0.296
1721762771540,2024-07-23T14:26:11.540,4.26,0.545,0.356,0.278
1721762771560,2024-07-23T14:26:11.560,4.28,0.561,0.408,0.291
1721762771580,2024-07-23T14:26:11.580,4.3,0.766,0.379,0.354
1721762771600,2024-07-23T14:26:11.600,4.32,0.811,0.346,0.391
1721762771620,2024-07-23T14:26:11.620,4.34,0.756,0.362,0.426
1721762771640,2024-07-23T14:26:11.640,4.36,0.787,0.344,0.448
1721762771660,2024-07-23T14:26:11.660,4.38,0.858,0.334,0.428
1721762771680,2024-07-23T14:26:11.680,4.4,0.921,0.347,0.417
1721762771700,2024-07-23T14:26:11.700,4.42,0.931,0.371,0.445
1721762771720,2024-07-23T14:26:11.720,4.44,0.945,0.379,0.497
1721762771740,2024-07-23T14:26:11.740,4.46,0.961,0.385,0.492
1721762771760,2024-07-23T14:26:11.760,4.48,0.94,0.357,0.427
1721762771780,2024-07-23T14:26:11.780,4.5,0.927,0.332,0.341
1721762771800,2024-07-23T14:26:11.800,4.52,0.893,0.326,0.303
1721762771820,2024-07-23T14:26:11.820,4.54,0.853,0.334,0.307
1721762771840,2024-07-23T14:26:11.840,4.56,0.84,0.37,0.319
1721762771860,2024-07-23T14:26:11.860,4.58,0.818,0.385,0.34
1721762771880,2024-07-23T14:26:11.880,4.6,0.798,0.41,0.344
1721762771900,2024-07-23T14:26:11.900,4.62,0.79,0.429,0.359
1721762771920,2024-07-23T14:26:11.920,4.64,0.798,0.467,0.419
1721762771940,2024-07-23T14:26:11.940,4.66,0.816,0.495,0.516
1721762771960,2024-07-23T14:26:11.960,4.68,0.758,0.509,0.555
1721762771980,2024-07-23T14:26:11.980,4.7,0.684,0.534,0.515
1721762772000,2024-07-23T14:26:12.000,4.72,0.64,0.547,0.489
1721762772020,2024-07-23T14:26:12.020,4.74,0.639,0.566,0.484
1721762772040,2024-07-23T14:26:12.040,4.76,0.646,0.597,0.5
1721762772060,2024-07-23T14:26:12.060,4.78,0.635,0.591,0.492
1721762772080,2024-07-23T14:26:12.080,4.8,0.618,0.59,0.47
1721762772100,2024-07-23T14:26:12.100,4.82,0.617,0.604,0.483
1721762772120,2024-07-23T14:26:12.120,4.84,0.627,0.622,0.492
1721762772140,2024-07-23T14:26:12.140,4.86,0.638,0.629,0.467
1721762772160,2024-07-23T14:26:12.160,4.88,0.647,0.648,0.473
1721762772180,2024-07-23T14:26:12.180,4.9,0.638,0.653,0.473
1721762772200,2024-07-23T14:26:12.200,4.92,0.674,0.636,0.505
1721762772220,2024-07-23T14:26:12.220,4.94,0.747,0.647,0.555
1721762772240,2024-07-23T14:26:12.240,4.96,0.763,0.628,0.544
1721762772260,2024-07-23T14:26:12.260,4.98,0.76,0.551,0.482
1721762772280,2024-07-23T14:26:12.280,5.0,0.735,0.514,0.423
1721762772300,2024-07-23T14:26:12.300,5.02,0.751,0.52,0.508
1721762772320,2024-07-23T14:26:12.320,5.04,0.81,0.521,0.608
1721762772340,2024-07-23T14:26:12.340,5.06,0.729,0.514,0.572
1721762772360,2024-07-23T14:26:12.360,5.08,0.675,0.492,0.521
1721762772380,2024-07-23T14:26:12.380,5.1,0.709,0.481,0.513
1721762772400,2024-07-23T14:26:12.400,5.12,0.774,0.463,0.511
1721762772420,2024-07-23T14:26:12.420,5.14,0.766,0.47,0.503
1721762772440,2024-07-23T14:26:12.440,5.16,0.69,0.481,0.516
1721762772460,2024-07-23T14:26:12.460,5.18,0.632,0.477,0.51
1721762772480,2024-07-23T14:26:12.480,5.2,0.654,0.46,0.502
1721762772500,2024-07-23T14:26:12.500,5.22,0.642,0.455,0.534
1721762772520,2024-07-23T14:26:12.520,5.24,0.669,0.457,0.603
1721762772540,2024-07-23T14:26:12.540,5.26,0.744,0.452,0.624
1721762772560,2024-07-23T14:26:12.560,5.28,0.814,0.432,0.669
1721762772580,2024-07-23T14:26:12.580,5.3,0.704,0.381,0.783
1721762772600,2024-07-23T14:26:12.600,5.32,0.737,0.453,0.951
1721762772620,2024-07-23T14:26:12.620,5.34,0.8,0.352,0.914
1721762772640,2024-07-23T14:26:12.640,5.36,0.598,0.325,0.728
1721762772660,2024-07-23T14:26:12.660,5.38,0.526,0.27,0.592
1721762772680,2024-07-23T14:26:12.680,5.4,0.545,0.074,0.495
1721762772700,2024-07-23T14:26:12.700,5.42,0.693,0.134,0.502
1721762772720,2024-07-23T14:26:12.720,5.44,0.862,0.039,0.49
1721762772740,2024-07-23T14:26:12.740,5.46,0.923,-0.035,0.396
1721762772760,2024-07-23T14:26:12.760,5.48,1.034,-0.052,0.299
1721762772780,2024-07-23T14:26:12.780,5.5,0.981,-0.17,0.323
1721762772800,2024-07-23T14:26:12.800,5.52,0.984,-0.178,0.368
1721762772820,2024-07-23T14:26:12.820,5.54,1.009,-0.169,0.389
1721762772840,2024-07-23T14:26:12.840,5.56,0.886,-0.2,0.435
1721762772860,2024-07-23T14:26:12.860,5.58,0.843,-0.206,0.464
1721762772880,2024-07-23T14:26:12.880,5.6,0.854,-0.243,0.451
1721762772900,2024-07-23T14:26:12.900,5.62,0.798,-0.215,0.386
1721762772920,2024-07-23T14:26:12.920,5.64,0.836,-0.209,0.399
1721762772940,2024-07-23T14:26:12.940,5.66,0.666,-0.105,0.404
1721762772960,2024-07-23T14:26:12.960,5.68,0.588,0.107,0.553
1721762772980,2024-07-23T14:26:12.980,5.7,1.032,-0.212,0.514
1721762773000,2024-07-23T14:26:13.000,5.72,1.325,-0.352,0.474
1721762773020,2024-07-23T14:26:13.020,5.74,0.986,-0.36,0.473
1721762773040,2024-07-23T14:26:13.040,5.76,0.602,-0.252,0.461
1721762773060,2024-07-23T14:26:13.060,5.78,0.805,-0.225,0.357
1721762773080,2024-07-23T14:26:13.080,5.8,1.093,-0.382,0.305
1721762773100,2024-07-23T14:26:13.100,5.82,0.785,-0.419,0.191
1721762773120,2024-07-23T14:26:13.120,5.84,0.451,-0.435,-0.031
1721762773140,2024-07-23T14:26:13.140,5.86,0.488,-0.473,-0.198
1721762773160,2024-07-23T14:26:13.160,5.88,0.548,-0.506,-0.285
1721762773180,2024-07-23T14:26:13.180,5.9,0.59,-0.492,-0.279
1721762773200,2024-07-23T14:26:13.200,5.92,0.572,-0.429,-0.195
1721762773220,2024-07-23T14:26:13.220,5.94,0.848,-0.481,-0.089
1721762773240,2024-07-23T14:26:13.240,5.96,0.492,-0.384,-0.079
1721762773260,2024-07-23T14:26:13.260,5.98,0.421,-0.361,-0.048
1721762773280,2024-07-23T14:26:13.280,6.0,0.371,-0.425,-0.132
1721762773300,2024-07-23T14:26:13.300,6.02,0.224,-0.357,-0.44
1721762773320,2024-07-23T14:26:13.320,6.04,0.796,-0.326,-0.25
1721762773340,2024-07-23T14:26:13.340,6.06,1.151,-0.475,0.116
1721762773360,2024-07-23T14:26:13.360,6.08,0.921,-0.49,0.084
1721762773380,2024-07-23T14:26:13.380,6.1,0.948,-0.447,0.0
1721762773400,2024-07-23T14:26:13.400,6.12,1.033,-0.472,-0.042
1721762773420,2024-07-23T14:26:13.420,6.14,0.996,-0.458,0.009
1721762773440,2024-07-23T14:26:13.440,6.16,0.885,-0.421,0.087
1721762773460,2024-07-23T14:26:13.460,6.18,0.958,-0.4,0.154
1721762773480,2024-07-23T14:26:13.480,6.2,1.094,-0.387,0.174
1721762773500,2024-07-23T14:26:13.500,6.22,1.018,-0.374,0.161
1721762773520,2024-07-23T14:26:13.520,6.24,0.875,-0.326,0.222
1721762773540,2024-07-23T14:26:13.540,6.26,0.975,-0.275,0.287
1721762773560,2024-07-23T14:26:13.560,6.28,1.113,-0.277,0.149
1721762773580,2024-07-23T14:26:13.580,6.3,0.951,-0.317,-0.091
1721762773600,2024-07-23T14:26:13.600,6.32,0.766,-0.267,-0.207
1721762773620,2024-07-23T14:26:13.620,6.34,0.803,-0.243,-0.14
1721762773640,2024-07-23T14:26:13.640,6.36,1.012,-0.293,0.108
1721762773660,2024-07-23T14:26:13.660,6.38,1.281,-0.328,0.571
1721762773680,2024-07-23T14:26:13.680,6.4,0.83,-0.269,0.69
1721762773700,2024-07-23T14:26:13.700,6.42,0.5,-0.128,0.69
1721762773720,2024-07-23T14:26:13.720,6.44,0.58,-0.104,0.686
1721762773740,2024-07-23T14:26:13.740,6.46,0.854,-0.091,0.709
1721762773760,2024-07-23T14:26:13.760,6.48,0.977,-0.152,0.688
1721762773780,2024-07-23T14:26:13.780,6.5,0.885,-0.228,0.496
1721762773800,2024-07-23T14:26:13.800,6.52,0.856,-0.273,0.398
1721762773820,2024-07-23T14:26:13.820,6.54,0.945,-0.309,0.394
1721762773840,2024-07-23T14:26:13.840,6.56,0.929,-0.295,0.38
1721762773860,2024-07-23T14:26:13.860,6.58,0.934,-0.288,0.394
1721762773880,2024-07-23T14:26:13.880,6.6,0.898,-0.272,0.4
1721762773900,2024-07-23T14:26:13.900,6.62,0.861,-0.203,0.49
1721762773920,2024-07-23T14:26:13.920,6.64,0.868,-0.165,0.556
1721762773940,2024-07-23T14:26:13.940,6.66,0.894,-0.134,0.598
1721762773960,2024-07-23T14:26:13.960,6.68,0.845,-0.109,0.573
1721762773980,2024-07-23T14:26:13.980,6.7,0.784,-0.101,0.524
1721762774000,2024-07-23T14:26:14.000,6.72,0.765,-0.096,0.554
1721762774020,2024-07-23T14:26:14.020,6.74,0.758,-0.078,0.61
1721762774040,2024-07-23T14:26:14.040,6.76,0.703,-0.057,0.641
1721762774060,2024-07-23T14:26:14.060,6.78,0.646,-0.061,0.689
1721762774080,2024-07-23T14:26:14.080,6.8,0.645,-0.078,0.705
1721762774100,2024-07-23T14:26:14.100,6.82,0.633,-0.099,0.692
1721762774120,2024-07-23T14:26:14.120,6.84,0.634,-0.09,0.683
1721762774140,2024-07-23T14:26:14.140,6.86,0.713,-0.112,0.707
1721762774160,2024-07-23T14:26:14.160,6.88,0.78,-0.136,0.676
1721762774180,2024-07-23T14:26:14.180,6.9,0.773,-0.163,0.6
1721762774200,2024-07-23T14:26:14.200,6.92,0.803,-0.228,0.535
1721762774220,2024-07-23T14:26:14.220,6.94,0.835,-0.276,0.478
1721762774240,2024-07-23T14:26:14.240,6.96,0.848,-0.302,0.454
1721762774260,2024-07-23T14:26:14.260,6.98,0.842,-0.338,0.45
1721762774280,2024-07-23T14:26:14.280,7.0,0.868,-0.368,0.435
1721762774300,2024-07-23T14:26:14.300,7.02,0.829,-0.397,0.411
1721762774320,2024-07-23T14:26:14.320,7.04,0.758,-0.473,0.414
1721762774340,2024-07-23T14:26:14.340,7.06,0.722,-0.544,0.414
1721762774360,2024-07-23T14:26:14.360,7.08,0.983,-0.586,0.391
1721762774380,2024-07-23T14:26:14.380,7.1,1.12,-0.655,0.383
1721762774400,2024-07-23T14:26:14.400,7.12,0.732,-0.543,0.304
1721762774420,2024-07-23T14:26:14.420,7.14,0.717,-0.558,0.204
1721762774440,2024-07-23T14:26:14.440,7.16,0.795,-0.63,0.152
1721762774460,2024-07-23T14:26:14.460,7.18,0.926,-0.668,0.15
1721762774480,2024-07-23T14:26:14.480,7.2,0.841,-0.623,0.218
1721762774500,2024-07-23T14:26:14.500,7.22,0.535,-0.453,0.324
1721762774520,2024-07-23T14:26:14.520,7.24,0.578,-0.482,0.296
1721762774540,2024-07-23T14:26:14.540,7.26,0.664,-0.519,0.26
1721762774560,2024-07-23T14:26:14.560,7.28,0.606,-0.448,0.284
1721762774580,2024-07-23T14:26:14.580,7.3,0.608,-0.476,0.258
1721762774600,2024-07-23T14:26:14.600,7.32,0.642,-0.503,0.202
1721762774620,2024-07-23T14:26:14.620,7.34,0.634,-0.52,0.157
1721762774640,2024-07-23T14:26:14.640,7.36,0.616,-0.555,0.13
1721762774660,2024-07-23T14:26:14.660,7.38,0.665,-0.587,0.13
1721762774680,2024-07-23T14:26:14.680,7.4,0.739,-0.618,0.16
1721762774700,2024-07-23T14:26:14.700,7.42,0.811,-0.635,0.169
1721762774720,2024-07-23T14:26:14.720,7.44,0.826,-0.632,0.139
1721762774740,2024-07-23T14:26:14.740,7.46,0.826,-0.607,0.138
1721762774760,2024-07-23T14:26:14.760,7.48,0.909,-0.59,0.174
1721762774780,2024-07-23T14:26:14.780,7.5,0.93,-0.559,0.251
1721762774800,2024-07-23T14:26:14.800,7.52,0.882,-0.495,0.39
1721762774820,2024-07-23T14:26:14.820,7.54,0.739,-0.448,0.366
1721762774840,2024-07-23T14:26:14.840,7.56,0.696,-0.445,0.219
1721762774860,2024-07-23T14:26:14.860,7.58,0.672,-0.44,0.169
1721762774880,2024-07-23T14:26:14.880,7.6,0.651,-0.439,0.218
1721762774900,2024-07-23T14:26:14.900,7.62,0.705,-0.467,0.242
1721762774920,2024-07-23T14:26:14.920,7.64,0.801,-0.493,0.245
1721762774940,2024-07-23T14:26:14.940,7.66,0.776,-0.513,0.235
1721762774960,2024-07-23T14:26:14.960,7.68,0.733,-0.492,0.251
1721762774980,2024-07-23T14:26:14.980,7.7,0.848,-0.49,0.339
1721762775000,2024-07-23T14:26:15.000,7.72,0.937,-0.46,0.442
1721762775020,2024-07-23T14:26:15.020,7.74,0.845,-0.396,0.417
1721762775040,2024-07-23T14:26:15.040,7.76,0.764,-0.387,0.44
1721762775060,2024-07-23T14:26:15.060,7.78,0.67,-0.351,0.447
1721762775080,2024-07-23T14:26:15.080,7.8,0.698,-0.337,0.497
1721762775100,2024-07-23T14:26:15.100,7.82,0.835,-0.312,0.618
1721762775120,2024-07-23T14:26:15.120,7.84,0.861,-0.264,0.659
1721762775140,2024-07-23T14:26:15.140,7.86,0.855,-0.225,0.646
1721762775160,2024-07-23T14:26:15.160,7.88,0.824,-0.208,0.597
1721762775180,2024-07-23T14:26:15.180,7.9,0.829,-0.109,0.568
1721762775200,2024-07-23T14:26:15.200,7.92,0.965,-0.04,0.725
1721762775220,2024-07-23T14:26:15.220,7.94,1.017,-0.032,0.924
1721762775240,2024-07-23T14:26:15.240,7.96,0.662,0.07,0.771
1721762775260,2024-07-23T14:26:15.260,7.98,0.747,0.148,0.678
1721762775280,2024-07-23T14:26:15.280,8.0,0.853,0.045,0.663
1721762775300,2024-07-23T14:26:15.300,8.02,0.749,-0.006,0.543
1721762775320,2024-07-23T14:26:15.320,8.04,0.852,-0.111,0.474
1721762775340,2024-07-23T14:26:15.340,8.06,0.965,-0.203,0.561
1721762775360,2024-07-23T14:26:15.360,8.08,1.037,-0.256,0.589
1721762775380,2024-07-23T14:26:15.380,8.1,1.038,-0.272,0.632
1721762775400,2024-07-23T14:26:15.400,8.12,0.963,-0.24,0.7
1721762775420,2024-07-23T14:26:15.420,8.14,0.852,-0.117,0.731
1721762775440,2024-07-23T14:26:15.440,8.16,0.713,-0.015,0.745
1721762775460,2024-07-23T14:26:15.460,8.18,0.574,0.042,0.731
1721762775480,2024-07-23T14:26:15.480,8.2,0.519,0.076,0.79
1721762775500,2024-07-23T14:26:15.500,8.22,0.521,0.055,0.818
1721762775520,2024-07-23T14:26:15.520,8.24,0.542,-0.017,0.758
1721762775540,2024-07-23T14:26:15.540,8.26,0.588,-0.096,0.681
1721762775560,2024-07-23T14:26:15.560,8.28,0.629,-0.159,0.626
1721762775580,2024-07-23T14:26:15.580,8.3,0.669,-0.205,0.577
1721762775600,2024-07-23T14:26:15.600,8.32,0.664,-0.224,0.574
1721762775620,2024-07-23T14:26:15.620,8.34,0.692,-0.236,0.598
1721762775640,2024-07-23T14:26:15.640,8.36,0.733,-0.252,0.619
1721762775660,2024-07-23T14:26:15.660,8.38,0.732,-0.305,0.611
1721762775680,2024-07-23T14:26:15.680,8.4,0.633,-0.341,0.573
1721762775700,2024-07-23T14:26:15.700,8.42,0.524,-0.358,0.522
1721762775720,2024-07-23T14:26:15.720,8.44,0.521,-0.367,0.539
1721762775740,2024-07-23T14:26:15.740,8.46,0.534,-0.385,0.576
1721762775760,2024-07-23T14:26:15.760,8.48,0.464,-0.398,0.592
1721762775780,2024-07-23T14:26:15.780,8.5,0.353,-0.389,0.55
1721762775800,2024-07-23T14:26:15.800,8.52,0.247,-0.329,0.529
1721762775820,2024-07-23T14:26:15.820,8.54,0.573,-0.324,0.6
1721762775840,2024-07-23T14:26:15.840,8.56,0.774,-0.378,0.619
1721762775860,2024-07-23T14:26:15.860,8.58,0.621,-0.363,0.501
1721762775880,2024-07-23T14:26:15.880,8.6,0.696,-0.397,0.38
1721762775900,2024-07-23T14:26:15.900,8.62,0.953,-0.52,0.287
1721762775920,2024-07-23T14:26:15.920,8.64,1.157,-0.595,0.211
1721762775940,2024-07-23T14:26:15.940,8.66,1.093,-0.527,0.133
1721762775960,2024-07-23T14:26:15.960,8.68,0.906,-0.436,0.125
1721762775980,2024-07-23T14:26:15.980,8.7,0.829,-0.442,0.177
1721762776000,2024-07-23T14:26:16.000,8.72,0.817,-0.516,0.168
1721762776020,2024-07-23T14:26:16.020,8.74,0.766,-0.57,0.114
1721762776040,2024-07-23T14:26:16.040,8.76,0.764,-0.614,0.091
1721762776060,2024-07-23T14:26:16.060,8.78,0.824,-0.653,0.065
1721762776080,2024-07-23T14:26:16.080,8.8,0.854,-0.665,0.021
1721762776100,2024-07-23T14:26:16.100,8.82,0.873,-0.634,0.013
1721762776120,2024-07-23T14:26:16.120,8.84,0.89,-0.603,0.01
1721762776140,2024-07-23T14:26:16.140,8.86,0.888,-0.572,0.01
1721762776160,2024-07-23T14:26:16.160,8.88,0.903,-0.56,0.023
1721762776180,2024-07-23T14:26:16.180,8.9,0.916,-0.551,0.016
1721762776200,2024-07-23T14:26:16.200,8.92,0.93,-0.527,0.027
1721762776220,2024-07-23T14:26:16.220,8.94,0.947,-0.498,0.084
1721762776240,2024-07-23T14:26:16.240,8.96,0.93,-0.461,0.112
1721762776260,2024-07-23T14:26:16.260,8.98,0.889,-0.463,0.106
1721762776280,2024-07-23T14:26:16.280,9.0,0.879,-0.482,0.1
1721762776300,2024-07-23T14:26:16.300,9.02,0.881,-0.494,0.104
1721762776320,2024-07-23T14:26:16.320,9.04,0.848,-0.479,0.104
1721762776340,2024-07-23T14:26:16.340,9.06,0.833,-0.449,0.09
1721762776360,2024-07-23T14:26:16.360,9.08,0.846,-0.443,0.08
1721762776380,2024-07-23T14:26:16.380,9.1,0.817,-0.44,0.072
1721762776400,2024-07-23T14:26:16.400,9.12,0.812,-0.436,0.091
1721762776420,2024-07-23T14:26:16.420,9.14,0.837,-0.461,0.102
1721762776440,2024-07-23T14:26:16.440,9.16,0.791,-0.49,0.104
1721762776460,2024-07-23T14:26:16.460,9.18,0.728,-0.504,0.116
1721762776480,2024-07-23T14:26:16.480,9.2,0.687,-0.502,0.092
1721762776500,2024-07-23T14:26:16.500,9.22,0.63,-0.448,0.067
1721762776520,2024-07-23T14:26:16.520,9.24,0.736,-0.43,0.086
1721762776540,2024-07-23T14:26:16.540,9.26,1.022,-0.373,0.196
1721762776560,2024-07-23T14:26:16.560,9.28,1.14,-0.326,0.359
1721762776580,2024-07-23T14:26:16.580,9.3,0.993,-0.269,0.443
1721762776600,2024-07-23T14:26:16.600,9.32,0.858,-0.17,0.431
1721762776620,2024-07-23T14:26:16.620,9.34,0.733,-0.124,0.429
1721762776640,2024-07-23T14:26:16.640,9.36,0.739,-0.104,0.498
1721762776660,2024-07-23T14:26:16.660,9.38,0.764,-0.135,0.505
1721762776680,2024-07-23T14:26:16.680,9.4,0.744,-0.138,0.458
1721762776700,2024-07-23T14:26:16.700,9.42,0.811,-0.124,0.432
1721762776720,2024-07-23T14:26:16.720,9.44,0.942,-0.1,0.448
1721762776740,2024-07-23T14:26:16.740,9.46,1.01,-0.088,0.445
1721762776760,2024-07-23T14:26:16.760,9.48,0.986,-0.057,0.431
1721762776780,2024-07-23T14:26:16.780,9.5,0.944,-0.023,0.461
1721762776800,2024-07-23T14:26:16.800,9.52,0.9,-0.02,0.489
1721762776820,2024-07-23T14:26:16.820,9.54,0.903,-0.047,0.511
1721762776840,2024-07-23T14:26:16.840,9.56,1.026,-0.093,0.528
1721762776860,2024-07-23T14:26:16.860,9.58,1.141,-0.113,0.531
1721762776880,2024-07-23T14:26:16.880,9.6,1.184,-0.093,0.599
1721762776900,2024-07-23T14:26:16.900,9.62,0.84,0.062,0.77
1721762776920,2024-07-23T14:26:16.920,9.64,0.84,0.23,0.999
1721762776940,2024-07-23T14:26:16.940,9.66,0.964,0.187,0.898
1721762776960,2024-07-23T14:26:16.960,9.68,0.84,0.135,0.666
1721762776980,2024-07-23T14:26:16.980,9.7,0.759,0.049,0.547
1721762777000,2024-07-23T14:26:17.000,9.72,0.882,-0.041,0.488
1721762777020,2024-07-23T14:26:17.020,9.74,1.022,-0.12,0.414
1721762777040,2024-07-23T14:26:17.040,9.76,1.04,-0.203,0.352
1721762777060,2024-07-23T14:26:17.060,9.78,0.988,-0.274,0.28
1721762777080,2024-07-23T14:26:17.080,9.8,0.941,-0.292,0.284
1721762777100,2024-07-23T14:26:17.100,9.82,0.851,-0.275,0.359
1721762777120,2024-07-23T14:26:17.120,9.84,0.759,-0.25,0.434
1721762777140,2024-07-23T14:26:17.140,9.86,0.728,-0.234,0.513
1721762777160,2024-07-23T14:26:17.160,9.88,0.673,-0.221,0.579
1721762777180,2024-07-23T14:26:17.180,9.9,0.65,-0.219,0.598
1721762777200,2024-07-23T14:26:17.200,9.92,0.641,-0.241,0.586
1721762777220,2024-07-23T14:26:17.220,9.94,0.715,-0.251,0.603
1721762777240,2024-07-23T14:26:17.240,9.96,0.805,-0.269,0.611
1721762777260,2024-07-23T14:26:17.260,9.98,0.78,-0.293,0.551
1721762777280,2024-07-23T14:26:17.280,10.0,0.768,-0.296,0.468
1721762777300,2024-07-23T14:26:17.300,10.02,0.743,-0.318,0.413
1721762777320,2024-07-23T14:26:17.320,10.04,0.711,-0.319,0.377
1721762777340,2024-07-23T14:26:17.340,10.06,0.697,-0.323,0.382
1721762777360,2024-07-23T14:26:17.360,10.08,0.683,-0.337,0.398
1721762777380,2024-07-23T14:26:17.380,10.1,0.711,-0.368,0.426
1721762777400,2024-07-23T14:26:17.400,10.12,0.678,-0.386,0.448
1721762777420,2024-07-23T14:26:17.420,10.14,0.627,-0.397,0.448
1721762777440,2024-07-23T14:26:17.440,10.16,0.653,-0.408,0.461
1721762777460,2024-07-23T14:26:17.460,10.18,0.679,-0.443,0.482
1721762777480,2024-07-23T14:26:17.480,10.2,0.678,-0.525,0.436
1721762777500,2024-07-23T14:26:17.500,10.22,0.803,-0.585,0.363
1721762777520,2024-07-23T14:26:17.520,10.24,0.859,-0.538,0.292
1721762777540,2024-07-23T14:26:17.540,10.26,0.715,-0.48,0.249
1721762777560,2024-07-23T14:26:17.560,10.28,0.635,-0.494,0.243
1721762777580,2024-07-23T14:26:17.580,10.3,0.635,-0.547,0.219
1721762777600,2024-07-23T14:26:17.600,10.32,0.64,-0.59,0.141
1721762777620,2024-07-23T14:26:17.620,10.34,0.644,-0.611,0.096
1721762777640,2024-07-23T14:26:17.640,10.36,0.629,-0.639,0.086
1721762777660,2024-07-23T14:26:17.660,10.38,0.643,-0.667,0.096
1721762777680,2024-07-23T14:26:17.680,10.4,0.66,-0.706,0.124
1721762777700,2024-07-23T14:26:17.700,10.42,0.667,-0.743,0.135
1721762777720,2024-07-23T14:26:17.720,10.44,0.668,-0.75,0.146
1721762777740,2024-07-23T14:26:17.740,10.46,0.678,-0.758,0.207
1721762777760,2024-07-23T14:26:17.760,10.48,0.737,-0.772,0.243
1721762777780,2024-07-23T14:26:17.780,10.5,0.755,-0.773,0.213
1721762777800,2024-07-23T14:26:17.800,10.52,0.743,-0.769,0.168
1721762777820,2024-07-23T14:26:17.820,10.54,0.74,-0.73,0.08
1721762777840,2024-07-23T14:26:17.840,10.56,0.755,-0.718,0.037
1721762777860,2024-07-23T14:26:17.860,10.58,0.75,-0.711,0.078
1721762777880,2024-07-23T14:26:17.880,10.6,0.678,-0.7,0.087
1721762777900,2024-07-23T14:26:17.900,10.62,0.66,-0.727,0.076
1721762777920,2024-07-23T14:26:17.920,10.64,0.742,-0.726,0.101
1721762777940,2024-07-23T14:26:17.940,10.66,0.702,-0.735,0.147
1721762777960,2024-07-23T14:26:17.960,10.68,0.651,-0.76,0.161
1721762777980,2024-07-23T14:26:17.980,10.7,0.689,-0.734,0.191
1721762778000,2024-07-23T14:26:18.000,10.72,0.769,-0.693,0.258
1721762778020,2024-07-23T14:26:18.020,10.74,0.788,-0.658,0.333
1721762778040,2024-07-23T14:26:18.040,10.76,0.75,-0.637,0.377
1721762778060,2024-07-23T14:26:18.060,10.78,0.632,-0.564,0.433
1721762778080,2024-07-23T14:26:18.080,10.8,0.48,-0.563,0.434
1721762778100,2024-07-23T14:26:18.100,10.82,0.398,-0.49,0.483
1721762778120,2024-07-23T14:26:18.120,10.84,0.427,-0.487,0.5
1721762778140,2024-07-23T14:26:18.140,10.86,0.372,-0.44,0.492
1721762778160,2024-07-23T14:26:18.160,10.88,0.421,-0.446,0.494
1721762778180,2024-07-23T14:26:18.180,10.9,0.442,-0.451,0.443
1721762778200,2024-07-23T14:26:18.200,10.92,0.395,-0.434,0.374
1721762778220,2024-07-23T14:26:18.220,10.94,0.339,-0.413,0.337
1721762778240,2024-07-23T14:26:18.240,10.96,0.265,-0.389,0.292
1721762778260,2024-07-23T14:26:18.260,10.98,0.304,-0.343,0.262
1721762778280,2024-07-23T14:26:18.280,11.0,0.432,-0.274,0.273
1721762778300,2024-07-23T14:26:18.300,11.02,0.576,-0.205,0.274
1721762778320,2024-07-23T14:26:18.320,11.04,0.651,-0.138,0.238
1721762778340,2024-07-23T14:26:18.340,11.06,1.016,-0.075,0.335
1721762778360,2024-07-23T14:26:18.360,11.08,1.01,-0.056,0.243
1721762778380,2024-07-23T14:26:18.380,11.1,1.195,-0.044,0.169
1721762778400,2024-07-23T14:26:18.400,11.12,1.502,-0.057,0.184
1721762778420,2024-07-23T14:26:18.420,11.14,1.522,-0.079,0.1
1721762778440,2024-07-23T14:26:18.440,11.16,1.625,-0.002,0.16
1721762778460,2024-07-23T14:26:18.460,11.18,1.446,-0.071,0.366
1721762778480,2024-07-23T14:26:18.480,11.2,1.196,-0.214,0.487
1721762778500,2024-07-23T14:26:18.500,11.22,1.097,-0.233,0.522
1721762778520,2024-07-23T14:26:18.520,11.24,1.073,-0.257,0.502
1721762778540,2024-07-23T14:26:18.540,11.26,1.061,-0.266,0.491
1721762778560,2024-07-23T14:26:18.560,11.28,1.057,-0.255,0.501
1721762778580,2024-07-23T14:26:18.580,11.3,1.038,-0.299,0.488
1721762778600,2024-07-23T14:26:18.600,11.32,1.098,-0.314,0.481
1721762778620,2024-07-23T14:26:18.620,11.34,1.185,-0.285,0.478
1721762778640,2024-07-23T14:26:18.640,11.36,1.098,-0.25,0.469
1721762778660,2024-07-23T14:26:18.660,11.38,0.998,-0.259,0.479
1721762778680,2024-07-23T14:26:18.680,11.4,1.059,-0.288,0.51
1721762778700,2024-07-23T14:26:18.700,11.42,1.226,-0.294,0.504
1721762778720,2024-07-23T14:26:18.720,11.44,1.319,-0.288,0.457
1721762778740,2024-07-23T14:26:18.740,11.46,1.288,-0.268,0.408
1721762778760,2024-07-23T14:26:18.760,11.48,1.128,-0.248,0.416
1721762778780,2024-07-23T14:26:18.780,11.5,1.006,-0.231,0.459
1721762778800,2024-07-23T14:26:18.800,11.52,0.929,-0.202,0.468
1721762778820,2024-07-23T14:26:18.820,11.54,0.875,-0.21,0.432
1721762778840,2024-07-23T14:26:18.840,11.56,0.796,-0.224,0.403
1721762778860,2024-07-23T14:26:18.860,11.58,0.768,-0.244,0.386
1721762778880,2024-07-23T14:26:18.880,11.6,0.799,-0.241,0.387
1721762778900,2024-07-23T14:26:18.900,11.62,0.81,-0.244,0.372
1721762778920,2024-07-23T14:26:18.920,11.64,0.76,-0.234,0.377
1721762778940,2024-07-23T14:26:18.940,11.66,0.751,-0.233,0.42
1721762778960,2024-07-23T14:26:18.960,11.68,0.621,-0.228,0.432
1721762778980,2024-07-23T14:26:18.980,11.7,0.566,-0.224,0.466
1721762779000,2024-07-23T14:26:19.000,11.72,0.487,-0.274,0.495
1721762779020,2024-07-23T14:26:19.020,11.74,0.264,-0.264,0.468
1721762779040,2024-07-23T14:26:19.040,11.76,-0.046,-0.237,0.377
1721762779060,2024-07-23T14:26:19.060,11.78,0.081,-0.3,0.491
1721762779080,2024-07-23T14:26:19.080,11.8,0.423,-0.386,0.682
1721762779100,2024-07-23T14:26:19.100,11.82,0.422,-0.455,0.868
1721762779120,2024-07-23T14:26:19.120,11.84,0.336,-0.519,0.792
1721762779140,2024-07-23T14:26:19.140,11.86,0.28,-0.558,0.65
1721762779160,2024-07-23T14:26:19.160,11.88,0.302,-0.601,0.591
1721762779180,2024-07-23T14:26:19.180,11.9,0.361,-0.623,0.595
1721762779200,2024-07-23T14:26:19.200,11.92,0.375,-0.653,0.638
1721762779220,2024-07-23T14:26:19.220,11.94,0.355,-0.665,0.694
1721762779240,2024-07-23T14:26:19.240,11.96,0.337,-0.646,0.691
1721762779260,2024-07-23T14:26:19.260,11.98,0.409,-0.651,0.681
1721762779280,2024-07-23T14:26:19.280,12.0,0.461,-0.653,0.683
1721762779300,2024-07-23T14:26:19.300,12.02,0.434,-0.629,0.69
1721762779320,2024-07-23T14:26:19.320,12.04,0.451,-0.6,0.726
1721762779340,2024-07-23T14:26:19.340,12.06,0.449,-0.575,0.724
1721762779360,2024-07-23T14:26:19.360,12.08,0.476,-0.584,0.718
1721762779380,2024-07-23T14:26:19.380,12.1,0.5,-0.593,0.687
