1756485236875,2025-08-29T11:33:56.875,0.0,-0.788,0.557,0.411
1756485236895,2025-08-29T11:33:56.895,0.02,-0.831,0.549,0.416
1756485236915,2025-08-29T11:33:56.915,0.04,-0.915,0.541,0.425
1756485236935,2025-08-29T11:33:56.935,0.06,-0.882,0.554,0.443
1756485236955,2025-08-29T11:33:56.955,0.08,-0.844,0.546,0.436
1756485236975,2025-08-29T11:33:56.975,0.1,-0.85,0.543,0.437
1756485236995,2025-08-29T11:33:56.995,0.12,-0.842,0.53,0.462
1756485237015,2025-08-29T11:33:57.015,0.14,-0.87,0.53,0.467
1756485237035,2025-08-29T11:33:57.035,0.16,-0.864,0.522,0.482
1756485237055,2025-08-29T11:33:57.055,0.18,-0.84,0.518,0.479
1756485237075,2025-08-29T11:33:57.075,0.2,-0.827,0.517,0.467
1756485237095,2025-08-29T11:33:57.095,0.22,-0.83,0.494,0.462
1756485237115,2025-08-29T11:33:57.115,0.24,-0.824,0.478,0.475
1756485237135,2025-08-29T11:33:57.135,0.26,-0.826,0.463,0.473
1756485237155,2025-08-29T11:33:57.155,0.28,-0.806,0.467,0.449
1756485237175,2025-08-29T11:33:57.175,0.3,-0.789,0.463,0.444
1756485237195,2025-08-29T11:33:57.195,0.32,-0.809,0.447,0.452
1756485237215,2025-08-29T11:33:57.215,0.34,-0.831,0.445,0.463
1756485237235,2025-08-29T11:33:57.235,0.36,-0.809,0.454,0.468
1756485237255,2025-08-29T11:33:57.255,0.38,-0.792,0.456,0.467
1756485237275,2025-08-29T11:33:57.275,0.4,-0.779,0.452,0.478
1756485237295,2025-08-29T11:33:57.295,0.42,-0.791,0.441,0.486
1756485237315,2025-08-29T11:33:57.315,0.44,-0.791,0.441,0.482
1756485237335,2025-08-29T11:33:57.335,0.46,-0.778,0.438,0.489
1756485237355,2025-08-29T11:33:57.355,0.48,-0.782,0.43,0.491
1756485237375,2025-08-29T11:33:57.375,0.5,-0.767,0.437,0.478
1756485237395,2025-08-29T11:33:57.395,0.52,-0.767,0.425,0.472
1756485237415,2025-08-29T11:33:57.415,0.54,-0.743,0.414,0.468
1756485237435,2025-08-29T11:33:57.435,0.56,-0.685,0.41,0.46
1756485237455,2025-08-29T11:33:57.455,0.58,-0.667,0.388,0.471
1756485237475,2025-08-29T11:33:57.475,0.6,-0.708,0.346,0.484
1756485237495,2025-08-29T11:33:57.495,0.62,-0.669,0.316,0.489
1756485237515,2025-08-29T11:33:57.515,0.64,-0.635,0.276,0.481
1756485237535,2025-08-29T11:33:57.535,0.66,-0.687,0.233,0.522
1756485237555,2025-08-29T11:33:57.555,0.68,-0.767,0.185,0.541
1756485237575,2025-08-29T11:33:57.575,0.7,-0.69,0.18,0.521
1756485237595,2025-08-29T11:33:57.595,0.72,-0.699,0.15,0.494
1756485237615,2025-08-29T11:33:57.615,0.74,-0.779,0.097,0.473
1756485237635,2025-08-29T11:33:57.635,0.76,-0.722,0.058,0.437
1756485237655,2025-08-29T11:33:57.655,0.78,-0.693,-0.001,0.449
1756485237675,2025-08-29T11:33:57.675,0.8,-0.843,-0.076,0.482
1756485237695,2025-08-29T11:33:57.695,0.82,-0.84,-0.108,0.495
1756485237715,2025-08-29T11:33:57.715,0.84,-0.834,-0.143,0.451
1756485237735,2025-08-29T11:33:57.735,0.86,-0.86,-0.227,0.42
1756485237755,2025-08-29T11:33:57.755,0.88,-0.903,-0.244,0.456
1756485237775,2025-08-29T11:33:57.775,0.9,-0.786,-0.259,0.479
1756485237795,2025-08-29T11:33:57.795,0.92,-0.923,-0.34,0.508
1756485237815,2025-08-29T11:33:57.815,0.94,-1.178,-0.42,0.483
1756485237835,2025-08-29T11:33:57.835,0.96,-1.118,-0.479,0.407
1756485237855,2025-08-29T11:33:57.855,0.98,-1.119,-0.556,0.413
1756485237875,2025-08-29T11:33:57.875,1.0,-1.145,-0.568,0.462
1756485237895,2025-08-29T11:33:57.895,1.02,-1.176,-0.567,0.512
1756485237915,2025-08-29T11:33:57.915,1.04,-1.139,-0.574,0.518
1756485237935,2025-08-29T11:33:57.935,1.06,-1.09,-0.565,0.507
1756485237955,2025-08-29T11:33:57.955,1.08,-1.111,-0.526,0.505
1756485237975,2025-08-29T11:33:57.975,1.1,-1.127,-0.483,0.504
1756485237995,2025-08-29T11:33:57.995,1.12,-1.088,-0.435,0.49
1756485238015,2025-08-29T11:33:58.015,1.14,-1.009,-0.42,0.486
1756485238035,2025-08-29T11:33:58.035,1.16,-0.96,-0.411,0.483
1756485238055,2025-08-29T11:33:58.055,1.18,-0.908,-0.415,0.471
1756485238075,2025-08-29T11:33:58.075,1.2,-0.87,-0.442,0.463
1756485238095,2025-08-29T11:33:58.095,1.22,-0.825,-0.473,0.46
1756485238115,2025-08-29T11:33:58.115,1.24,-0.78,-0.497,0.442
1756485238135,2025-08-29T11:33:58.135,1.26,-0.758,-0.506,0.428
1756485238155,2025-08-29T11:33:58.155,1.28,-0.739,-0.508,0.422
1756485238175,2025-08-29T11:33:58.175,1.3,-0.764,-0.532,0.416
1756485238195,2025-08-29T11:33:58.195,1.32,-0.741,-0.543,0.408
1756485238215,2025-08-29T11:33:58.215,1.34,-0.711,-0.54,0.405
1756485238235,2025-08-29T11:33:58.235,1.36,-0.701,-0.535,0.402
1756485238255,2025-08-29T11:33:58.255,1.38,-0.701,-0.533,0.397
1756485238275,2025-08-29T11:33:58.275,1.4,-0.728,-0.53,0.392
1756485238295,2025-08-29T11:33:58.295,1.42,-0.727,-0.528,0.386
1756485238315,2025-08-29T11:33:58.315,1.44,-0.716,-0.526,0.377
1756485238335,2025-08-29T11:33:58.335,1.46,-0.698,-0.522,0.373
1756485238355,2025-08-29T11:33:58.355,1.48,-0.685,-0.528,0.372
1756485238375,2025-08-29T11:33:58.375,1.5,-0.69,-0.536,0.373
1756485238395,2025-08-29T11:33:58.395,1.52,-0.696,-0.546,0.373
1756485238415,2025-08-29T11:33:58.415,1.54,-0.707,-0.573,0.368
1756485238435,2025-08-29T11:33:58.435,1.56,-0.706,-0.594,0.359
1756485238455,2025-08-29T11:33:58.455,1.58,-0.68,-0.604,0.353
1756485238475,2025-08-29T11:33:58.475,1.6,-0.678,-0.614,0.357
1756485238495,2025-08-29T11:33:58.495,1.62,-0.688,-0.638,0.361
1756485238515,2025-08-29T11:33:58.515,1.64,-0.702,-0.67,0.365
1756485238535,2025-08-29T11:33:58.535,1.66,-0.737,-0.691,0.361
1756485238555,2025-08-29T11:33:58.555,1.68,-0.703,-0.7,0.35
1756485238575,2025-08-29T11:33:58.575,1.7,-0.688,-0.711,0.346
1756485238595,2025-08-29T11:33:58.595,1.72,-0.686,-0.72,0.349
1756485238615,2025-08-29T11:33:58.615,1.74,-0.676,-0.732,0.352
1756485238635,2025-08-29T11:33:58.635,1.76,-0.67,-0.738,0.351
1756485238655,2025-08-29T11:33:58.655,1.78,-0.663,-0.74,0.339
1756485238675,2025-08-29T11:33:58.675,1.8,-0.652,-0.754,0.331
1756485238695,2025-08-29T11:33:58.695,1.82,-0.656,-0.774,0.339
1756485238715,2025-08-29T11:33:58.715,1.84,-0.665,-0.787,0.337
1756485238735,2025-08-29T11:33:58.735,1.86,-0.666,-0.805,0.319
1756485238755,2025-08-29T11:33:58.755,1.88,-0.654,-0.821,0.315
1756485238775,2025-08-29T11:33:58.775,1.9,-0.635,-0.826,0.321
1756485238795,2025-08-29T11:33:58.795,1.92,-0.616,-0.827,0.327
1756485238815,2025-08-29T11:33:58.815,1.94,-0.598,-0.827,0.327
1756485238835,2025-08-29T11:33:58.835,1.96,-0.583,-0.828,0.329
1756485238855,2025-08-29T11:33:58.855,1.98,-0.571,-0.834,0.328
1756485238875,2025-08-29T11:33:58.875,2.0,-0.564,-0.837,0.328
1756485238895,2025-08-29T11:33:58.895,2.02,-0.561,-0.837,0.328
1756485238915,2025-08-29T11:33:58.915,2.04,-0.559,-0.839,0.331
1756485238935,2025-08-29T11:33:58.935,2.06,-0.552,-0.832,0.33
1756485238955,2025-08-29T11:33:58.955,2.08,-0.545,-0.828,0.321
1756485238975,2025-08-29T11:33:58.975,2.1,-0.548,-0.831,0.32
1756485238995,2025-08-29T11:33:58.995,2.12,-0.55,-0.829,0.319
1756485239015,2025-08-29T11:33:59.015,2.14,-0.546,-0.829,0.316
1756485239035,2025-08-29T11:33:59.035,2.16,-0.538,-0.826,0.314
1756485239055,2025-08-29T11:33:59.055,2.18,-0.53,-0.824,0.312
1756485239075,2025-08-29T11:33:59.075,2.2,-0.529,-0.828,0.308
1756485239095,2025-08-29T11:33:59.095,2.22,-0.527,-0.829,0.304
1756485239115,2025-08-29T11:33:59.115,2.24,-0.526,-0.828,0.303
1756485239135,2025-08-29T11:33:59.135,2.26,-0.518,-0.829,0.303
1756485239155,2025-08-29T11:33:59.155,2.28,-0.51,-0.832,0.301
1756485239175,2025-08-29T11:33:59.175,2.3,-0.5,-0.832,0.298
1756485239195,2025-08-29T11:33:59.195,2.32,-0.498,-0.831,0.295
1756485239215,2025-08-29T11:33:59.215,2.34,-0.5,-0.83,0.292
1756485239235,2025-08-29T11:33:59.235,2.36,-0.5,-0.828,0.295
1756485239255,2025-08-29T11:33:59.255,2.38,-0.501,-0.826,0.298
1756485239275,2025-08-29T11:33:59.275,2.4,-0.498,-0.824,0.3
1756485239295,2025-08-29T11:33:59.295,2.42,-0.496,-0.823,0.301
1756485239315,2025-08-29T11:33:59.315,2.44,-0.492,-0.827,0.309
1756485239335,2025-08-29T11:33:59.335,2.46,-0.486,-0.829,0.308
1756485239355,2025-08-29T11:33:59.355,2.48,-0.487,-0.833,0.306
1756485239375,2025-08-29T11:33:59.375,2.5,-0.491,-0.844,0.31
1756485239395,2025-08-29T11:33:59.395,2.52,-0.498,-0.839,0.318
1756485239415,2025-08-29T11:33:59.415,2.54,-0.5,-0.836,0.317
1756485239435,2025-08-29T11:33:59.435,2.56,-0.498,-0.839,0.315
1756485239455,2025-08-29T11:33:59.455,2.58,-0.498,-0.838,0.318
1756485239475,2025-08-29T11:33:59.475,2.6,-0.504,-0.841,0.321
1756485239495,2025-08-29T11:33:59.495,2.62,-0.504,-0.845,0.322
1756485239515,2025-08-29T11:33:59.515,2.64,-0.505,-0.846,0.324
1756485239535,2025-08-29T11:33:59.535,2.66,-0.508,-0.846,0.32
1756485239555,2025-08-29T11:33:59.555,2.68,-0.508,-0.838,0.315
1756485239575,2025-08-29T11:33:59.575,2.7,-0.514,-0.832,0.312
1756485239595,2025-08-29T11:33:59.595,2.72,-0.52,-0.839,0.31
1756485239615,2025-08-29T11:33:59.615,2.74,-0.516,-0.843,0.311
1756485239635,2025-08-29T11:33:59.635,2.76,-0.513,-0.839,0.311
1756485239655,2025-08-29T11:33:59.655,2.78,-0.512,-0.831,0.306
1756485239675,2025-08-29T11:33:59.675,2.8,-0.516,-0.832,0.302
1756485239695,2025-08-29T11:33:59.695,2.82,-0.522,-0.84,0.302
1756485239715,2025-08-29T11:33:59.715,2.84,-0.518,-0.844,0.304
1756485239735,2025-08-29T11:33:59.735,2.86,-0.516,-0.838,0.301
1756485239755,2025-08-29T11:33:59.755,2.88,-0.518,-0.833,0.299
1756485239775,2025-08-29T11:33:59.775,2.9,-0.521,-0.833,0.298
1756485239795,2025-08-29T11:33:59.795,2.92,-0.525,-0.835,0.3
1756485239815,2025-08-29T11:33:59.815,2.94,-0.527,-0.834,0.302
1756485239835,2025-08-29T11:33:59.835,2.96,-0.526,-0.83,0.307
1756485239855,2025-08-29T11:33:59.855,2.98,-0.519,-0.826,0.312
1756485239875,2025-08-29T11:33:59.875,3.0,-0.514,-0.829,0.311
1756485239895,2025-08-29T11:33:59.895,3.02,-0.52,-0.826,0.313
1756485239915,2025-08-29T11:33:59.915,3.04,-0.524,-0.821,0.32
1756485239935,2025-08-29T11:33:59.935,3.06,-0.522,-0.82,0.324
1756485239955,2025-08-29T11:33:59.955,3.08,-0.523,-0.817,0.325
1756485239975,2025-08-29T11:33:59.975,3.1,-0.524,-0.815,0.328
1756485239995,2025-08-29T11:33:59.995,3.12,-0.519,-0.805,0.346
1756485240015,2025-08-29T11:34:00.015,3.14,-0.499,-0.764,0.357
1756485240035,2025-08-29T11:34:00.035,3.16,-0.519,-0.768,0.352
1756485240055,2025-08-29T11:34:00.055,3.18,-0.561,-0.812,0.365
1756485240075,2025-08-29T11:34:00.075,3.2,-0.586,-0.834,0.389
1756485240095,2025-08-29T11:34:00.095,3.22,-0.586,-0.789,0.403
1756485240115,2025-08-29T11:34:00.115,3.24,-0.605,-0.699,0.414
1756485240135,2025-08-29T11:34:00.135,3.26,-0.708,-0.715,0.447
1756485240155,2025-08-29T11:34:00.155,3.28,-0.796,-0.734,0.49
1756485240175,2025-08-29T11:34:00.175,3.3,-0.815,-0.731,0.464
1756485240195,2025-08-29T11:34:00.195,3.32,-0.722,-0.736,0.399
1756485240215,2025-08-29T11:34:00.215,3.34,-0.612,-0.746,0.367
1756485240235,2025-08-29T11:34:00.235,3.36,-0.556,-0.779,0.368
1756485240255,2025-08-29T11:34:00.255,3.38,-0.556,-0.812,0.383
1756485240275,2025-08-29T11:34:00.275,3.4,-0.561,-0.804,0.378
1756485240295,2025-08-29T11:34:00.295,3.42,-0.528,-0.778,0.359
1756485240315,2025-08-29T11:34:00.315,3.44,-0.522,-0.761,0.34
1756485240335,2025-08-29T11:34:00.335,3.46,-0.53,-0.75,0.323
1756485240355,2025-08-29T11:34:00.355,3.48,-0.531,-0.738,0.31
1756485240375,2025-08-29T11:34:00.375,3.5,-0.535,-0.716,0.303
1756485240395,2025-08-29T11:34:00.395,3.52,-0.535,-0.687,0.303
1756485240415,2025-08-29T11:34:00.415,3.54,-0.535,-0.683,0.308
1756485240435,2025-08-29T11:34:00.435,3.56,-0.549,-0.713,0.325
1756485240455,2025-08-29T11:34:00.455,3.58,-0.547,-0.73,0.341
1756485240475,2025-08-29T11:34:00.475,3.6,-0.548,-0.737,0.352
1756485240495,2025-08-29T11:34:00.495,3.62,-0.553,-0.728,0.361
1756485240515,2025-08-29T11:34:00.515,3.64,-0.55,-0.706,0.373
1756485240535,2025-08-29T11:34:00.535,3.66,-0.561,-0.704,0.393
1756485240555,2025-08-29T11:34:00.555,3.68,-0.579,-0.708,0.411
1756485240575,2025-08-29T11:34:00.575,3.7,-0.578,-0.718,0.418
1756485240595,2025-08-29T11:34:00.595,3.72,-0.587,-0.736,0.432
1756485240615,2025-08-29T11:34:00.615,3.74,-0.583,-0.734,0.441
1756485240635,2025-08-29T11:34:00.635,3.76,-0.585,-0.728,0.442
1756485240655,2025-08-29T11:34:00.655,3.78,-0.59,-0.725,0.445
1756485240675,2025-08-29T11:34:00.675,3.8,-0.586,-0.727,0.441
1756485240695,2025-08-29T11:34:00.695,3.82,-0.583,-0.736,0.441
1756485240715,2025-08-29T11:34:00.715,3.84,-0.575,-0.736,0.442
1756485240735,2025-08-29T11:34:00.735,3.86,-0.572,-0.723,0.445
1756485240755,2025-08-29T11:34:00.755,3.88,-0.566,-0.719,0.439
1756485240775,2025-08-29T11:34:00.775,3.9,-0.555,-0.716,0.43
1756485240795,2025-08-29T11:34:00.795,3.92,-0.544,-0.715,0.423
1756485240815,2025-08-29T11:34:00.815,3.94,-0.538,-0.716,0.414
1756485240835,2025-08-29T11:34:00.835,3.96,-0.527,-0.702,0.411
1756485240855,2025-08-29T11:34:00.855,3.98,-0.517,-0.686,0.411
1756485240875,2025-08-29T11:34:00.875,4.0,-0.502,-0.681,0.406
1756485240895,2025-08-29T11:34:00.895,4.02,-0.493,-0.678,0.405
1756485240915,2025-08-29T11:34:00.915,4.04,-0.477,-0.66,0.406
1756485240935,2025-08-29T11:34:00.935,4.06,-0.466,-0.654,0.399
1756485240955,2025-08-29T11:34:00.955,4.08,-0.461,-0.64,0.384
1756485240975,2025-08-29T11:34:00.975,4.1,-0.462,-0.642,0.365
1756485240995,2025-08-29T11:34:00.995,4.12,-0.449,-0.634,0.359
1756485241015,2025-08-29T11:34:01.015,4.14,-0.403,-0.602,0.368
1756485241035,2025-08-29T11:34:01.035,4.16,-0.369,-0.539,0.352
1756485241055,2025-08-29T11:34:01.055,4.18,-0.358,-0.481,0.302
1756485241075,2025-08-29T11:34:01.075,4.2,-0.363,-0.464,0.261
1756485241095,2025-08-29T11:34:01.095,4.22,-0.329,-0.453,0.258
1756485241115,2025-08-29T11:34:01.115,4.24,-0.272,-0.412,0.244
1756485241135,2025-08-29T11:34:01.135,4.26,-0.221,-0.371,0.227
1756485241155,2025-08-29T11:34:01.155,4.28,-0.222,-0.319,0.189
1756485241175,2025-08-29T11:34:01.175,4.3,-0.289,-0.3,0.093
1756485241195,2025-08-29T11:34:01.195,4.32,-0.302,-0.364,0.043
1756485241215,2025-08-29T11:34:01.215,4.34,-0.099,-0.367,0.042
1756485241235,2025-08-29T11:34:01.235,4.36,0.034,-0.224,-0.026
1756485241255,2025-08-29T11:34:01.255,4.38,0.031,-0.011,-0.094
1756485241275,2025-08-29T11:34:01.275,4.4,-0.045,0.127,-0.178
1756485241295,2025-08-29T11:34:01.295,4.42,-0.077,0.206,-0.361
1756485241315,2025-08-29T11:34:01.315,4.44,0.151,0.323,-0.312
1756485241335,2025-08-29T11:34:01.335,4.46,0.502,0.37,-0.242
1756485241355,2025-08-29T11:34:01.355,4.48,-0.651,1.127,0.614
1756485241375,2025-08-29T11:34:01.375,4.5,-2.0,0.847,1.937
1756485241395,2025-08-29T11:34:01.395,4.52,-1.589,0.758,1.929
1756485241415,2025-08-29T11:34:01.415,4.54,-0.448,0.463,-0.581
1756485241435,2025-08-29T11:34:01.435,4.56,-1.534,-0.598,0.196
1756485241455,2025-08-29T11:34:01.455,4.58,1.385,1.957,1.159
1756485241475,2025-08-29T11:34:01.475,4.6,0.858,2.0,2.0
1756485241495,2025-08-29T11:34:01.495,4.62,-0.695,-0.099,1.254
1756485241515,2025-08-29T11:34:01.515,4.64,0.074,-2.0,0.54
1756485241535,2025-08-29T11:34:01.535,4.66,-1.929,0.164,-0.546
1756485241555,2025-08-29T11:34:01.555,4.68,0.193,1.547,-0.041
1756485241575,2025-08-29T11:34:01.575,4.7,1.756,0.032,0.643
1756485241595,2025-08-29T11:34:01.595,4.72,0.461,-0.464,-0.19
1756485241615,2025-08-29T11:34:01.615,4.74,-1.162,0.254,-0.933
1756485241635,2025-08-29T11:34:01.635,4.76,-1.928,0.635,-0.503
1756485241655,2025-08-29T11:34:01.655,4.78,-0.808,0.494,-0.087
1756485241675,2025-08-29T11:34:01.675,4.8,-0.211,0.312,-0.053
1756485241695,2025-08-29T11:34:01.695,4.82,-0.623,0.232,-0.182
1756485241715,2025-08-29T11:34:01.715,4.84,-0.63,0.161,-0.134
1756485241735,2025-08-29T11:34:01.735,4.86,-0.47,0.078,-0.021
1756485241755,2025-08-29T11:34:01.755,4.88,-0.385,0.078,0.095
1756485241775,2025-08-29T11:34:01.775,4.9,-0.401,-0.008,0.071
1756485241795,2025-08-29T11:34:01.795,4.92,-0.326,-0.056,0.003
1756485241815,2025-08-29T11:34:01.815,4.94,-0.345,-0.044,0.155
1756485241835,2025-08-29T11:34:01.835,4.96,-0.387,-0.054,0.229
1756485241855,2025-08-29T11:34:01.855,4.98,-0.166,0.395,0.293
1756485241875,2025-08-29T11:34:01.875,5.0,-0.501,1.109,0.311
1756485241895,2025-08-29T11:34:01.895,5.02,-1.354,1.527,0.215
1756485241915,2025-08-29T11:34:01.915,5.04,-2.0,1.226,0.146
1756485241935,2025-08-29T11:34:01.935,5.06,0.063,0.708,0.66
1756485241955,2025-08-29T11:34:01.955,5.08,-1.323,0.162,-0.185
1756485241975,2025-08-29T11:34:01.975,5.1,-2.0,0.136,-0.289
1756485241995,2025-08-29T11:34:01.995,5.12,-1.711,0.341,-0.192
1756485242015,2025-08-29T11:34:02.015,5.14,-0.487,0.623,-0.241
1756485242035,2025-08-29T11:34:02.035,5.16,-0.163,0.581,0.207
1756485242055,2025-08-29T11:34:02.055,5.18,-0.066,0.321,0.172
1756485242075,2025-08-29T11:34:02.075,5.2,-1.081,0.329,-0.127
1756485242095,2025-08-29T11:34:02.095,5.22,-0.842,-0.097,0.153
1756485242115,2025-08-29T11:34:02.115,5.24,-0.703,-0.482,0.072
1756485242135,2025-08-29T11:34:02.135,5.26,-1.097,0.208,-0.373
1756485242155,2025-08-29T11:34:02.155,5.28,-0.902,-0.239,-0.263
1756485242175,2025-08-29T11:34:02.175,5.3,-0.864,-0.451,-0.099
1756485242195,2025-08-29T11:34:02.195,5.32,-1.046,-0.484,-0.098
1756485242215,2025-08-29T11:34:02.215,5.34,-0.98,-0.277,-0.196
1756485242235,2025-08-29T11:34:02.235,5.36,-0.923,-0.073,-0.158
1756485242255,2025-08-29T11:34:02.255,5.38,-1.054,-0.06,0.014
1756485242275,2025-08-29T11:34:02.275,5.4,-1.287,-0.192,-0.144
1756485242295,2025-08-29T11:34:02.295,5.42,-1.335,-0.446,-0.228
1756485242315,2025-08-29T11:34:02.315,5.44,-1.378,-0.427,-0.213
1756485242335,2025-08-29T11:34:02.335,5.46,-1.027,-0.297,-0.055
1756485242355,2025-08-29T11:34:02.355,5.48,-1.224,-0.242,0.08
1756485242375,2025-08-29T11:34:02.375,5.5,-1.404,-0.272,-0.046
1756485242395,2025-08-29T11:34:02.395,5.52,-1.286,-0.086,-0.165
1756485242415,2025-08-29T11:34:02.415,5.54,-1.153,0.088,-0.078
1756485242435,2025-08-29T11:34:02.435,5.56,-0.269,-0.005,0.149
1756485242455,2025-08-29T11:34:02.455,5.58,-0.464,0.101,0.185
1756485242475,2025-08-29T11:34:02.475,5.6,-0.941,0.351,0.015
1756485242495,2025-08-29T11:34:02.495,5.62,-1.029,0.4,-0.22
1756485242515,2025-08-29T11:34:02.515,5.64,-1.074,0.277,-0.345
1756485242535,2025-08-29T11:34:02.535,5.66,-1.01,0.253,-0.368
1756485242555,2025-08-29T11:34:02.555,5.68,-0.973,0.282,-0.334
1756485242575,2025-08-29T11:34:02.575,5.7,-1.123,0.253,-0.408
1756485242595,2025-08-29T11:34:02.595,5.72,-1.142,0.287,-0.394
1756485242615,2025-08-29T11:34:02.615,5.74,-1.034,0.321,-0.224
1756485242635,2025-08-29T11:34:02.635,5.76,-1.012,0.311,-0.15
1756485242655,2025-08-29T11:34:02.655,5.78,-0.943,0.317,-0.062
1756485242675,2025-08-29T11:34:02.675,5.8,-0.85,0.293,-0.014
1756485242695,2025-08-29T11:34:02.695,5.82,-0.918,0.26,-0.028
1756485242715,2025-08-29T11:34:02.715,5.84,-0.939,0.228,-0.049
1756485242735,2025-08-29T11:34:02.735,5.86,-0.932,0.148,-0.068
1756485242755,2025-08-29T11:34:02.755,5.88,-0.957,0.062,-0.125
1756485242775,2025-08-29T11:34:02.775,5.9,-0.981,0.004,-0.22
1756485242795,2025-08-29T11:34:02.795,5.92,-1.065,-0.032,-0.341
1756485242815,2025-08-29T11:34:02.815,5.94,-1.115,-0.036,-0.34
1756485242835,2025-08-29T11:34:02.835,5.96,-1.131,-0.051,-0.252
1756485242855,2025-08-29T11:34:02.855,5.98,-1.143,-0.077,-0.199
1756485242875,2025-08-29T11:34:02.875,6.0,-1.082,-0.066,-0.148
1756485242895,2025-08-29T11:34:02.895,6.02,-1.0,-0.066,-0.056
1756485242915,2025-08-29T11:34:02.915,6.04,-0.979,-0.044,-0.031
1756485242935,2025-08-29T11:34:02.935,6.06,-1.013,-0.016,-0.051
1756485242955,2025-08-29T11:34:02.955,6.08,-1.061,0.003,-0.108
1756485242975,2025-08-29T11:34:02.975,6.1,-1.073,0.028,-0.152
1756485242995,2025-08-29T11:34:02.995,6.12,-1.051,0.056,-0.164
1756485243015,2025-08-29T11:34:03.015,6.14,-1.015,0.091,-0.151
1756485243035,2025-08-29T11:34:03.035,6.16,-1.002,0.12,-0.154
1756485243055,2025-08-29T11:34:03.055,6.18,-1.015,0.135,-0.174
1756485243075,2025-08-29T11:34:03.075,6.2,-1.005,0.155,-0.172
1756485243095,2025-08-29T11:34:03.095,6.22,-1.007,0.174,-0.179
1756485243115,2025-08-29T11:34:03.115,6.24,-1.009,0.196,-0.185
1756485243135,2025-08-29T11:34:03.135,6.26,-1.015,0.217,-0.201
1756485243155,2025-08-29T11:34:03.155,6.28,-1.008,0.227,-0.195
1756485243175,2025-08-29T11:34:03.175,6.3,-0.994,0.216,-0.157
1756485243195,2025-08-29T11:34:03.195,6.32,-0.996,0.201,-0.136
1756485243215,2025-08-29T11:34:03.215,6.34,-1.001,0.191,-0.115
1756485243235,2025-08-29T11:34:03.235,6.36,-1.013,0.17,-0.11
1756485243255,2025-08-29T11:34:03.255,6.38,-1.029,0.15,-0.113
1756485243275,2025-08-29T11:34:03.275,6.4,-1.034,0.124,-0.115
1756485243295,2025-08-29T11:34:03.295,6.42,-1.038,0.1,-0.116
1756485243315,2025-08-29T11:34:03.315,6.44,-1.029,0.079,-0.106
1756485243335,2025-08-29T11:34:03.335,6.46,-1.026,0.069,-0.116
1756485243355,2025-08-29T11:34:03.355,6.48,-1.029,0.071,-0.137
1756485243375,2025-08-29T11:34:03.375,6.5,-1.049,0.065,-0.162
1756485243395,2025-08-29T11:34:03.395,6.52,-1.068,0.047,-0.169
1756485243415,2025-08-29T11:34:03.415,6.54,-1.061,0.055,-0.156
1756485243435,2025-08-29T11:34:03.435,6.56,-1.097,0.063,-0.095
1756485243455,2025-08-29T11:34:03.455,6.58,-1.311,0.111,-0.109
1756485243475,2025-08-29T11:34:03.475,6.6,-1.616,0.154,-0.134
1756485243495,2025-08-29T11:34:03.495,6.62,-1.53,0.128,-0.073
1756485243515,2025-08-29T11:34:03.515,6.64,-0.999,0.064,0.049
1756485243535,2025-08-29T11:34:03.535,6.66,-1.365,0.144,-0.04
1756485243555,2025-08-29T11:34:03.555,6.68,-1.493,0.172,-0.159
1756485243575,2025-08-29T11:34:03.575,6.7,-1.587,0.194,-0.286
1756485243595,2025-08-29T11:34:03.595,6.72,-1.686,0.264,-0.344
1756485243615,2025-08-29T11:34:03.615,6.74,-1.72,0.28,-0.389
1756485243635,2025-08-29T11:34:03.635,6.76,-1.693,0.325,-0.417
1756485243655,2025-08-29T11:34:03.655,6.78,-1.663,0.319,-0.402
1756485243675,2025-08-29T11:34:03.675,6.8,-1.535,0.194,-0.334
1756485243695,2025-08-29T11:34:03.695,6.82,-1.373,0.108,-0.253
1756485243715,2025-08-29T11:34:03.715,6.84,-1.081,0.096,-0.103
1756485243735,2025-08-29T11:34:03.735,6.86,-0.815,0.057,0.02
1756485243755,2025-08-29T11:34:03.755,6.88,-0.523,0.057,0.129
1756485243775,2025-08-29T11:34:03.775,6.9,-0.256,0.146,0.185
1756485243795,2025-08-29T11:34:03.795,6.92,-0.08,0.181,0.221
1756485243815,2025-08-29T11:34:03.815,6.94,0.287,0.211,0.22
1756485243835,2025-08-29T11:34:03.835,6.96,0.708,0.262,0.288
1756485243855,2025-08-29T11:34:03.855,6.98,0.852,0.334,0.313
